{"type": "FeatureCollection", "features": [{"type": "Feature", "properties": {"shapeName": "Una", "shapeISO": "", "shapeID": "76128533B75262864015847", "shapeGroup": "IND", "shapeType": "ADM2", "district": "Una"}, "geometry": {"type": "Polygon", "coordinates": [[[76.29208, 31.30711], [76.31084, 31.31637], [76.31702, 31.32351], [76.31076, 31.33941], [76.33061, 31.34465], [76.33264, 31.34937], [76.33926, 31.34425], [76.34485, 31.34242], [76.35148, 31.35013], [76.34614, 31.35623], [76.34399, 31.36537], [76.34436, 31.37669], [76.33311, 31.37828], [76.33366, 31.38537], [76.33075, 31.39959], [76.34443, 31.39832], [76.34954, 31.40092], [76.36182, 31.40288], [76.36808, 31.40962], [76.37413, 31.41278], [76.37188, 31.427], [76.37816, 31.43852], [76.38416, 31.42528], [76.39025, 31.41929], [76.388, 31.41077], [76.3966, 31.40773], [76.39656, 31.42148], [76.3996, 31.42666], [76.41807, 31.41226], [76.43578, 31.41117], [76.46053, 31.42203], [76.47267, 31.4241], [76.47445, 31.43043], [76.48845, 31.43983], [76.48367, 31.44642], [76.48167, 31.44593], [76.47507, 31.44846], [76.4672, 31.44846], [76.47126, 31.45836], [76.45357, 31.48285], [76.45975, 31.48572], [76.44598, 31.50312], [76.43987, 31.51398], [76.43651, 31.52184], [76.4386, 31.52443], [76.43767, 31.52708], [76.4402, 31.53646], [76.43338, 31.54528], [76.40885, 31.58997], [76.40085, 31.61018], [76.3946, 31.61462], [76.39516, 31.61981], [76.38154, 31.63174], [76.36844, 31.64025], [76.35785, 31.65182], [76.35305, 31.66419], [76.34526, 31.67502], [76.33653, 31.68251], [76.33297, 31.69014], [76.32382, 31.70213], [76.3231, 31.7066], [76.31468, 31.72139], [76.29549, 31.69089], [76.29044, 31.68628], [76.27196, 31.70539], [76.25208, 31.7179], [76.24959, 31.72199], [76.23061, 31.73752], [76.23045, 31.73922], [76.22474, 31.74232], [76.21079, 31.76292], [76.20247, 31.77239], [76.19549, 31.77182], [76.19038, 31.76774], [76.18349, 31.76967], [76.18545, 31.77624], [76.18108, 31.7837], [76.16687, 31.79325], [76.16081, 31.79582], [76.13272, 31.79982], [76.11576, 31.80514], [76.10277, 31.81871], [76.0912, 31.82329], [76.08585, 31.83095], [76.08499, 31.83576], [76.07359, 31.83873], [76.04835, 31.8612], [76.03897, 31.86358], [76.00945, 31.86275], [76.00087, 31.85066], [75.99059, 31.84928], [75.98014, 31.8489], [75.95982, 31.85588], [75.96912, 31.83827], [75.97129, 31.83068], [75.98316, 31.82179], [75.98645, 31.81747], [75.98699, 31.81282], [75.98247, 31.81314], [75.97582, 31.81676], [75.96795, 31.82365], [75.96596, 31.82178], [75.95156, 31.81659], [75.94873, 31.81337], [75.9373, 31.81554], [75.94268, 31.80348], [75.94845, 31.79542], [75.95189, 31.78264], [75.96048, 31.77956], [75.96729, 31.76125], [75.97489, 31.74774], [75.9751, 31.74251], [75.97289, 31.73869], [75.98137, 31.73163], [75.98468, 31.71783], [75.99266, 31.70312], [75.99107, 31.69344], [76.00087, 31.68347], [76.00593, 31.68282], [76.00625, 31.68382], [76.00743, 31.68259], [76.01267, 31.67405], [76.01261, 31.66807], [76.02111, 31.66118], [76.01914, 31.65492], [76.02146, 31.64944], [76.01832, 31.64393], [76.03275, 31.61962], [76.03833, 31.6134], [76.05184, 31.60471], [76.05513, 31.60637], [76.05918, 31.60092], [76.05827, 31.58984], [76.07241, 31.57092], [76.0751, 31.56986], [76.07445, 31.56787], [76.07996, 31.5596], [76.09904, 31.53492], [76.10398, 31.52536], [76.10562, 31.5167], [76.11909, 31.49998], [76.12312, 31.49276], [76.12288, 31.47985], [76.12964, 31.47115], [76.13044, 31.46305], [76.13618, 31.45857], [76.1375, 31.45131], [76.14311, 31.44132], [76.15834, 31.42982], [76.16197, 31.42312], [76.16191, 31.41635], [76.16835, 31.41149], [76.17157, 31.40198], [76.16783, 31.39473], [76.14886, 31.38014], [76.14992, 31.35923], [76.15432, 31.35057], [76.16244, 31.34559], [76.17278, 31.34436], [76.18102, 31.33883], [76.18077, 31.32356], [76.18311, 31.31149], [76.18748, 31.30409], [76.20034, 31.30199], [76.22101, 31.30254], [76.22963, 31.30492], [76.23787, 31.31034], [76.27031, 31.31217], [76.27587, 31.30303], [76.28311, 31.30379], [76.29208, 31.30711]]]}}, {"type": "Feature", "properties": {"shapeName": "Solan", "shapeISO": "", "shapeID": "76128533B58569599021232", "shapeGroup": "IND", "shapeType": "ADM2", "district": "Solan"}, "geometry": {"type": "Polygon", "coordinates": [[[77.01927, 30.74821], [77.02939, 30.74751], [77.03238, 30.75863], [77.03512, 30.76116], [77.0764, 30.78523], [77.08202, 30.79006], [77.08513, 30.79465], [77.08441, 30.80267], [77.08878, 30.81448], [77.08887, 30.82835], [77.1056, 30.83424], [77.1093, 30.83985], [77.11604, 30.84417], [77.11992, 30.85329], [77.13581, 30.85419], [77.14888, 30.85296], [77.15155, 30.85686], [77.15587, 30.8564], [77.15777, 30.85235], [77.16711, 30.84464], [77.17789, 30.84574], [77.18102, 30.84919], [77.18067, 30.86185], [77.19113, 30.86233], [77.20307, 30.87078], [77.21531, 30.87606], [77.20674, 30.88836], [77.2155, 30.89593], [77.2158, 30.90183], [77.21822, 30.90356], [77.22845, 30.89968], [77.23541, 30.90205], [77.24106, 30.91357], [77.2469, 30.91849], [77.2458, 30.92497], [77.2414, 30.93447], [77.24122, 30.93945], [77.248, 30.94222], [77.2527, 30.94738], [77.23542, 30.96006], [77.2203, 30.96594], [77.20738, 30.96666], [77.20341, 30.96952], [77.20298, 30.97416], [77.20592, 30.97686], [77.21021, 30.98649], [77.20926, 30.99079], [77.18709, 31.00881], [77.18146, 31.0091], [77.17165, 31.00463], [77.14957, 31.00822], [77.14546, 31.0206], [77.13054, 31.02898], [77.12118, 31.03185], [77.11429, 31.03029], [77.1067, 31.03115], [77.09391, 31.03751], [77.08898, 31.04169], [77.06839, 31.0503], [77.07175, 31.05451], [77.08131, 31.0563], [77.08258, 31.06185], [77.08737, 31.06556], [77.07901, 31.08482], [77.07658, 31.08619], [77.07421, 31.08689], [77.07109, 31.08523], [77.05922, 31.08977], [77.04536, 31.08111], [77.04402, 31.0722], [77.03988, 31.06805], [77.03548, 31.07954], [77.02859, 31.08143], [77.02673, 31.08715], [77.02753, 31.09151], [77.03729, 31.09492], [77.04209, 31.09919], [77.05231, 31.10115], [77.05269, 31.1102], [77.0474, 31.11577], [77.03141, 31.11436], [77.02669, 31.10903], [77.01801, 31.10886], [77.00078, 31.1051], [76.99352, 31.11144], [76.99327, 31.11618], [76.99672, 31.11697], [77.00079, 31.11464], [77.00655, 31.11424], [77.00994, 31.11557], [77.01189, 31.11819], [77.0115, 31.13048], [77.01323, 31.13684], [77.03122, 31.15206], [77.03464, 31.15864], [77.02663, 31.16837], [77.01318, 31.17454], [77.00641, 31.18077], [77.00478, 31.18761], [77.00423, 31.19493], [77.00587, 31.2028], [77.01085, 31.2095], [77.02073, 31.21821], [77.01459, 31.22616], [77.01355, 31.23372], [77.00548, 31.23685], [77.01585, 31.27134], [77.0146, 31.27847], [77.00378, 31.29751], [76.97915, 31.31062], [76.96864, 31.32236], [76.95653, 31.32966], [76.94418, 31.33413], [76.94643, 31.33918], [76.94337, 31.34773], [76.92163, 31.36672], [76.90995, 31.36255], [76.90255, 31.36402], [76.89236, 31.36171], [76.87653, 31.35346], [76.87779, 31.33285], [76.88189, 31.32576], [76.90496, 31.31578], [76.91367, 31.31614], [76.92008, 31.31339], [76.9238, 31.3031], [76.92875, 31.30187], [76.917, 31.2838], [76.90851, 31.27961], [76.8994, 31.27783], [76.89695, 31.2734], [76.90006, 31.2678], [76.89734, 31.26446], [76.89066, 31.26583], [76.883, 31.26253], [76.8771, 31.26176], [76.87264, 31.25662], [76.86775, 31.24604], [76.8711, 31.24594], [76.8751, 31.23504], [76.88423, 31.22356], [76.87463, 31.21823], [76.86146, 31.21851], [76.85048, 31.22348], [76.84545, 31.22944], [76.83851, 31.23165], [76.83199, 31.22592], [76.82648, 31.2252], [76.80868, 31.23013], [76.79978, 31.22603], [76.77979, 31.22017], [76.77568, 31.2268], [76.75841, 31.22825], [76.74607, 31.23623], [76.73336, 31.2399], [76.72944, 31.23403], [76.72359, 31.22996], [76.70636, 31.22363], [76.69484, 31.21675], [76.67266, 31.21491], [76.66502, 31.21194], [76.65015, 31.20953], [76.63484, 31.20321], [76.63344, 31.20052], [76.62691, 31.1992], [76.62046, 31.19369], [76.61297, 31.18305], [76.60503, 31.17952], [76.60711, 31.16886], [76.60406, 31.16132], [76.60611, 31.15688], [76.60469, 31.15383], [76.60926, 31.14788], [76.61335, 31.14771], [76.60387, 31.12423], [76.612, 31.12271], [76.62188, 31.11652], [76.63014, 31.11807], [76.63826, 31.11448], [76.64028, 31.1067], [76.62636, 31.09285], [76.61937, 31.07485], [76.62397, 31.05711], [76.61339, 31.05], [76.61958, 31.02994], [76.62796, 31.01839], [76.6244, 31.00063], [76.63528, 30.99467], [76.64025, 30.98886], [76.64767, 30.98707], [76.66738, 30.97812], [76.67693, 30.96742], [76.6825, 30.96616], [76.70856, 30.96874], [76.71939, 30.95952], [76.72692, 30.95963], [76.73843, 30.94677], [76.73952, 30.9402], [76.7403, 30.9355], [76.75266, 30.92621], [76.76289, 30.9253], [76.76295, 30.91994], [76.76838, 30.91908], [76.7681, 30.91394], [76.77808, 30.9068], [76.7872, 30.91284], [76.79883, 30.91503], [76.80832, 30.92184], [76.81519, 30.92363], [76.82297, 30.92833], [76.82576, 30.9261], [76.82964, 30.91673], [76.82705, 30.91289], [76.83057, 30.90699], [76.83742, 30.90026], [76.84188, 30.89124], [76.8452, 30.88907], [76.85155, 30.88977], [76.85668, 30.88409], [76.86095, 30.88349], [76.86355, 30.87728], [76.86773, 30.87585], [76.86989, 30.87283], [76.87897, 30.87555], [76.87649, 30.88064], [76.88588, 30.88273], [76.88879, 30.88547], [76.89929, 30.88653], [76.90071, 30.88799], [76.89812, 30.89136], [76.90854, 30.89353], [76.91024, 30.89683], [76.91746, 30.90046], [76.91856, 30.88732], [76.92117, 30.88702], [76.92197, 30.88489], [76.92643, 30.88464], [76.92814, 30.88583], [76.9258, 30.88916], [76.92959, 30.89078], [76.93458, 30.88324], [76.93759, 30.88226], [76.9367, 30.87752], [76.93074, 30.87609], [76.93174, 30.87292], [76.92733, 30.87211], [76.92943, 30.87149], [76.93201, 30.87254], [76.93371, 30.87424], [76.93716, 30.87432], [76.93914, 30.87099], [76.93606, 30.86978], [76.94417, 30.85871], [76.94446, 30.85263], [76.95023, 30.85265], [76.95172, 30.85052], [76.94475, 30.83763], [76.94957, 30.82435], [76.94318, 30.8172], [76.94664, 30.81822], [76.94923, 30.81653], [76.94948, 30.81391], [76.95142, 30.81367], [76.95336, 30.81855], [76.96079, 30.82707], [76.96345, 30.82341], [76.97112, 30.82439], [76.97428, 30.81855], [76.98248, 30.81393], [76.98643, 30.80923], [76.99301, 30.81294], [77.0007, 30.81061], [77.00349, 30.80538], [77.0114, 30.80944], [77.01323, 30.80895], [77.01267, 30.79988], [77.01584, 30.79283], [77.01311, 30.78777], [77.01892, 30.78558], [77.01725, 30.78546], [77.01601, 30.78251], [77.01761, 30.77985], [77.01946, 30.78271], [77.01938, 30.78], [77.01452, 30.77489], [77.00962, 30.77332], [77.00672, 30.7739], [77.00219, 30.77029], [77.00963, 30.76904], [77.01193, 30.76691], [77.01566, 30.76766], [77.01905, 30.76557], [77.01977, 30.75502], [77.01722, 30.75021], [77.02106, 30.75218], [77.02173, 30.74866], [77.01927, 30.74821]]]}}, {"type": "Feature", "properties": {"shapeName": "Sirmaur", "shapeISO": "", "shapeID": "76128533B11802210119774", "shapeGroup": "IND", "shapeType": "ADM2", "district": "Sirmaur"}, "geometry": {"type": "Polygon", "coordinates": [[[77.01927, 30.74821], [77.01821, 30.74316], [77.0275, 30.73672], [77.03379, 30.73838], [77.03419, 30.74002], [77.04632, 30.74107], [77.04206, 30.74995], [77.04307, 30.7514], [77.04875, 30.74893], [77.04834, 30.75279], [77.05619, 30.74517], [77.06328, 30.74541], [77.06876, 30.74069], [77.07755, 30.74371], [77.09422, 30.74208], [77.10196, 30.73374], [77.11019, 30.72896], [77.11447, 30.72828], [77.11594, 30.72437], [77.1123, 30.72151], [77.11418, 30.72054], [77.11442, 30.71795], [77.12103, 30.71851], [77.12506, 30.72153], [77.12862, 30.71578], [77.1296, 30.71046], [77.1383, 30.70593], [77.14288, 30.69921], [77.14856, 30.69922], [77.15604, 30.69196], [77.16191, 30.69068], [77.1651, 30.68557], [77.16496, 30.68357], [77.16115, 30.68161], [77.16158, 30.67996], [77.16667, 30.67593], [77.16951, 30.66948], [77.1693, 30.66309], [77.16703, 30.66209], [77.16557, 30.65631], [77.16333, 30.65592], [77.16414, 30.65061], [77.16549, 30.65112], [77.16547, 30.64647], [77.16819, 30.64216], [77.1776, 30.63673], [77.17641, 30.63346], [77.17361, 30.63256], [77.17204, 30.62741], [77.17327, 30.61893], [77.17128, 30.6132], [77.17316, 30.60908], [77.1714, 30.60412], [77.17447, 30.60031], [77.16473, 30.59388], [77.16539, 30.5905], [77.16009, 30.58863], [77.16233, 30.58577], [77.15298, 30.58234], [77.14949, 30.57694], [77.14773, 30.57782], [77.14579, 30.57597], [77.1409, 30.57812], [77.14101, 30.57527], [77.13877, 30.5744], [77.1396, 30.5722], [77.13755, 30.57025], [77.12242, 30.56267], [77.12893, 30.55586], [77.13638, 30.54278], [77.14605, 30.53621], [77.15223, 30.53432], [77.16328, 30.53403], [77.16686, 30.53244], [77.17105, 30.53312], [77.17375, 30.53211], [77.17329, 30.52997], [77.17514, 30.52897], [77.18112, 30.52802], [77.18872, 30.52317], [77.19567, 30.52235], [77.19864, 30.51895], [77.19795, 30.51657], [77.20183, 30.51474], [77.20956, 30.50009], [77.21315, 30.49659], [77.20974, 30.48253], [77.21193, 30.47196], [77.21418, 30.4682], [77.21575, 30.46821], [77.22169, 30.4797], [77.22876, 30.48524], [77.23102, 30.48313], [77.23306, 30.4843], [77.23818, 30.48246], [77.2422, 30.48285], [77.2517, 30.47677], [77.25333, 30.47824], [77.25544, 30.47642], [77.26224, 30.47749], [77.26605, 30.47662], [77.26681, 30.47413], [77.27315, 30.46923], [77.27493, 30.45852], [77.27893, 30.45823], [77.28041, 30.46005], [77.28396, 30.45753], [77.28874, 30.45738], [77.29172, 30.45907], [77.29032, 30.46015], [77.29218, 30.46026], [77.29354, 30.45922], [77.29246, 30.45677], [77.29498, 30.4543], [77.30459, 30.45176], [77.3085, 30.4525], [77.3075, 30.45002], [77.3094, 30.44898], [77.31733, 30.44791], [77.3199, 30.45007], [77.31991, 30.44773], [77.32177, 30.44784], [77.32654, 30.45145], [77.3289, 30.45552], [77.33333, 30.45743], [77.34254, 30.4597], [77.34735, 30.4576], [77.35424, 30.46052], [77.35547, 30.45546], [77.36412, 30.44302], [77.36465, 30.43418], [77.36789, 30.44197], [77.37834, 30.44065], [77.38807, 30.442], [77.39115, 30.44131], [77.39033, 30.43476], [77.39203, 30.43148], [77.39965, 30.43115], [77.4009, 30.42859], [77.40418, 30.43065], [77.40898, 30.42851], [77.40717, 30.42769], [77.40679, 30.42538], [77.40465, 30.42511], [77.40499, 30.42192], [77.39929, 30.4172], [77.40789, 30.40973], [77.41019, 30.40956], [77.40922, 30.4111], [77.41068, 30.41576], [77.41653, 30.41886], [77.41806, 30.42519], [77.42262, 30.4249], [77.43661, 30.43251], [77.44339, 30.43951], [77.44607, 30.44453], [77.45028, 30.44826], [77.45224, 30.44804], [77.45677, 30.45831], [77.45967, 30.45786], [77.46685, 30.44979], [77.46208, 30.44366], [77.46221, 30.43438], [77.45461, 30.4335], [77.45433, 30.43012], [77.44701, 30.42271], [77.4456, 30.41843], [77.43441, 30.41679], [77.43103, 30.41146], [77.42447, 30.41052], [77.42354, 30.40385], [77.43293, 30.40293], [77.43914, 30.40382], [77.44603, 30.39576], [77.4551, 30.40058], [77.46335, 30.40075], [77.46631, 30.40227], [77.47122, 30.40034], [77.47415, 30.40077], [77.48018, 30.40579], [77.49359, 30.41146], [77.49938, 30.40533], [77.50207, 30.40992], [77.50328, 30.42888], [77.51571, 30.44512], [77.52055, 30.44531], [77.52683, 30.43818], [77.52617, 30.43255], [77.52985, 30.42157], [77.54138, 30.4068], [77.54975, 30.39933], [77.5478, 30.39693], [77.54853, 30.39525], [77.55713, 30.38807], [77.58068, 30.37689], [77.58336, 30.37935], [77.58843, 30.37763], [77.58991, 30.38477], [77.5807, 30.39477], [77.5794, 30.39393], [77.57852, 30.3959], [77.57593, 30.40819], [77.58585, 30.41641], [77.59405, 30.41976], [77.59535, 30.42353], [77.61312, 30.42649], [77.62478, 30.43065], [77.62916, 30.43057], [77.63005, 30.42868], [77.63429, 30.42726], [77.63894, 30.42915], [77.64605, 30.42826], [77.64935, 30.43229], [77.65108, 30.44138], [77.65528, 30.44442], [77.66425, 30.44351], [77.67302, 30.44046], [77.69249, 30.44435], [77.70058, 30.45243], [77.70963, 30.45584], [77.72178, 30.46855], [77.73767, 30.47071], [77.76877, 30.48924], [77.77832, 30.49109], [77.78462, 30.49631], [77.78916, 30.49773], [77.80249, 30.49755], [77.81052, 30.50115], [77.81893, 30.50238], [77.82079, 30.50478], [77.82232, 30.52117], [77.82807, 30.5227], [77.82955, 30.52557], [77.82988, 30.52919], [77.82216, 30.54324], [77.8248, 30.55022], [77.82006, 30.55747], [77.81603, 30.55644], [77.80794, 30.55086], [77.80169, 30.55431], [77.7989, 30.55042], [77.79611, 30.54975], [77.78496, 30.55642], [77.78022, 30.55432], [77.77542, 30.55458], [77.76934, 30.5625], [77.76905, 30.56795], [77.76292, 30.57379], [77.75859, 30.58237], [77.74959, 30.58767], [77.74451, 30.589], [77.74441, 30.59212], [77.74975, 30.59413], [77.74497, 30.59773], [77.7473, 30.59994], [77.75404, 30.59822], [77.75881, 30.6009], [77.76576, 30.59283], [77.76889, 30.5919], [77.77393, 30.59354], [77.77211, 30.60269], [77.77299, 30.60752], [77.771, 30.6108], [77.77413, 30.61346], [77.77745, 30.61038], [77.78284, 30.60948], [77.78893, 30.61099], [77.79815, 30.61006], [77.79479, 30.61759], [77.78805, 30.62133], [77.78853, 30.62751], [77.79273, 30.63082], [77.78792, 30.63384], [77.78912, 30.63863], [77.78347, 30.6429], [77.78821, 30.64848], [77.78916, 30.65226], [77.79477, 30.65446], [77.79191, 30.65904], [77.78643, 30.65616], [77.7837, 30.65629], [77.77606, 30.66195], [77.77522, 30.66555], [77.7658, 30.66761], [77.76207, 30.66955], [77.76203, 30.67199], [77.74964, 30.67649], [77.75089, 30.68292], [77.74934, 30.68984], [77.75479, 30.69316], [77.75261, 30.69663], [77.75817, 30.70327], [77.74866, 30.70986], [77.7481, 30.71666], [77.73821, 30.721], [77.73919, 30.72629], [77.73662, 30.7318], [77.73012, 30.73117], [77.7234, 30.7391], [77.71809, 30.73681], [77.7108, 30.73673], [77.7052, 30.74198], [77.70911, 30.75931], [77.69133, 30.77265], [77.6879, 30.77736], [77.68598, 30.78641], [77.68202, 30.78951], [77.67571, 30.79082], [77.66523, 30.80117], [77.66064, 30.79883], [77.65845, 30.80576], [77.65543, 30.80348], [77.62497, 30.80783], [77.62287, 30.80416], [77.62112, 30.79402], [77.61758, 30.79047], [77.61265, 30.7886], [77.60277, 30.78091], [77.58783, 30.77602], [77.55449, 30.77612], [77.5455, 30.77349], [77.54456, 30.77613], [77.55038, 30.78392], [77.55352, 30.79262], [77.55324, 30.79617], [77.54923, 30.79726], [77.53351, 30.79721], [77.53023, 30.79557], [77.52495, 30.78262], [77.51533, 30.78772], [77.4936, 30.79386], [77.49681, 30.79959], [77.49422, 30.80366], [77.49427, 30.81002], [77.49121, 30.81609], [77.49026, 30.82514], [77.49101, 30.83539], [77.49369, 30.84067], [77.48808, 30.84456], [77.47806, 30.86468], [77.47109, 30.86336], [77.4618, 30.8657], [77.4524, 30.86233], [77.44351, 30.86949], [77.43278, 30.8719], [77.43664, 30.87854], [77.43785, 30.88719], [77.43564, 30.89372], [77.42811, 30.90094], [77.42548, 30.9132], [77.41199, 30.92615], [77.43033, 30.93342], [77.4363, 30.93732], [77.44313, 30.94476], [77.44322, 30.96722], [77.44144, 30.97558], [77.43303, 30.98492], [77.41841, 30.99517], [77.41702, 30.99843], [77.41045, 30.99992], [77.39481, 31.01181], [77.37441, 31.02197], [77.37379, 31.01668], [77.36397, 31.00956], [77.33812, 31.00059], [77.32163, 30.97558], [77.31768, 30.97541], [77.30919, 30.96881], [77.30241, 30.96784], [77.30122, 30.95638], [77.29579, 30.95127], [77.28793, 30.95112], [77.26628, 30.94046], [77.26334, 30.93685], [77.26161, 30.92814], [77.25527, 30.92171], [77.2469, 30.91849], [77.24106, 30.91357], [77.23541, 30.90205], [77.22845, 30.89968], [77.21822, 30.90356], [77.2158, 30.90183], [77.2155, 30.89593], [77.20674, 30.88836], [77.21531, 30.87606], [77.20307, 30.87078], [77.19113, 30.86233], [77.18067, 30.86185], [77.18102, 30.84919], [77.17789, 30.84574], [77.16711, 30.84464], [77.15777, 30.85235], [77.15587, 30.8564], [77.15155, 30.85686], [77.14888, 30.85296], [77.13581, 30.85419], [77.11992, 30.85329], [77.11604, 30.84417], [77.1093, 30.83985], [77.1056, 30.83424], [77.08887, 30.82835], [77.08878, 30.81448], [77.08441, 30.80267], [77.08513, 30.79465], [77.08202, 30.79006], [77.0764, 30.78523], [77.03512, 30.76116], [77.03238, 30.75863], [77.02939, 30.74751], [77.01927, 30.74821]]]}}, {"type": "Feature", "properties": {"shapeName": "Kinnaur", "shapeISO": "", "shapeID": "76128533B50011981829203", "shapeGroup": "IND", "shapeType": "ADM2", "district": "Kinnaur"}, "geometry": {"type": "Polygon", "coordinates": [[[78.67403, 32.07914], [78.66725, 32.08], [78.66566, 32.08888], [78.66331, 32.08551], [78.66455, 32.08314], [78.6601, 32.07343], [78.65393, 32.06935], [78.64467, 32.06565], [78.62611, 32.06348], [78.60607, 32.05218], [78.60184, 32.05203], [78.5979, 32.05783], [78.58841, 32.06009], [78.56919, 32.0612], [78.56059, 32.0602], [78.54312, 32.06311], [78.52493, 32.05792], [78.51608, 32.05302], [78.50572, 32.04959], [78.49083, 32.04656], [78.48434, 32.04171], [78.48274, 32.04791], [78.4709, 32.04813], [78.45599, 32.05454], [78.44975, 32.05477], [78.44467, 32.05242], [78.43846, 32.0431], [78.42688, 32.01611], [78.4275, 32.00554], [78.42271, 32.00056], [78.42065, 31.98921], [78.43378, 31.97908], [78.43669, 31.9723], [78.45025, 31.96723], [78.46106, 31.9588], [78.45942, 31.95392], [78.45491, 31.94961], [78.45895, 31.94183], [78.45748, 31.93926], [78.45356, 31.93764], [78.44181, 31.93809], [78.43411, 31.936], [78.42885, 31.93855], [78.42244, 31.93754], [78.40916, 31.95067], [78.40237, 31.95468], [78.37194, 31.96001], [78.36288, 31.94765], [78.35494, 31.94048], [78.34854, 31.93901], [78.34395, 31.93382], [78.34029, 31.93578], [78.31242, 31.93784], [78.30511, 31.9346], [78.30331, 31.92661], [78.28705, 31.93067], [78.27335, 31.93585], [78.22169, 31.93288], [78.21332, 31.93453], [78.20186, 31.93273], [78.19694, 31.92764], [78.19599, 31.92218], [78.19279, 31.91876], [78.18507, 31.91545], [78.18731, 31.90351], [78.18448, 31.89795], [78.18664, 31.89378], [78.18386, 31.88749], [78.18974, 31.87181], [78.17723, 31.86591], [78.17369, 31.86254], [78.16213, 31.86188], [78.15342, 31.86347], [78.14945, 31.86742], [78.1246, 31.86712], [78.10634, 31.85827], [78.09055, 31.85804], [78.09465, 31.85288], [78.08884, 31.85029], [78.08601, 31.84479], [78.09639, 31.83742], [78.09733, 31.83263], [78.09326, 31.82951], [78.09598, 31.82263], [78.08674, 31.80897], [78.08622, 31.80057], [78.08337, 31.79368], [78.08408, 31.78717], [78.07686, 31.78351], [78.05874, 31.78317], [78.05295, 31.77575], [78.03382, 31.76063], [78.02663, 31.75995], [78.0106, 31.7752], [77.99254, 31.77602], [77.98293, 31.77928], [77.97811, 31.77728], [77.97393, 31.77929], [77.96602, 31.77971], [77.9548, 31.78429], [77.94612, 31.78443], [77.9428, 31.75805], [77.9366, 31.75585], [77.93724, 31.74839], [77.93118, 31.74654], [77.92174, 31.74778], [77.91507, 31.75251], [77.90662, 31.75116], [77.89979, 31.75269], [77.89824, 31.75892], [77.88507, 31.76948], [77.87685, 31.77283], [77.87243, 31.77986], [77.86743, 31.783], [77.85594, 31.78088], [77.85882, 31.77432], [77.85743, 31.76815], [77.85438, 31.75869], [77.84972, 31.75443], [77.82919, 31.76014], [77.81142, 31.76032], [77.79961, 31.75869], [77.78963, 31.75161], [77.78024, 31.75177], [77.76876, 31.7574], [77.76356, 31.76171], [77.76222, 31.75482], [77.75326, 31.75117], [77.7568, 31.71943], [77.75248, 31.71651], [77.75138, 31.71351], [77.7559, 31.70752], [77.76412, 31.70408], [77.77249, 31.70335], [77.78406, 31.6946], [77.79023, 31.68674], [77.79526, 31.67348], [77.80467, 31.66906], [77.81278, 31.66287], [77.81654, 31.65726], [77.82089, 31.6429], [77.82553, 31.63776], [77.81489, 31.61064], [77.82107, 31.60463], [77.83976, 31.57923], [77.83598, 31.56251], [77.83716, 31.55353], [77.84123, 31.5454], [77.8458, 31.5271], [77.84138, 31.51293], [77.84151, 31.50666], [77.85197, 31.50818], [77.85655, 31.50557], [77.86002, 31.51107], [77.87011, 31.50368], [77.87205, 31.49742], [77.88015, 31.4912], [77.88317, 31.48659], [77.88384, 31.48023], [77.88066, 31.4705], [77.88924, 31.46538], [77.89877, 31.45643], [77.9033, 31.44272], [77.90949, 31.44008], [77.91715, 31.43253], [77.92256, 31.43133], [77.92869, 31.42412], [77.93321, 31.42212], [77.94499, 31.42312], [77.95468, 31.41834], [77.96131, 31.41393], [77.96425, 31.4022], [77.97734, 31.40125], [77.99609, 31.40439], [78.00059, 31.40236], [78.01483, 31.40306], [78.02502, 31.40048], [78.03348, 31.40419], [78.05519, 31.41836], [78.06985, 31.41527], [78.07434, 31.41719], [78.08008, 31.4169], [78.08932, 31.42193], [78.10418, 31.41947], [78.10526, 31.41548], [78.11098, 31.40915], [78.12698, 31.40545], [78.13607, 31.39621], [78.14125, 31.39407], [78.1473, 31.38727], [78.15395, 31.39042], [78.16381, 31.38346], [78.1666, 31.37785], [78.15385, 31.35963], [78.16479, 31.34431], [78.17206, 31.34399], [78.18069, 31.33623], [78.18657, 31.33657], [78.20342, 31.32912], [78.20955, 31.32859], [78.21524, 31.3253], [78.22052, 31.32553], [78.22616, 31.32794], [78.22929, 31.33125], [78.2358, 31.33416], [78.24151, 31.34054], [78.24513, 31.34182], [78.24806, 31.34053], [78.25624, 31.32995], [78.26054, 31.32748], [78.27538, 31.3243], [78.29245, 31.32347], [78.30233, 31.31482], [78.29823, 31.30912], [78.29855, 31.30381], [78.29613, 31.29884], [78.2959, 31.29244], [78.30727, 31.28563], [78.31338, 31.27927], [78.3192, 31.2777], [78.32036, 31.27533], [78.33421, 31.27392], [78.34207, 31.2789], [78.34702, 31.27707], [78.35438, 31.27703], [78.36505, 31.28128], [78.37219, 31.28251], [78.38526, 31.27927], [78.38831, 31.26813], [78.39378, 31.27147], [78.3984, 31.27164], [78.39933, 31.26344], [78.4093, 31.25259], [78.40504, 31.2448], [78.40898, 31.2389], [78.41492, 31.23622], [78.41786, 31.23671], [78.42316, 31.24078], [78.4284, 31.24116], [78.43485, 31.25075], [78.43871, 31.25061], [78.44564, 31.241], [78.45213, 31.23721], [78.45782, 31.23777], [78.4598, 31.23447], [78.4639, 31.23265], [78.47495, 31.21504], [78.48183, 31.2108], [78.48608, 31.1956], [78.50078, 31.1944], [78.54577, 31.20944], [78.58826, 31.21855], [78.62001, 31.21677], [78.74938, 31.1839], [78.75757, 31.18417], [78.76616, 31.18198], [78.77703, 31.18414], [78.79831, 31.19293], [78.81084, 31.19448], [78.81717, 31.19065], [78.818, 31.1858], [78.81495, 31.18379], [78.81133, 31.17692], [78.81162, 31.16805], [78.81381, 31.16522], [78.81866, 31.16415], [78.82565, 31.1599], [78.82356, 31.15402], [78.82804, 31.14884], [78.83183, 31.13699], [78.83897, 31.13438], [78.84155, 31.12664], [78.8487, 31.12124], [78.85365, 31.11837], [78.86577, 31.11624], [78.87754, 31.10084], [78.88178, 31.09892], [78.8838, 31.09608], [78.89174, 31.09306], [78.90127, 31.09598], [78.90971, 31.09524], [78.91319, 31.09823], [78.9139, 31.10425], [78.92247, 31.10702], [78.92674, 31.10578], [78.93318, 31.09694], [78.93815, 31.09792], [78.94541, 31.09701], [78.95255, 31.09412], [78.95987, 31.09575], [78.97376, 31.10439], [78.99901, 31.10623], [79.00621, 31.11345], [79.00924, 31.12284], [79.00752, 31.12801], [79.00506, 31.13005], [78.99164, 31.13433], [78.98823, 31.13994], [78.99156, 31.14434], [78.98901, 31.15038], [78.99125, 31.15733], [78.98517, 31.17183], [78.98202, 31.17211], [78.97968, 31.1755], [78.97366, 31.17613], [78.95816, 31.18308], [78.95889, 31.1869], [78.94885, 31.19457], [78.94786, 31.19903], [78.94462, 31.20277], [78.94935, 31.2094], [78.94846, 31.21305], [78.93044, 31.21271], [78.92675, 31.21645], [78.92692, 31.21935], [78.92312, 31.22111], [78.92011, 31.23825], [78.9173, 31.24368], [78.92267, 31.25333], [78.90128, 31.26105], [78.89541, 31.26531], [78.88594, 31.28597], [78.88337, 31.29599], [78.87416, 31.3076], [78.86929, 31.3107], [78.86432, 31.31697], [78.85604, 31.32234], [78.84497, 31.32485], [78.8477, 31.33357], [78.85374, 31.33968], [78.85627, 31.34921], [78.8518, 31.36406], [78.84326, 31.37596], [78.83705, 31.37798], [78.83278, 31.3831], [78.82403, 31.387], [78.7925, 31.39595], [78.79255, 31.40138], [78.79791, 31.40661], [78.80857, 31.41258], [78.81343, 31.43932], [78.81165, 31.4475], [78.77737, 31.46964], [78.77078, 31.4755], [78.76771, 31.48373], [78.76516, 31.48542], [78.73537, 31.47892], [78.73279, 31.47969], [78.73139, 31.50255], [78.72432, 31.50978], [78.72302, 31.51593], [78.73344, 31.5253], [78.73755, 31.53579], [78.76634, 31.54366], [78.77394, 31.54839], [78.78448, 31.56058], [78.81367, 31.57098], [78.83925, 31.59545], [78.84756, 31.61009], [78.84766, 31.61472], [78.84057, 31.62524], [78.8332, 31.63135], [78.82543, 31.63478], [78.81188, 31.64404], [78.80327, 31.65245], [78.79733, 31.66757], [78.79625, 31.68477], [78.78139, 31.68109], [78.76648, 31.67965], [78.75654, 31.68298], [78.75097, 31.68693], [78.7452, 31.69732], [78.73811, 31.72531], [78.72801, 31.73625], [78.73086, 31.74424], [78.73359, 31.74874], [78.74074, 31.75505], [78.74138, 31.75886], [78.72004, 31.76543], [78.71301, 31.77381], [78.7081, 31.7884], [78.7076, 31.80178], [78.71148, 31.81226], [78.71832, 31.82085], [78.73738, 31.8304], [78.73864, 31.8324], [78.74027, 31.84205], [78.7407, 31.8766], [78.74858, 31.89329], [78.74644, 31.90171], [78.74935, 31.90475], [78.74976, 31.90815], [78.76243, 31.92016], [78.76966, 31.93471], [78.78822, 31.99498], [78.76774, 31.99883], [78.75426, 31.99927], [78.7486, 32.00285], [78.7398, 32.01563], [78.71317, 32.03516], [78.70734, 32.04099], [78.70609, 32.04784], [78.69859, 32.0587], [78.67713, 32.07431], [78.67403, 32.07914]]]}}, {"type": "Feature", "properties": {"shapeName": "Kullu", "shapeISO": "", "shapeID": "76128533B97425778881707", "shapeGroup": "IND", "shapeType": "ADM2", "district": "Kullu"}, "geometry": {"type": "Polygon", "coordinates": [[[77.86743, 31.783], [77.86432, 31.78995], [77.85569, 31.79611], [77.84893, 31.8054], [77.84768, 31.8175], [77.84812, 31.82454], [77.8503, 31.82915], [77.84498, 31.83652], [77.83982, 31.8483], [77.84147, 31.85502], [77.85071, 31.87048], [77.86488, 31.87814], [77.86962, 31.88234], [77.86001, 31.88365], [77.83168, 31.89496], [77.81911, 31.89345], [77.80738, 31.8953], [77.79347, 31.90528], [77.78452, 31.91486], [77.78172, 31.92547], [77.77402, 31.93432], [77.77027, 31.94283], [77.77551, 31.95188], [77.78372, 31.96023], [77.78268, 31.96648], [77.78746, 31.97092], [77.79547, 31.97454], [77.80221, 31.981], [77.80166, 31.98544], [77.79232, 31.99163], [77.78601, 32.00021], [77.77641, 32.00716], [77.79152, 32.01602], [77.79234, 32.01796], [77.77952, 32.03337], [77.77521, 32.03337], [77.76817, 32.03679], [77.7647, 32.04041], [77.76659, 32.05163], [77.75868, 32.06035], [77.75529, 32.07056], [77.74843, 32.07433], [77.74661, 32.07719], [77.74527, 32.09124], [77.72119, 32.09386], [77.71372, 32.09684], [77.70203, 32.10475], [77.68861, 32.10537], [77.68405, 32.10839], [77.67708, 32.11747], [77.67109, 32.12033], [77.66916, 32.12546], [77.66316, 32.12828], [77.65984, 32.14012], [77.65406, 32.14413], [77.65272, 32.14737], [77.64006, 32.15358], [77.63371, 32.15404], [77.62774, 32.16174], [77.61957, 32.16145], [77.6139, 32.16364], [77.59458, 32.1775], [77.58695, 32.17918], [77.58225, 32.1864], [77.57375, 32.18829], [77.56716, 32.19569], [77.56492, 32.20881], [77.54611, 32.22238], [77.53386, 32.21318], [77.53545, 32.20543], [77.53279, 32.19976], [77.52564, 32.19952], [77.51518, 32.20148], [77.51322, 32.20599], [77.5009, 32.22077], [77.4895, 32.22498], [77.48133, 32.22537], [77.47458, 32.22767], [77.46944, 32.22432], [77.46793, 32.22078], [77.46541, 32.21141], [77.46567, 32.20227], [77.4637, 32.19851], [77.45856, 32.19607], [77.4462, 32.19409], [77.43492, 32.19469], [77.42917, 32.19359], [77.4235, 32.19415], [77.42054, 32.19629], [77.41778, 32.20478], [77.39612, 32.21834], [77.38984, 32.21572], [77.38477, 32.2167], [77.37552, 32.22182], [77.37072, 32.22234], [77.3581, 32.23226], [77.3457, 32.25347], [77.3501, 32.25793], [77.34929, 32.26227], [77.35125, 32.26685], [77.34796, 32.27257], [77.34822, 32.28356], [77.34303, 32.29033], [77.33669, 32.30813], [77.33155, 32.30685], [77.32999, 32.30968], [77.33109, 32.31426], [77.32704, 32.32119], [77.32305, 32.325], [77.31223, 32.33054], [77.30899, 32.33568], [77.29864, 32.33547], [77.28769, 32.34395], [77.28431, 32.34413], [77.28261, 32.35078], [77.27754, 32.35805], [77.26483, 32.363], [77.25638, 32.37038], [77.24683, 32.37597], [77.24243, 32.37724], [77.22991, 32.37402], [77.21772, 32.38238], [77.20444, 32.38905], [77.2012, 32.39217], [77.19694, 32.40096], [77.18137, 32.40403], [77.1515, 32.41561], [77.13535, 32.40823], [77.11656, 32.40248], [77.11054, 32.3989], [77.07537, 32.39656], [77.07682, 32.39361], [77.06987, 32.38296], [77.05313, 32.36612], [77.04693, 32.34781], [77.04161, 32.33948], [77.04475, 32.33308], [77.04566, 32.32244], [77.04269, 32.3178], [77.03256, 32.30995], [77.03142, 32.30636], [77.03498, 32.29329], [77.03735, 32.28989], [77.03716, 32.28444], [77.03091, 32.27151], [77.0308, 32.26091], [77.03359, 32.25246], [77.03238, 32.24702], [77.03503, 32.24251], [77.0441, 32.23559], [77.05311, 32.22562], [77.04745, 32.21593], [77.03924, 32.20668], [77.02182, 32.20567], [77.01716, 32.20079], [77.00618, 32.19964], [76.99568, 32.18648], [77.00024, 32.18195], [76.99573, 32.17462], [76.98767, 32.15393], [76.98532, 32.13124], [76.98708, 32.11508], [76.98938, 32.11051], [76.9469, 32.11198], [76.94549, 32.10457], [76.93945, 32.09256], [76.94356, 32.08558], [76.94459, 32.06624], [76.94011, 32.06239], [76.94343, 32.05706], [76.94468, 32.04428], [76.96486, 32.02759], [76.97789, 32.02334], [76.98225, 32.011], [76.98274, 31.99961], [76.97928, 31.98315], [76.99082, 31.96478], [77.00068, 31.95362], [77.00441, 31.94535], [77.02506, 31.92018], [77.02833, 31.8999], [77.03122, 31.89302], [77.05575, 31.86185], [77.05756, 31.85742], [77.06199, 31.85574], [77.05843, 31.84371], [77.06023, 31.83452], [77.07036, 31.83536], [77.07941, 31.83273], [77.08381, 31.82922], [77.09615, 31.83649], [77.10581, 31.83813], [77.16806, 31.83793], [77.1799, 31.84068], [77.17965, 31.83152], [77.17674, 31.82587], [77.18827, 31.82114], [77.19128, 31.81434], [77.18958, 31.80783], [77.19734, 31.79704], [77.19551, 31.7907], [77.20874, 31.7643], [77.21164, 31.75499], [77.21371, 31.73077], [77.21814, 31.72065], [77.22598, 31.72446], [77.22847, 31.72221], [77.23925, 31.71874], [77.24713, 31.7125], [77.25898, 31.70989], [77.2745, 31.70082], [77.28531, 31.69002], [77.30651, 31.66149], [77.2995, 31.65297], [77.30675, 31.62135], [77.30778, 31.61044], [77.30235, 31.59233], [77.30645, 31.57934], [77.30526, 31.5651], [77.30261, 31.55713], [77.30699, 31.54606], [77.32043, 31.52942], [77.31734, 31.52412], [77.31854, 31.50693], [77.32271, 31.49729], [77.32694, 31.47034], [77.33562, 31.45103], [77.34488, 31.4455], [77.35545, 31.43553], [77.35734, 31.43186], [77.38144, 31.41757], [77.38487, 31.41151], [77.38612, 31.40632], [77.38396, 31.40142], [77.38351, 31.39358], [77.38944, 31.38889], [77.38849, 31.38601], [77.39155, 31.38312], [77.38985, 31.37608], [77.39435, 31.37203], [77.38732, 31.36103], [77.3975, 31.35894], [77.40267, 31.36181], [77.41947, 31.34585], [77.42495, 31.34635], [77.43059, 31.34121], [77.43702, 31.34385], [77.44762, 31.34267], [77.45498, 31.34732], [77.47677, 31.34975], [77.47958, 31.35246], [77.49916, 31.35575], [77.50824, 31.35492], [77.51896, 31.35085], [77.5263, 31.35094], [77.53226, 31.35305], [77.54847, 31.38174], [77.55484, 31.38622], [77.56381, 31.38826], [77.57207, 31.3861], [77.59203, 31.39514], [77.60112, 31.39563], [77.61106, 31.39329], [77.62031, 31.38817], [77.63061, 31.39067], [77.63465, 31.39712], [77.6237, 31.42323], [77.62569, 31.43863], [77.62881, 31.44571], [77.63285, 31.44985], [77.64144, 31.45409], [77.67158, 31.46245], [77.68933, 31.48618], [77.70205, 31.49514], [77.70698, 31.49669], [77.70924, 31.50123], [77.70391, 31.50875], [77.70178, 31.51839], [77.70508, 31.52945], [77.6999, 31.5416], [77.69196, 31.54452], [77.68491, 31.54933], [77.68051, 31.55933], [77.67463, 31.56085], [77.66516, 31.57186], [77.65676, 31.57801], [77.65319, 31.59193], [77.64977, 31.59852], [77.6492, 31.61271], [77.65408, 31.62896], [77.66027, 31.63101], [77.66403, 31.6344], [77.65272, 31.65084], [77.64978, 31.65258], [77.64938, 31.66013], [77.6599, 31.67013], [77.66252, 31.67918], [77.67059, 31.68307], [77.68036, 31.69878], [77.68649, 31.70319], [77.69535, 31.7039], [77.70981, 31.70246], [77.71625, 31.70386], [77.73537, 31.71428], [77.75138, 31.71351], [77.75248, 31.71651], [77.7568, 31.71943], [77.75326, 31.75117], [77.76222, 31.75482], [77.76356, 31.76171], [77.76876, 31.7574], [77.78024, 31.75177], [77.78963, 31.75161], [77.79961, 31.75869], [77.81142, 31.76032], [77.82919, 31.76014], [77.84972, 31.75443], [77.85438, 31.75869], [77.85743, 31.76815], [77.85882, 31.77432], [77.85594, 31.78088], [77.86743, 31.783]]]}}, {"type": "Feature", "properties": {"shapeName": "Chamba", "shapeISO": "", "shapeID": "76128533B58537895532859", "shapeGroup": "IND", "shapeType": "ADM2", "district": "Chamba"}, "geometry": {"type": "Polygon", "coordinates": [[[75.92775, 32.4083], [75.93732, 32.39744], [75.95465, 32.39075], [75.97547, 32.3905], [75.98019, 32.38466], [75.99224, 32.37521], [76.00609, 32.35375], [76.02059, 32.33752], [76.0228, 32.33028], [76.01658, 32.31776], [76.02446, 32.32043], [76.02447, 32.31792], [76.0206, 32.30296], [76.01763, 32.29849], [76.01783, 32.29046], [76.03193, 32.27009], [76.0423, 32.26862], [76.04824, 32.26397], [76.07926, 32.27084], [76.08741, 32.27072], [76.09461, 32.26806], [76.1004, 32.26322], [76.11101, 32.25824], [76.12063, 32.25642], [76.12497, 32.25102], [76.12441, 32.24155], [76.12596, 32.23475], [76.12344, 32.22801], [76.13308, 32.22816], [76.14457, 32.22505], [76.16029, 32.23009], [76.16944, 32.23664], [76.17357, 32.23026], [76.18255, 32.22699], [76.18505, 32.23199], [76.18133, 32.24503], [76.18567, 32.25598], [76.18787, 32.26623], [76.18738, 32.27229], [76.1823, 32.27642], [76.16882, 32.28329], [76.1636, 32.29779], [76.16344, 32.31249], [76.16126, 32.31755], [76.16916, 32.32606], [76.17432, 32.33988], [76.17053, 32.3506], [76.16728, 32.35339], [76.17811, 32.35659], [76.20659, 32.37359], [76.21221, 32.3785], [76.22099, 32.39345], [76.22406, 32.39512], [76.24353, 32.39307], [76.25553, 32.39392], [76.26029, 32.39261], [76.26256, 32.37928], [76.26741, 32.37331], [76.27422, 32.37503], [76.28483, 32.36752], [76.2957, 32.33974], [76.3027, 32.3373], [76.30996, 32.33981], [76.32623, 32.33539], [76.33943, 32.32582], [76.35662, 32.32625], [76.36468, 32.31692], [76.37411, 32.30196], [76.37987, 32.29681], [76.40793, 32.28239], [76.42046, 32.27953], [76.42531, 32.26409], [76.43366, 32.26276], [76.44126, 32.2653], [76.45042, 32.26164], [76.45919, 32.25475], [76.46455, 32.24834], [76.47726, 32.24764], [76.48291, 32.25153], [76.48982, 32.24534], [76.49532, 32.24295], [76.50521, 32.23292], [76.51427, 32.23247], [76.52526, 32.23731], [76.52677, 32.23287], [76.54924, 32.22812], [76.55739, 32.22857], [76.56526, 32.22477], [76.57315, 32.22528], [76.59087, 32.2207], [76.60034, 32.21441], [76.61437, 32.1987], [76.62579, 32.1921], [76.67414, 32.1786], [76.6832, 32.17929], [76.69913, 32.19645], [76.71009, 32.19832], [76.71441, 32.19815], [76.73787, 32.18731], [76.74049, 32.18829], [76.7554, 32.20301], [76.76159, 32.20673], [76.77205, 32.22081], [76.7739, 32.22679], [76.77229, 32.24211], [76.77896, 32.24817], [76.7718, 32.24996], [76.7706, 32.25363], [76.78046, 32.26763], [76.77148, 32.2813], [76.77692, 32.29071], [76.77287, 32.30815], [76.78644, 32.31624], [76.77359, 32.33877], [76.7639, 32.34487], [76.75803, 32.35143], [76.75481, 32.35791], [76.75981, 32.35967], [76.77398, 32.35909], [76.77895, 32.36167], [76.78867, 32.37424], [76.78551, 32.38963], [76.78762, 32.40585], [76.80374, 32.41176], [76.81208, 32.41821], [76.81473, 32.42718], [76.82489, 32.43668], [76.8363, 32.44088], [76.84825, 32.44742], [76.86607, 32.46073], [76.85988, 32.46409], [76.85453, 32.47589], [76.85792, 32.48261], [76.86375, 32.48911], [76.87089, 32.50383], [76.88395, 32.51953], [76.87493, 32.52133], [76.87241, 32.5268], [76.8741, 32.53112], [76.86659, 32.53298], [76.85753, 32.53179], [76.83995, 32.52597], [76.83097, 32.5305], [76.8287, 32.53809], [76.80975, 32.53331], [76.80277, 32.53376], [76.79627, 32.53673], [76.79308, 32.54371], [76.78227, 32.55209], [76.77312, 32.55044], [76.76842, 32.54693], [76.75852, 32.55797], [76.74734, 32.55777], [76.74041, 32.56029], [76.72553, 32.55171], [76.71566, 32.53775], [76.70158, 32.54595], [76.70735, 32.55391], [76.70981, 32.56095], [76.71075, 32.5691], [76.70628, 32.57284], [76.6811, 32.5696], [76.66965, 32.57188], [76.65023, 32.57994], [76.63975, 32.57555], [76.63066, 32.57376], [76.62602, 32.57808], [76.62557, 32.58576], [76.63226, 32.60261], [76.60962, 32.60583], [76.60523, 32.60996], [76.60434, 32.62526], [76.59748, 32.6304], [76.5944, 32.64204], [76.55086, 32.65782], [76.53941, 32.65543], [76.53106, 32.65735], [76.52286, 32.66543], [76.51747, 32.66649], [76.49293, 32.66163], [76.46501, 32.65228], [76.45245, 32.65453], [76.44348, 32.65914], [76.44682, 32.67393], [76.43661, 32.67781], [76.42721, 32.68782], [76.42979, 32.69118], [76.43169, 32.69848], [76.43005, 32.70574], [76.42631, 32.71196], [76.41866, 32.7191], [76.40437, 32.72715], [76.40437, 32.73728], [76.38568, 32.77427], [76.38784, 32.78392], [76.38604, 32.79192], [76.37631, 32.79642], [76.37698, 32.81433], [76.37411, 32.81317], [76.37224, 32.81419], [76.37399, 32.81613], [76.3773, 32.81607], [76.37799, 32.81932], [76.39395, 32.82273], [76.41114, 32.84106], [76.43414, 32.8507], [76.44466, 32.85332], [76.45638, 32.85162], [76.46562, 32.82528], [76.4719, 32.82044], [76.47088, 32.81207], [76.47416, 32.80487], [76.51403, 32.80272], [76.52809, 32.80635], [76.53722, 32.81114], [76.54768, 32.81248], [76.56333, 32.82369], [76.57647, 32.82799], [76.59205, 32.83766], [76.61318, 32.85379], [76.61871, 32.85272], [76.63084, 32.84294], [76.64086, 32.84135], [76.65758, 32.84831], [76.67166, 32.84531], [76.67959, 32.85134], [76.68574, 32.8537], [76.69118, 32.86391], [76.69724, 32.8707], [76.69854, 32.87778], [76.71828, 32.88981], [76.71991, 32.92238], [76.764, 32.92926], [76.76896, 32.93592], [76.77442, 32.93721], [76.77803, 32.94519], [76.79201, 32.96038], [76.78054, 32.96078], [76.7808, 32.96757], [76.77746, 32.98023], [76.78789, 32.9879], [76.78642, 32.98986], [76.7752, 32.99353], [76.77394, 33.00948], [76.77643, 33.01433], [76.76962, 33.01745], [76.76336, 33.01788], [76.75751, 33.02521], [76.75837, 33.03653], [76.75497, 33.03836], [76.7563, 33.04417], [76.74662, 33.05308], [76.74456, 33.06366], [76.73825, 33.07494], [76.73666, 33.08259], [76.73805, 33.08938], [76.7365, 33.09651], [76.74188, 33.11449], [76.74155, 33.12047], [76.74648, 33.12527], [76.74848, 33.13007], [76.74902, 33.1483], [76.74515, 33.15409], [76.74743, 33.15824], [76.7485, 33.17809], [76.73282, 33.17614], [76.7271, 33.18], [76.71536, 33.18021], [76.71228, 33.17633], [76.70389, 33.17277], [76.68808, 33.17208], [76.67806, 33.16988], [76.66969, 33.17062], [76.65932, 33.16347], [76.64556, 33.1613], [76.63114, 33.16481], [76.61816, 33.17264], [76.61591, 33.18694], [76.61115, 33.18954], [76.60659, 33.18894], [76.60263, 33.192], [76.60482, 33.20317], [76.60052, 33.20584], [76.58156, 33.20518], [76.5661, 33.20855], [76.56057, 33.2058], [76.55276, 33.19838], [76.53882, 33.19947], [76.52433, 33.19486], [76.51454, 33.19512], [76.50734, 33.18925], [76.48757, 33.17903], [76.47407, 33.18247], [76.46031, 33.17965], [76.44828, 33.18201], [76.44026, 33.18102], [76.4262, 33.18766], [76.41916, 33.18581], [76.41019, 33.18596], [76.40304, 33.18216], [76.39831, 33.17573], [76.38459, 33.16733], [76.3742, 33.15389], [76.37053, 33.15414], [76.35398, 33.14559], [76.33388, 33.12953], [76.31024, 33.11957], [76.30628, 33.11251], [76.29326, 33.10336], [76.29513, 33.09999], [76.29409, 33.09739], [76.28948, 33.09571], [76.27339, 33.0516], [76.25538, 33.03193], [76.23422, 33.02794], [76.2186, 33.02742], [76.17025, 33.02238], [76.1619, 33.01599], [76.14618, 33.00961], [76.13846, 33.00995], [76.11162, 33.00441], [76.11249, 32.9999], [76.10006, 32.96835], [76.08784, 32.96179], [76.08371, 32.95755], [76.07228, 32.95055], [76.0682, 32.94385], [76.06038, 32.93983], [76.04584, 32.93706], [76.04141, 32.93121], [76.03492, 32.91725], [76.02234, 32.91364], [76.00509, 32.90023], [76.00087, 32.90005], [75.96339, 32.88485], [75.9514, 32.88404], [75.94086, 32.89785], [75.93122, 32.90601], [75.91777, 32.91554], [75.89863, 32.92463], [75.88479, 32.93015], [75.86774, 32.93114], [75.85154, 32.93463], [75.83909, 32.93351], [75.82558, 32.92985], [75.81591, 32.91949], [75.81935, 32.91031], [75.81757, 32.90396], [75.81227, 32.89776], [75.80496, 32.89337], [75.80734, 32.88143], [75.81215, 32.87021], [75.8258, 32.85315], [75.83851, 32.84267], [75.85513, 32.83646], [75.89122, 32.81345], [75.91743, 32.7695], [75.92981, 32.75671], [75.93153, 32.73597], [75.9234, 32.72867], [75.91263, 32.71187], [75.91261, 32.70188], [75.91025, 32.69828], [75.90908, 32.69045], [75.9096, 32.68535], [75.91241, 32.68255], [75.90765, 32.67598], [75.901, 32.66027], [75.90323, 32.65826], [75.90624, 32.65811], [75.91629, 32.66731], [75.92173, 32.66663], [75.92817, 32.66362], [75.92877, 32.65488], [75.93652, 32.6533], [75.94366, 32.65732], [75.94494, 32.65447], [75.94282, 32.65341], [75.9448, 32.65216], [75.94406, 32.64965], [75.94663, 32.64335], [75.94461, 32.64279], [75.93808, 32.64755], [75.93329, 32.64483], [75.93014, 32.6379], [75.93215, 32.62986], [75.92483, 32.61854], [75.8895, 32.57561], [75.89239, 32.57027], [75.88853, 32.56076], [75.87324, 32.5371], [75.87196, 32.53292], [75.85737, 32.52571], [75.8589, 32.51961], [75.85262, 32.51891], [75.85321, 32.51605], [75.86175, 32.51488], [75.8637, 32.5096], [75.87207, 32.49893], [75.90389, 32.47128], [75.91216, 32.46108], [75.92108, 32.45521], [75.923, 32.43722], [75.93386, 32.43035], [75.92775, 32.4083]]]}}, {"type": "Feature", "properties": {"shapeName": "Shimla", "shapeISO": "", "shapeID": "76128533B77537928419507", "shapeGroup": "IND", "shapeType": "ADM2", "district": "Shimla"}, "geometry": {"type": "Polygon", "coordinates": [[[77.2469, 30.91849], [77.25527, 30.92171], [77.26161, 30.92814], [77.26334, 30.93685], [77.26628, 30.94046], [77.28793, 30.95112], [77.29579, 30.95127], [77.30122, 30.95638], [77.30241, 30.96784], [77.30919, 30.96881], [77.31768, 30.97541], [77.32163, 30.97558], [77.33812, 31.00059], [77.36397, 31.00956], [77.37379, 31.01668], [77.37441, 31.02197], [77.39481, 31.01181], [77.41045, 30.99992], [77.41702, 30.99843], [77.41841, 30.99517], [77.43303, 30.98492], [77.44144, 30.97558], [77.44322, 30.96722], [77.44313, 30.94476], [77.4363, 30.93732], [77.43033, 30.93342], [77.41199, 30.92615], [77.42548, 30.9132], [77.42811, 30.90094], [77.43564, 30.89372], [77.43785, 30.88719], [77.43664, 30.87854], [77.43278, 30.8719], [77.44351, 30.86949], [77.4524, 30.86233], [77.4618, 30.8657], [77.47109, 30.86336], [77.47806, 30.86468], [77.48808, 30.84456], [77.49369, 30.84067], [77.49101, 30.83539], [77.49026, 30.82514], [77.49121, 30.81609], [77.49427, 30.81002], [77.49422, 30.80366], [77.49681, 30.79959], [77.4936, 30.79386], [77.51533, 30.78772], [77.52495, 30.78262], [77.53023, 30.79557], [77.53351, 30.79721], [77.54923, 30.79726], [77.55324, 30.79617], [77.55352, 30.79262], [77.55038, 30.78392], [77.54456, 30.77613], [77.5455, 30.77349], [77.55449, 30.77612], [77.58783, 30.77602], [77.60277, 30.78091], [77.61265, 30.7886], [77.61758, 30.79047], [77.62112, 30.79402], [77.62287, 30.80416], [77.62497, 30.80783], [77.65543, 30.80348], [77.65845, 30.80576], [77.66064, 30.79883], [77.66523, 30.80117], [77.67571, 30.79082], [77.68202, 30.78951], [77.68598, 30.78641], [77.6879, 30.77736], [77.69133, 30.77265], [77.70911, 30.75931], [77.7112, 30.77397], [77.72307, 30.7879], [77.7492, 30.81276], [77.7534, 30.81877], [77.76318, 30.82247], [77.75989, 30.83118], [77.75311, 30.83631], [77.74844, 30.84647], [77.74921, 30.84897], [77.7564, 30.85148], [77.75926, 30.8559], [77.75818, 30.86916], [77.76467, 30.87647], [77.77728, 30.87311], [77.77946, 30.85935], [77.78207, 30.85614], [77.80769, 30.84938], [77.80532, 30.8617], [77.80065, 30.86436], [77.80357, 30.89024], [77.80947, 30.89207], [77.8169, 30.90002], [77.81771, 30.90662], [77.81294, 30.91306], [77.81567, 30.91773], [77.81389, 30.91948], [77.80697, 30.91995], [77.78822, 30.91638], [77.78642, 30.91329], [77.77894, 30.91338], [77.77466, 30.9149], [77.77034, 30.91372], [77.76755, 30.91666], [77.76495, 30.91464], [77.7664, 30.92649], [77.76484, 30.92803], [77.75514, 30.93003], [77.75611, 30.93377], [77.75108, 30.94786], [77.75584, 30.9601], [77.76817, 30.96628], [77.77117, 30.97058], [77.77459, 30.97074], [77.79592, 30.96507], [77.80081, 30.96086], [77.80417, 30.95997], [77.80893, 30.95426], [77.81683, 30.94982], [77.82829, 30.94581], [77.83446, 30.94627], [77.84043, 30.95064], [77.83603, 30.955], [77.83346, 30.95605], [77.82622, 30.95337], [77.81642, 30.95817], [77.82732, 30.97009], [77.83132, 30.97049], [77.82817, 30.97303], [77.82812, 30.97899], [77.82571, 30.98364], [77.82822, 30.98759], [77.83357, 30.99064], [77.84418, 30.99077], [77.84507, 30.99197], [77.84039, 30.99493], [77.83958, 31.00068], [77.83709, 31.00233], [77.83609, 31.00637], [77.83306, 31.00764], [77.83601, 31.01189], [77.835, 31.01911], [77.833, 31.02226], [77.83363, 31.02537], [77.82981, 31.0273], [77.82397, 31.03905], [77.82414, 31.04301], [77.81807, 31.04712], [77.82008, 31.05283], [77.81387, 31.05563], [77.82517, 31.05493], [77.82264, 31.05135], [77.83036, 31.05393], [77.83797, 31.06569], [77.83863, 31.06914], [77.85213, 31.07056], [77.86121, 31.082], [77.8631, 31.08731], [77.86582, 31.08914], [77.86254, 31.09879], [77.86615, 31.10574], [77.86999, 31.10684], [77.87099, 31.10909], [77.87593, 31.11208], [77.88114, 31.11339], [77.88334, 31.11134], [77.88514, 31.11527], [77.89404, 31.11791], [77.89111, 31.12824], [77.89701, 31.13062], [77.901, 31.13518], [77.90327, 31.14062], [77.9023, 31.14621], [77.90534, 31.14873], [77.91205, 31.15043], [77.91945, 31.15003], [77.92468, 31.14628], [77.92679, 31.14652], [77.93736, 31.15117], [77.94669, 31.15793], [77.95491, 31.15808], [77.95593, 31.16159], [77.96331, 31.16785], [77.9702, 31.16914], [77.97547, 31.16263], [77.98279, 31.1586], [77.98717, 31.15332], [77.99418, 31.15678], [78.00204, 31.15798], [78.00932, 31.15693], [78.02209, 31.1472], [78.03095, 31.14689], [78.03285, 31.15138], [78.02984, 31.15699], [78.03044, 31.1607], [78.03473, 31.16615], [78.04163, 31.16917], [78.04346, 31.17486], [78.04875, 31.17661], [78.05188, 31.17619], [78.06739, 31.18362], [78.08887, 31.18334], [78.09821, 31.18037], [78.10476, 31.18164], [78.11476, 31.1906], [78.12125, 31.19338], [78.1245, 31.19649], [78.1295, 31.19713], [78.13401, 31.20441], [78.1486, 31.20679], [78.14934, 31.21006], [78.15514, 31.21491], [78.15876, 31.21491], [78.16104, 31.22157], [78.1676, 31.22078], [78.17468, 31.22301], [78.18012, 31.22177], [78.18808, 31.22322], [78.19295, 31.22118], [78.19782, 31.21476], [78.20156, 31.21341], [78.20992, 31.21641], [78.21334, 31.21581], [78.21569, 31.21755], [78.21701, 31.22565], [78.22116, 31.2301], [78.22692, 31.23117], [78.2336, 31.23013], [78.24366, 31.22553], [78.24687, 31.22596], [78.25274, 31.23], [78.25158, 31.23662], [78.25673, 31.23503], [78.26223, 31.23607], [78.26453, 31.24167], [78.27154, 31.24561], [78.27136, 31.24852], [78.27583, 31.2522], [78.27831, 31.25762], [78.28138, 31.25835], [78.28512, 31.26239], [78.29401, 31.25624], [78.29947, 31.25726], [78.30518, 31.25533], [78.30884, 31.25647], [78.31274, 31.26772], [78.31028, 31.27222], [78.31338, 31.27927], [78.30727, 31.28563], [78.2959, 31.29244], [78.29613, 31.29884], [78.29855, 31.30381], [78.29823, 31.30912], [78.30233, 31.31482], [78.29245, 31.32347], [78.27538, 31.3243], [78.26054, 31.32748], [78.25624, 31.32995], [78.24806, 31.34053], [78.24513, 31.34182], [78.24151, 31.34054], [78.2358, 31.33416], [78.22929, 31.33125], [78.22616, 31.32794], [78.22052, 31.32553], [78.21524, 31.3253], [78.20955, 31.32859], [78.20342, 31.32912], [78.18657, 31.33657], [78.18069, 31.33623], [78.17206, 31.34399], [78.16479, 31.34431], [78.15385, 31.35963], [78.1666, 31.37785], [78.16381, 31.38346], [78.15395, 31.39042], [78.1473, 31.38727], [78.14125, 31.39407], [78.13607, 31.39621], [78.12698, 31.40545], [78.11098, 31.40915], [78.10526, 31.41548], [78.10418, 31.41947], [78.08932, 31.42193], [78.08008, 31.4169], [78.07434, 31.41719], [78.06985, 31.41527], [78.05519, 31.41836], [78.03348, 31.40419], [78.02502, 31.40048], [78.01483, 31.40306], [78.00059, 31.40236], [77.99609, 31.40439], [77.97734, 31.40125], [77.96425, 31.4022], [77.96131, 31.41393], [77.95468, 31.41834], [77.94499, 31.42312], [77.93321, 31.42212], [77.92869, 31.42412], [77.92256, 31.43133], [77.91715, 31.43253], [77.90949, 31.44008], [77.9033, 31.44272], [77.89877, 31.45643], [77.88924, 31.46538], [77.88066, 31.4705], [77.88384, 31.48023], [77.88317, 31.48659], [77.88015, 31.4912], [77.87205, 31.49742], [77.87011, 31.50368], [77.86002, 31.51107], [77.85655, 31.50557], [77.85197, 31.50818], [77.84151, 31.50666], [77.84138, 31.51293], [77.8458, 31.5271], [77.84123, 31.5454], [77.83716, 31.55353], [77.83598, 31.56251], [77.83976, 31.57923], [77.82107, 31.60463], [77.81489, 31.61064], [77.82553, 31.63776], [77.82089, 31.6429], [77.81654, 31.65726], [77.81278, 31.66287], [77.80467, 31.66906], [77.79526, 31.67348], [77.79023, 31.68674], [77.78406, 31.6946], [77.77249, 31.70335], [77.76412, 31.70408], [77.7559, 31.70752], [77.75138, 31.71351], [77.73537, 31.71428], [77.71625, 31.70386], [77.70981, 31.70246], [77.69535, 31.7039], [77.68649, 31.70319], [77.68036, 31.69878], [77.67059, 31.68307], [77.66252, 31.67918], [77.6599, 31.67013], [77.64938, 31.66013], [77.64978, 31.65258], [77.65272, 31.65084], [77.66403, 31.6344], [77.66027, 31.63101], [77.65408, 31.62896], [77.6492, 31.61271], [77.64977, 31.59852], [77.65319, 31.59193], [77.65676, 31.57801], [77.66516, 31.57186], [77.67463, 31.56085], [77.68051, 31.55933], [77.68491, 31.54933], [77.69196, 31.54452], [77.6999, 31.5416], [77.70508, 31.52945], [77.70178, 31.51839], [77.70391, 31.50875], [77.70924, 31.50123], [77.70698, 31.49669], [77.70205, 31.49514], [77.68933, 31.48618], [77.67158, 31.46245], [77.64144, 31.45409], [77.63285, 31.44985], [77.62881, 31.44571], [77.62569, 31.43863], [77.6237, 31.42323], [77.63465, 31.39712], [77.63061, 31.39067], [77.62031, 31.38817], [77.61106, 31.39329], [77.60112, 31.39563], [77.59203, 31.39514], [77.57207, 31.3861], [77.56381, 31.38826], [77.55484, 31.38622], [77.54847, 31.38174], [77.53226, 31.35305], [77.5263, 31.35094], [77.51896, 31.35085], [77.50824, 31.35492], [77.49916, 31.35575], [77.47958, 31.35246], [77.47677, 31.34975], [77.45498, 31.34732], [77.44762, 31.34267], [77.43702, 31.34385], [77.43059, 31.34121], [77.42495, 31.34635], [77.41947, 31.34585], [77.40267, 31.36181], [77.3975, 31.35894], [77.38732, 31.36103], [77.38608, 31.35804], [77.3726, 31.35852], [77.36485, 31.35611], [77.35855, 31.35162], [77.35335, 31.34529], [77.34201, 31.32234], [77.33737, 31.29789], [77.33188, 31.29357], [77.32547, 31.29271], [77.31863, 31.28309], [77.31422, 31.28086], [77.30623, 31.27099], [77.29309, 31.26785], [77.28717, 31.26851], [77.28662, 31.26639], [77.28342, 31.26553], [77.27876, 31.26761], [77.27651, 31.27321], [77.27125, 31.27529], [77.26623, 31.26921], [77.25574, 31.26254], [77.24904, 31.25388], [77.241, 31.25844], [77.22674, 31.26069], [77.22027, 31.25966], [77.21183, 31.24914], [77.20529, 31.2443], [77.19729, 31.24405], [77.19497, 31.2504], [77.19086, 31.25485], [77.17846, 31.24291], [77.16246, 31.23049], [77.14774, 31.23115], [77.14001, 31.22813], [77.13328, 31.2284], [77.12794, 31.23097], [77.12563, 31.23506], [77.12685, 31.24037], [77.12576, 31.24418], [77.1224, 31.24675], [77.11213, 31.24433], [77.10658, 31.24729], [77.09597, 31.24415], [77.0841, 31.2476], [77.07464, 31.25624], [77.06151, 31.26351], [77.03262, 31.27495], [77.01839, 31.28831], [77.00378, 31.29751], [77.0146, 31.27847], [77.01585, 31.27134], [77.00548, 31.23685], [77.01355, 31.23372], [77.01459, 31.22616], [77.02073, 31.21821], [77.01085, 31.2095], [77.00587, 31.2028], [77.00423, 31.19493], [77.00478, 31.18761], [77.00641, 31.18077], [77.01318, 31.17454], [77.02663, 31.16837], [77.03464, 31.15864], [77.03122, 31.15206], [77.01323, 31.13684], [77.0115, 31.13048], [77.01189, 31.11819], [77.00994, 31.11557], [77.00655, 31.11424], [77.00079, 31.11464], [76.99672, 31.11697], [76.99327, 31.11618], [76.99352, 31.11144], [77.00078, 31.1051], [77.01801, 31.10886], [77.02669, 31.10903], [77.03141, 31.11436], [77.0474, 31.11577], [77.05269, 31.1102], [77.05231, 31.10115], [77.04209, 31.09919], [77.03729, 31.09492], [77.02753, 31.09151], [77.02673, 31.08715], [77.02859, 31.08143], [77.03548, 31.07954], [77.03988, 31.06805], [77.04402, 31.0722], [77.04536, 31.08111], [77.05922, 31.08977], [77.07109, 31.08523], [77.07421, 31.08689], [77.07658, 31.08619], [77.07901, 31.08482], [77.08737, 31.06556], [77.08258, 31.06185], [77.08131, 31.0563], [77.07175, 31.05451], [77.06839, 31.0503], [77.08898, 31.04169], [77.09391, 31.03751], [77.1067, 31.03115], [77.11429, 31.03029], [77.12118, 31.03185], [77.13054, 31.02898], [77.14546, 31.0206], [77.14957, 31.00822], [77.17165, 31.00463], [77.18146, 31.0091], [77.18709, 31.00881], [77.20926, 30.99079], [77.21021, 30.98649], [77.20592, 30.97686], [77.20298, 30.97416], [77.20341, 30.96952], [77.20738, 30.96666], [77.2203, 30.96594], [77.23542, 30.96006], [77.2527, 30.94738], [77.248, 30.94222], [77.24122, 30.93945], [77.2414, 30.93447], [77.2458, 30.92497], [77.2469, 30.91849]]]}}, {"type": "Feature", "properties": {"shapeName": "Bilaspur", "shapeISO": "", "shapeID": "76128533B85695392289827", "shapeGroup": "IND", "shapeType": "ADM2", "district": "Bilaspur"}, "geometry": {"type": "Polygon", "coordinates": [[[76.3966, 31.40773], [76.40533, 31.39441], [76.39418, 31.38826], [76.40595, 31.3757], [76.4277, 31.34466], [76.43303, 31.33429], [76.44284, 31.32213], [76.46308, 31.30289], [76.46038, 31.29731], [76.44325, 31.28615], [76.44591, 31.27976], [76.46054, 31.2866], [76.47085, 31.29827], [76.48153, 31.30708], [76.48726, 31.30357], [76.49029, 31.28912], [76.49798, 31.2811], [76.50337, 31.2702], [76.51301, 31.27008], [76.52561, 31.27934], [76.52907, 31.27986], [76.53139, 31.27416], [76.52905, 31.26126], [76.53286, 31.25907], [76.54267, 31.26671], [76.54602, 31.28029], [76.55196, 31.28069], [76.54742, 31.26325], [76.5497, 31.25208], [76.5607, 31.25258], [76.56703, 31.26156], [76.58255, 31.27452], [76.58412, 31.27414], [76.58865, 31.27152], [76.58998, 31.26887], [76.58889, 31.26783], [76.59461, 31.26104], [76.59843, 31.25994], [76.61039, 31.24914], [76.61291, 31.2493], [76.6156, 31.24711], [76.59946, 31.23628], [76.59727, 31.22758], [76.59069, 31.22242], [76.59532, 31.21296], [76.60148, 31.21267], [76.63102, 31.22603], [76.64071, 31.22365], [76.63927, 31.2176], [76.64888, 31.21189], [76.65015, 31.20953], [76.66502, 31.21194], [76.67266, 31.21491], [76.69484, 31.21675], [76.70636, 31.22363], [76.72359, 31.22996], [76.72944, 31.23403], [76.73336, 31.2399], [76.74607, 31.23623], [76.75841, 31.22825], [76.77568, 31.2268], [76.77979, 31.22017], [76.79978, 31.22603], [76.80868, 31.23013], [76.82648, 31.2252], [76.83199, 31.22592], [76.83851, 31.23165], [76.84545, 31.22944], [76.85048, 31.22348], [76.86146, 31.21851], [76.87463, 31.21823], [76.88423, 31.22356], [76.8751, 31.23504], [76.8711, 31.24594], [76.86775, 31.24604], [76.87264, 31.25662], [76.8771, 31.26176], [76.883, 31.26253], [76.89066, 31.26583], [76.89734, 31.26446], [76.90006, 31.2678], [76.89695, 31.2734], [76.8994, 31.27783], [76.90851, 31.27961], [76.917, 31.2838], [76.92875, 31.30187], [76.9238, 31.3031], [76.92008, 31.31339], [76.91367, 31.31614], [76.90496, 31.31578], [76.88189, 31.32576], [76.87779, 31.33285], [76.87653, 31.35346], [76.87461, 31.36043], [76.87645, 31.36694], [76.86699, 31.37956], [76.86694, 31.38166], [76.86978, 31.38403], [76.87746, 31.38502], [76.88425, 31.38801], [76.88132, 31.41153], [76.85293, 31.41423], [76.83475, 31.42127], [76.82876, 31.42026], [76.82506, 31.41796], [76.81722, 31.42001], [76.81275, 31.42343], [76.80487, 31.42233], [76.80369, 31.42648], [76.80525, 31.43248], [76.80333, 31.43987], [76.79793, 31.44533], [76.79921, 31.45095], [76.80213, 31.45164], [76.80273, 31.45637], [76.79889, 31.46046], [76.79735, 31.47426], [76.78684, 31.48435], [76.79183, 31.49846], [76.79052, 31.50317], [76.78002, 31.51471], [76.77695, 31.51193], [76.76675, 31.52154], [76.75022, 31.52192], [76.74096, 31.51827], [76.73854, 31.51979], [76.73756, 31.52181], [76.74041, 31.52468], [76.73548, 31.53258], [76.73694, 31.53949], [76.73101, 31.54625], [76.72999, 31.55524], [76.73568, 31.56242], [76.7291, 31.56347], [76.73186, 31.57262], [76.73205, 31.5819], [76.73027, 31.58607], [76.70614, 31.59866], [76.68581, 31.59284], [76.68194, 31.58681], [76.66758, 31.58257], [76.65603, 31.58386], [76.64543, 31.587], [76.63978, 31.57976], [76.63332, 31.57527], [76.62271, 31.5732], [76.61754, 31.5654], [76.62012, 31.55699], [76.61509, 31.54669], [76.61764, 31.53235], [76.6215, 31.52756], [76.62007, 31.51443], [76.60873, 31.49033], [76.61097, 31.46953], [76.62795, 31.44485], [76.62604, 31.43852], [76.61694, 31.431], [76.61864, 31.42322], [76.61499, 31.41839], [76.59409, 31.42539], [76.59044, 31.42183], [76.57311, 31.43147], [76.56129, 31.42902], [76.55777, 31.43852], [76.53542, 31.45421], [76.53371, 31.46095], [76.52653, 31.46062], [76.51844, 31.46759], [76.51384, 31.45999], [76.50065, 31.46882], [76.48508, 31.47044], [76.4684, 31.48024], [76.46485, 31.48377], [76.45975, 31.48572], [76.45357, 31.48285], [76.47126, 31.45836], [76.4672, 31.44846], [76.47507, 31.44846], [76.48167, 31.44593], [76.48367, 31.44642], [76.48845, 31.43983], [76.47445, 31.43043], [76.47267, 31.4241], [76.46053, 31.42203], [76.43578, 31.41117], [76.41807, 31.41226], [76.3996, 31.42666], [76.39656, 31.42148], [76.3966, 31.40773]]]}}, {"type": "Feature", "properties": {"shapeName": "Kangra", "shapeISO": "", "shapeID": "76128533B13697452453823", "shapeGroup": "IND", "shapeType": "ADM2", "district": "Kangra"}, "geometry": {"type": "Polygon", "coordinates": [[[76.31468, 31.72139], [76.32036, 31.73093], [76.31693, 31.73346], [76.31455, 31.73889], [76.30876, 31.75747], [76.31363, 31.76824], [76.30361, 31.77584], [76.30208, 31.78758], [76.30539, 31.78718], [76.30948, 31.77975], [76.31521, 31.77774], [76.32214, 31.77855], [76.33678, 31.78346], [76.35344, 31.79308], [76.36353, 31.78571], [76.36443, 31.78304], [76.36676, 31.78264], [76.37085, 31.77725], [76.38312, 31.78058], [76.40001, 31.79723], [76.41131, 31.78933], [76.41352, 31.78438], [76.41531, 31.79561], [76.43114, 31.79427], [76.43735, 31.79653], [76.4411, 31.80977], [76.44704, 31.80982], [76.44573, 31.80256], [76.46224, 31.80498], [76.45615, 31.81362], [76.45993, 31.81782], [76.46947, 31.81011], [76.47484, 31.81044], [76.47597, 31.81591], [76.4686, 31.82668], [76.47104, 31.8289], [76.5004, 31.83902], [76.52072, 31.84362], [76.5215, 31.85035], [76.51728, 31.85663], [76.5241, 31.86382], [76.53827, 31.87107], [76.55321, 31.88171], [76.56914, 31.88945], [76.59282, 31.89579], [76.6068, 31.89366], [76.64146, 31.8743], [76.66033, 31.87048], [76.67895, 31.87309], [76.67597, 31.8941], [76.6797, 31.89783], [76.67869, 31.90754], [76.68375, 31.91047], [76.68956, 31.93012], [76.69483, 31.93224], [76.69018, 31.95458], [76.68514, 31.96113], [76.68748, 31.96666], [76.68522, 31.97669], [76.68074, 31.98762], [76.66995, 32.00043], [76.66542, 32.01185], [76.66353, 32.03029], [76.676, 32.04086], [76.67706, 32.04495], [76.68044, 32.04776], [76.68927, 32.05144], [76.70369, 32.04858], [76.70672, 32.04461], [76.7071, 32.03901], [76.70377, 32.03645], [76.70658, 32.03376], [76.71435, 32.03499], [76.72431, 32.03213], [76.73064, 32.032], [76.73142, 32.02886], [76.73887, 32.02972], [76.74471, 32.0372], [76.76209, 32.05319], [76.77097, 32.06481], [76.77768, 32.06851], [76.78338, 32.06639], [76.78784, 32.07305], [76.79101, 32.07377], [76.79474, 32.07001], [76.79432, 32.06272], [76.79581, 32.05937], [76.81809, 32.0476], [76.8415, 32.04864], [76.8445, 32.05237], [76.84571, 32.05044], [76.84831, 32.05028], [76.85221, 32.05296], [76.85861, 32.04947], [76.86907, 32.05075], [76.88522, 32.05625], [76.88378, 32.06361], [76.89812, 32.06594], [76.92781, 32.06406], [76.93827, 32.0655], [76.94011, 32.06239], [76.94459, 32.06624], [76.94356, 32.08558], [76.93945, 32.09256], [76.94549, 32.10457], [76.9469, 32.11198], [76.98938, 32.11051], [76.98708, 32.11508], [76.98532, 32.13124], [76.98767, 32.15393], [76.99573, 32.17462], [77.00024, 32.18195], [76.99568, 32.18648], [77.00618, 32.19964], [77.01716, 32.20079], [77.02182, 32.20567], [77.03924, 32.20668], [77.04745, 32.21593], [77.05311, 32.22562], [77.0441, 32.23559], [77.03503, 32.24251], [77.03238, 32.24702], [77.03359, 32.25246], [77.0308, 32.26091], [77.03091, 32.27151], [77.03716, 32.28444], [77.03735, 32.28989], [77.03498, 32.29329], [77.03142, 32.30636], [77.03256, 32.30995], [77.04269, 32.3178], [77.04566, 32.32244], [77.04475, 32.33308], [77.04161, 32.33948], [77.04693, 32.34781], [77.05313, 32.36612], [77.06987, 32.38296], [77.07682, 32.39361], [77.07537, 32.39656], [77.07938, 32.40014], [77.08146, 32.40874], [77.0792, 32.41691], [77.06971, 32.41659], [77.0658, 32.42471], [77.05948, 32.42877], [77.04728, 32.42373], [77.0149, 32.41567], [77.00359, 32.41121], [76.99643, 32.4099], [76.99176, 32.41124], [76.98211, 32.4046], [76.97167, 32.40571], [76.96267, 32.40292], [76.95329, 32.4028], [76.95239, 32.40917], [76.9544, 32.42429], [76.94928, 32.42475], [76.92674, 32.41518], [76.91987, 32.41629], [76.91287, 32.41946], [76.91836, 32.42824], [76.91851, 32.4353], [76.91032, 32.44127], [76.90117, 32.44182], [76.89218, 32.4384], [76.90076, 32.45308], [76.90866, 32.45979], [76.90955, 32.46679], [76.90205, 32.4698], [76.89438, 32.46902], [76.88289, 32.46669], [76.86607, 32.46073], [76.84825, 32.44742], [76.8363, 32.44088], [76.82489, 32.43668], [76.81473, 32.42718], [76.81208, 32.41821], [76.80374, 32.41176], [76.78762, 32.40585], [76.78551, 32.38963], [76.78867, 32.37424], [76.77895, 32.36167], [76.77398, 32.35909], [76.75981, 32.35967], [76.75481, 32.35791], [76.75803, 32.35143], [76.7639, 32.34487], [76.77359, 32.33877], [76.78644, 32.31624], [76.77287, 32.30815], [76.77692, 32.29071], [76.77148, 32.2813], [76.78046, 32.26763], [76.7706, 32.25363], [76.7718, 32.24996], [76.77896, 32.24817], [76.77229, 32.24211], [76.7739, 32.22679], [76.77205, 32.22081], [76.76159, 32.20673], [76.7554, 32.20301], [76.74049, 32.18829], [76.73787, 32.18731], [76.71441, 32.19815], [76.71009, 32.19832], [76.69913, 32.19645], [76.6832, 32.17929], [76.67414, 32.1786], [76.62579, 32.1921], [76.61437, 32.1987], [76.60034, 32.21441], [76.59087, 32.2207], [76.57315, 32.22528], [76.56526, 32.22477], [76.55739, 32.22857], [76.54924, 32.22812], [76.52677, 32.23287], [76.52526, 32.23731], [76.51427, 32.23247], [76.50521, 32.23292], [76.49532, 32.24295], [76.48982, 32.24534], [76.48291, 32.25153], [76.47726, 32.24764], [76.46455, 32.24834], [76.45919, 32.25475], [76.45042, 32.26164], [76.44126, 32.2653], [76.43366, 32.26276], [76.42531, 32.26409], [76.42046, 32.27953], [76.40793, 32.28239], [76.37987, 32.29681], [76.37411, 32.30196], [76.36468, 32.31692], [76.35662, 32.32625], [76.33943, 32.32582], [76.32623, 32.33539], [76.30996, 32.33981], [76.3027, 32.3373], [76.2957, 32.33974], [76.28483, 32.36752], [76.27422, 32.37503], [76.26741, 32.37331], [76.26256, 32.37928], [76.26029, 32.39261], [76.25553, 32.39392], [76.24353, 32.39307], [76.22406, 32.39512], [76.22099, 32.39345], [76.21221, 32.3785], [76.20659, 32.37359], [76.17811, 32.35659], [76.16728, 32.35339], [76.17053, 32.3506], [76.17432, 32.33988], [76.16916, 32.32606], [76.16126, 32.31755], [76.16344, 32.31249], [76.1636, 32.29779], [76.16882, 32.28329], [76.1823, 32.27642], [76.18738, 32.27229], [76.18787, 32.26623], [76.18567, 32.25598], [76.18133, 32.24503], [76.18505, 32.23199], [76.18255, 32.22699], [76.17357, 32.23026], [76.16944, 32.23664], [76.16029, 32.23009], [76.14457, 32.22505], [76.13308, 32.22816], [76.12344, 32.22801], [76.12596, 32.23475], [76.12441, 32.24155], [76.12497, 32.25102], [76.12063, 32.25642], [76.11101, 32.25824], [76.1004, 32.26322], [76.09461, 32.26806], [76.08741, 32.27072], [76.07926, 32.27084], [76.04824, 32.26397], [76.0423, 32.26862], [76.03193, 32.27009], [76.01783, 32.29046], [76.01763, 32.29849], [76.0206, 32.30296], [76.02447, 32.31792], [76.02446, 32.32043], [76.01658, 32.31776], [76.0228, 32.33028], [76.02059, 32.33752], [76.00609, 32.35375], [75.99224, 32.37521], [75.98019, 32.38466], [75.97547, 32.3905], [75.95465, 32.39075], [75.93732, 32.39744], [75.92775, 32.4083], [75.88854, 32.39763], [75.86043, 32.37852], [75.7797, 32.30143], [75.77821, 32.29539], [75.77099, 32.28536], [75.75267, 32.27305], [75.72113, 32.2666], [75.6921, 32.26343], [75.66862, 32.25489], [75.65668, 32.24683], [75.65024, 32.24417], [75.64056, 32.23581], [75.63833, 32.22175], [75.6366, 32.22194], [75.63489, 32.2041], [75.63224, 32.19797], [75.63439, 32.19647], [75.63622, 32.18527], [75.63984, 32.19109], [75.6462, 32.1911], [75.6498, 32.18219], [75.66562, 32.17905], [75.67219, 32.17596], [75.67783, 32.16398], [75.67146, 32.14536], [75.64704, 32.11878], [75.62642, 32.09895], [75.61629, 32.09327], [75.59453, 32.08107], [75.61432, 32.06534], [75.65588, 32.07599], [75.66519, 32.0764], [75.68893, 32.06608], [75.70564, 32.06065], [75.70811, 32.05856], [75.71621, 32.04266], [75.72628, 32.03506], [75.74977, 32.03633], [75.7538, 32.03479], [75.76416, 32.02612], [75.76959, 32.01882], [75.79006, 31.99965], [75.81087, 31.98739], [75.82978, 31.98217], [75.85212, 31.98036], [75.85736, 31.97232], [75.86704, 31.97121], [75.87252, 31.96812], [75.88191, 31.96747], [75.91028, 31.94837], [75.91183, 31.94118], [75.92682, 31.94525], [75.93595, 31.94211], [75.94405, 31.93621], [75.94628, 31.92935], [75.9381, 31.92253], [75.93639, 31.91523], [75.92836, 31.91505], [75.9418, 31.88822], [75.94704, 31.88225], [75.95244, 31.87225], [75.95398, 31.86627], [75.95982, 31.85588], [75.98014, 31.8489], [75.99059, 31.84928], [76.00087, 31.85066], [76.00945, 31.86275], [76.03897, 31.86358], [76.04835, 31.8612], [76.07359, 31.83873], [76.08499, 31.83576], [76.08585, 31.83095], [76.0912, 31.82329], [76.10277, 31.81871], [76.11576, 31.80514], [76.13272, 31.79982], [76.16081, 31.79582], [76.16687, 31.79325], [76.18108, 31.7837], [76.18545, 31.77624], [76.18349, 31.76967], [76.19038, 31.76774], [76.19549, 31.77182], [76.20247, 31.77239], [76.21079, 31.76292], [76.22474, 31.74232], [76.23045, 31.73922], [76.23061, 31.73752], [76.24959, 31.72199], [76.25208, 31.7179], [76.27196, 31.70539], [76.29044, 31.68628], [76.29549, 31.69089], [76.31468, 31.72139]]]}}, {"type": "Feature", "properties": {"shapeName": "Lahul & Spiti", "shapeISO": "", "shapeID": "76128533B75359793481950", "shapeGroup": "IND", "shapeType": "ADM2", "district": "Lahul & Spiti"}, "geometry": {"type": "Polygon", "coordinates": [[[78.67403, 32.07914], [78.66972, 32.08357], [78.66523, 32.10247], [78.65696, 32.10746], [78.64597, 32.1103], [78.62356, 32.11285], [78.61684, 32.11573], [78.6137, 32.11879], [78.61159, 32.13106], [78.60695, 32.14095], [78.5921, 32.15314], [78.592, 32.15697], [78.59472, 32.16049], [78.60621, 32.16693], [78.61118, 32.17785], [78.61168, 32.18392], [78.608, 32.19308], [78.60864, 32.1994], [78.61266, 32.20694], [78.61263, 32.21214], [78.61045, 32.21413], [78.59149, 32.22681], [78.557, 32.2455], [78.53147, 32.24497], [78.5191, 32.24127], [78.50041, 32.23869], [78.48168, 32.24153], [78.45676, 32.24206], [78.45845, 32.24722], [78.47603, 32.26475], [78.48193, 32.27339], [78.48379, 32.27963], [78.48463, 32.2875], [78.48235, 32.31629], [78.47843, 32.33289], [78.48182, 32.3479], [78.48576, 32.35367], [78.50072, 32.36156], [78.50953, 32.36897], [78.5118, 32.37299], [78.51549, 32.39094], [78.53456, 32.4082], [78.53668, 32.41421], [78.52943, 32.41942], [78.52052, 32.42194], [78.50158, 32.42074], [78.49604, 32.42158], [78.48407, 32.44093], [78.47994, 32.44377], [78.45606, 32.45219], [78.4534, 32.45837], [78.45532, 32.46687], [78.46637, 32.48302], [78.46675, 32.48597], [78.46307, 32.49374], [78.45869, 32.49638], [78.45646, 32.5012], [78.44976, 32.50613], [78.44372, 32.5079], [78.43303, 32.50687], [78.42722, 32.5079], [78.41947, 32.51405], [78.41713, 32.52227], [78.41246, 32.52443], [78.4005, 32.52555], [78.3744, 32.50857], [78.32835, 32.47183], [78.32419, 32.47366], [78.29652, 32.50389], [78.31308, 32.51842], [78.31723, 32.52523], [78.31476, 32.57352], [78.33584, 32.57618], [78.34993, 32.58088], [78.35882, 32.58907], [78.40708, 32.61923], [78.39418, 32.62562], [78.38923, 32.63417], [78.38151, 32.66807], [78.38206, 32.68161], [78.38599, 32.69562], [78.39627, 32.71542], [78.39341, 32.71877], [78.38971, 32.72983], [78.38924, 32.74199], [78.39132, 32.7563], [78.38988, 32.758], [78.36327, 32.75962], [78.30612, 32.73402], [78.31308, 32.7278], [78.31654, 32.721], [78.31699, 32.71591], [78.31414, 32.70897], [78.30327, 32.70295], [78.29111, 32.6991], [78.27747, 32.69911], [78.25493, 32.69087], [78.25159, 32.67989], [78.24327, 32.67176], [78.23124, 32.66538], [78.21991, 32.66139], [78.21327, 32.66353], [78.20222, 32.66006], [78.1978, 32.66662], [78.18877, 32.67344], [78.17081, 32.67527], [78.16272, 32.67285], [78.15427, 32.66657], [78.14487, 32.64534], [78.1397, 32.63858], [78.13436, 32.63866], [78.12521, 32.64601], [78.11749, 32.65626], [78.1116, 32.65843], [78.09718, 32.64907], [78.09113, 32.64068], [78.08559, 32.62188], [78.08346, 32.62055], [78.07715, 32.62085], [78.06224, 32.62511], [78.05204, 32.63192], [78.05058, 32.62468], [78.05254, 32.61193], [78.05957, 32.60157], [78.05969, 32.59549], [78.05385, 32.58821], [78.04548, 32.5849], [78.03548, 32.5833], [78.00508, 32.5845], [78.00059, 32.58283], [77.99473, 32.58826], [77.98591, 32.60432], [77.98031, 32.61014], [77.97756, 32.6171], [77.97234, 32.62233], [77.9732, 32.6312], [77.97077, 32.63678], [77.9646, 32.63912], [77.95741, 32.64419], [77.9453, 32.65904], [77.9384, 32.67597], [77.92916, 32.68465], [77.92144, 32.68959], [77.92061, 32.69491], [77.9239, 32.70009], [77.9245, 32.70886], [77.9277, 32.71792], [77.93032, 32.72228], [77.93674, 32.72732], [77.93013, 32.73304], [77.93627, 32.75347], [77.93349, 32.76263], [77.93064, 32.76373], [77.92729, 32.76869], [77.92186, 32.76948], [77.91787, 32.77191], [77.89925, 32.77202], [77.89062, 32.78289], [77.88536, 32.78694], [77.8874, 32.79703], [77.88296, 32.80318], [77.8797, 32.81285], [77.86605, 32.82512], [77.84985, 32.83177], [77.84355, 32.83661], [77.83278, 32.83292], [77.82665, 32.83278], [77.81747, 32.84262], [77.78619, 32.8553], [77.77991, 32.86167], [77.7845, 32.87715], [77.79129, 32.88777], [77.80552, 32.88854], [77.81107, 32.89493], [77.80874, 32.90228], [77.80033, 32.90691], [77.79662, 32.91266], [77.77818, 32.92433], [77.76626, 32.93636], [77.76344, 32.94283], [77.75508, 32.94484], [77.74601, 32.95453], [77.74182, 32.96136], [77.73118, 32.96882], [77.72699, 32.96434], [77.72236, 32.96314], [77.71856, 32.96607], [77.7137, 32.97486], [77.70956, 32.97647], [77.69817, 32.97485], [77.69669, 32.97779], [77.68956, 32.98336], [77.6839, 32.98313], [77.67864, 32.96604], [77.67502, 32.96304], [77.67193, 32.95648], [77.65712, 32.95325], [77.64196, 32.94163], [77.63583, 32.9411], [77.63153, 32.93851], [77.62367, 32.93945], [77.60493, 32.93702], [77.60248, 32.94093], [77.59821, 32.92881], [77.58817, 32.91877], [77.57233, 32.91025], [77.56321, 32.90888], [77.54544, 32.88942], [77.538, 32.88454], [77.52465, 32.88023], [77.51275, 32.87868], [77.50296, 32.88372], [77.49156, 32.87597], [77.47356, 32.85892], [77.46669, 32.85887], [77.45452, 32.8631], [77.45058, 32.86768], [77.44958, 32.87305], [77.44408, 32.88092], [77.43611, 32.87647], [77.42849, 32.87549], [77.41753, 32.88122], [77.4157, 32.88429], [77.40584, 32.88284], [77.39774, 32.87815], [77.38954, 32.86472], [77.38137, 32.86083], [77.37797, 32.85689], [77.37701, 32.85371], [77.38093, 32.84388], [77.38012, 32.83989], [77.37471, 32.82253], [77.36661, 32.81847], [77.35417, 32.81619], [77.34608, 32.81717], [77.33982, 32.8197], [77.33887, 32.82542], [77.33473, 32.82707], [77.32909, 32.83501], [77.33073, 32.84366], [77.3234, 32.85142], [77.30699, 32.85002], [77.29952, 32.85306], [77.29259, 32.85719], [77.28837, 32.86384], [77.27661, 32.87383], [77.26583, 32.86239], [77.25712, 32.86263], [77.25452, 32.86979], [77.24309, 32.87753], [77.24235, 32.88021], [77.24574, 32.88143], [77.24759, 32.88432], [77.24657, 32.89309], [77.23628, 32.89485], [77.22287, 32.90393], [77.20727, 32.90766], [77.20011, 32.91307], [77.1922, 32.92878], [77.18492, 32.92572], [77.18206, 32.92277], [77.17874, 32.91373], [77.17574, 32.91089], [77.1645, 32.91169], [77.16905, 32.91789], [77.16529, 32.93208], [77.16713, 32.93908], [77.16447, 32.94047], [77.16451, 32.95412], [77.15477, 32.95549], [77.15367, 32.95868], [77.1527, 32.96724], [77.15482, 32.97822], [77.14594, 32.98162], [77.1385, 32.9805], [77.12158, 32.98502], [77.11552, 32.97539], [77.10257, 32.97149], [77.09329, 32.97118], [77.08432, 32.9834], [77.07688, 32.98396], [77.07079, 32.9888], [77.05374, 32.99762], [77.04284, 32.99491], [77.03832, 32.9897], [77.02964, 32.99121], [77.01685, 32.98754], [77.00532, 32.9939], [76.99922, 32.99947], [76.98492, 33.00525], [76.98054, 33.01199], [76.97519, 33.0148], [76.96675, 33.01658], [76.9511, 33.02658], [76.94257, 33.02712], [76.93594, 33.03185], [76.9287, 33.04841], [76.91859, 33.06236], [76.91488, 33.07406], [76.90927, 33.07903], [76.90946, 33.08288], [76.91354, 33.0897], [76.91285, 33.09342], [76.90332, 33.09574], [76.89598, 33.10554], [76.89578, 33.11257], [76.88728, 33.11857], [76.87111, 33.10991], [76.863, 33.11068], [76.85267, 33.11897], [76.85596, 33.12481], [76.84667, 33.13012], [76.84778, 33.13616], [76.84157, 33.13976], [76.83585, 33.14047], [76.83358, 33.14466], [76.82811, 33.14705], [76.82208, 33.15421], [76.82006, 33.16007], [76.82065, 33.16457], [76.81678, 33.17185], [76.82528, 33.18329], [76.82201, 33.19242], [76.83732, 33.20414], [76.83591, 33.2108], [76.82981, 33.21405], [76.83598, 33.22856], [76.84767, 33.24115], [76.84716, 33.24499], [76.84074, 33.24697], [76.83277, 33.24607], [76.82797, 33.24293], [76.82509, 33.23486], [76.82155, 33.2353], [76.80425, 33.25227], [76.79708, 33.25441], [76.78236, 33.25305], [76.77414, 33.24821], [76.77634, 33.24184], [76.78114, 33.23824], [76.77863, 33.22335], [76.76081, 33.19616], [76.75302, 33.1918], [76.74928, 33.18395], [76.7485, 33.17809], [76.74743, 33.15824], [76.74515, 33.15409], [76.74902, 33.1483], [76.74848, 33.13007], [76.74648, 33.12527], [76.74155, 33.12047], [76.74188, 33.11449], [76.7365, 33.09651], [76.73805, 33.08938], [76.73666, 33.08259], [76.73825, 33.07494], [76.74456, 33.06366], [76.74662, 33.05308], [76.7563, 33.04417], [76.75497, 33.03836], [76.75837, 33.03653], [76.75751, 33.02521], [76.76336, 33.01788], [76.76962, 33.01745], [76.77643, 33.01433], [76.77394, 33.00948], [76.7752, 32.99353], [76.78642, 32.98986], [76.78789, 32.9879], [76.77746, 32.98023], [76.7808, 32.96757], [76.78054, 32.96078], [76.79201, 32.96038], [76.77803, 32.94519], [76.77442, 32.93721], [76.76896, 32.93592], [76.764, 32.92926], [76.71991, 32.92238], [76.71828, 32.88981], [76.69854, 32.87778], [76.69724, 32.8707], [76.69118, 32.86391], [76.68574, 32.8537], [76.67959, 32.85134], [76.67166, 32.84531], [76.65758, 32.84831], [76.64086, 32.84135], [76.63084, 32.84294], [76.61871, 32.85272], [76.61318, 32.85379], [76.59205, 32.83766], [76.57647, 32.82799], [76.56333, 32.82369], [76.54768, 32.81248], [76.53722, 32.81114], [76.52809, 32.80635], [76.51403, 32.80272], [76.47416, 32.80487], [76.47088, 32.81207], [76.4719, 32.82044], [76.46562, 32.82528], [76.45638, 32.85162], [76.44466, 32.85332], [76.43414, 32.8507], [76.41114, 32.84106], [76.39395, 32.82273], [76.37799, 32.81932], [76.3773, 32.81607], [76.37399, 32.81613], [76.37224, 32.81419], [76.37411, 32.81317], [76.37698, 32.81433], [76.37631, 32.79642], [76.38604, 32.79192], [76.38784, 32.78392], [76.38568, 32.77427], [76.40437, 32.73728], [76.40437, 32.72715], [76.41866, 32.7191], [76.42631, 32.71196], [76.43005, 32.70574], [76.43169, 32.69848], [76.42979, 32.69118], [76.42721, 32.68782], [76.43661, 32.67781], [76.44682, 32.67393], [76.44348, 32.65914], [76.45245, 32.65453], [76.46501, 32.65228], [76.49293, 32.66163], [76.51747, 32.66649], [76.52286, 32.66543], [76.53106, 32.65735], [76.53941, 32.65543], [76.55086, 32.65782], [76.5944, 32.64204], [76.59748, 32.6304], [76.60434, 32.62526], [76.60523, 32.60996], [76.60962, 32.60583], [76.63226, 32.60261], [76.62557, 32.58576], [76.62602, 32.57808], [76.63066, 32.57376], [76.63975, 32.57555], [76.65023, 32.57994], [76.66965, 32.57188], [76.6811, 32.5696], [76.70628, 32.57284], [76.71075, 32.5691], [76.70981, 32.56095], [76.70735, 32.55391], [76.70158, 32.54595], [76.71566, 32.53775], [76.72553, 32.55171], [76.74041, 32.56029], [76.74734, 32.55777], [76.75852, 32.55797], [76.76842, 32.54693], [76.77312, 32.55044], [76.78227, 32.55209], [76.79308, 32.54371], [76.79627, 32.53673], [76.80277, 32.53376], [76.80975, 32.53331], [76.8287, 32.53809], [76.83097, 32.5305], [76.83995, 32.52597], [76.85753, 32.53179], [76.86659, 32.53298], [76.8741, 32.53112], [76.87241, 32.5268], [76.87493, 32.52133], [76.88395, 32.51953], [76.87089, 32.50383], [76.86375, 32.48911], [76.85792, 32.48261], [76.85453, 32.47589], [76.85988, 32.46409], [76.86607, 32.46073], [76.88289, 32.46669], [76.89438, 32.46902], [76.90205, 32.4698], [76.90955, 32.46679], [76.90866, 32.45979], [76.90076, 32.45308], [76.89218, 32.4384], [76.90117, 32.44182], [76.91032, 32.44127], [76.91851, 32.4353], [76.91836, 32.42824], [76.91287, 32.41946], [76.91987, 32.41629], [76.92674, 32.41518], [76.94928, 32.42475], [76.9544, 32.42429], [76.95239, 32.40917], [76.95329, 32.4028], [76.96267, 32.40292], [76.97167, 32.40571], [76.98211, 32.4046], [76.99176, 32.41124], [76.99643, 32.4099], [77.00359, 32.41121], [77.0149, 32.41567], [77.04728, 32.42373], [77.05948, 32.42877], [77.0658, 32.42471], [77.06971, 32.41659], [77.0792, 32.41691], [77.08146, 32.40874], [77.07938, 32.40014], [77.07537, 32.39656], [77.11054, 32.3989], [77.11656, 32.40248], [77.13535, 32.40823], [77.1515, 32.41561], [77.18137, 32.40403], [77.19694, 32.40096], [77.2012, 32.39217], [77.20444, 32.38905], [77.21772, 32.38238], [77.22991, 32.37402], [77.24243, 32.37724], [77.24683, 32.37597], [77.25638, 32.37038], [77.26483, 32.363], [77.27754, 32.35805], [77.28261, 32.35078], [77.28431, 32.34413], [77.28769, 32.34395], [77.29864, 32.33547], [77.30899, 32.33568], [77.31223, 32.33054], [77.32305, 32.325], [77.32704, 32.32119], [77.33109, 32.31426], [77.32999, 32.30968], [77.33155, 32.30685], [77.33669, 32.30813], [77.34303, 32.29033], [77.34822, 32.28356], [77.34796, 32.27257], [77.35125, 32.26685], [77.34929, 32.26227], [77.3501, 32.25793], [77.3457, 32.25347], [77.3581, 32.23226], [77.37072, 32.22234], [77.37552, 32.22182], [77.38477, 32.2167], [77.38984, 32.21572], [77.39612, 32.21834], [77.41778, 32.20478], [77.42054, 32.19629], [77.4235, 32.19415], [77.42917, 32.19359], [77.43492, 32.19469], [77.4462, 32.19409], [77.45856, 32.19607], [77.4637, 32.19851], [77.46567, 32.20227], [77.46541, 32.21141], [77.46793, 32.22078], [77.46944, 32.22432], [77.47458, 32.22767], [77.48133, 32.22537], [77.4895, 32.22498], [77.5009, 32.22077], [77.51322, 32.20599], [77.51518, 32.20148], [77.52564, 32.19952], [77.53279, 32.19976], [77.53545, 32.20543], [77.53386, 32.21318], [77.54611, 32.22238], [77.56492, 32.20881], [77.56716, 32.19569], [77.57375, 32.18829], [77.58225, 32.1864], [77.58695, 32.17918], [77.59458, 32.1775], [77.6139, 32.16364], [77.61957, 32.16145], [77.62774, 32.16174], [77.63371, 32.15404], [77.64006, 32.15358], [77.65272, 32.14737], [77.65406, 32.14413], [77.65984, 32.14012], [77.66316, 32.12828], [77.66916, 32.12546], [77.67109, 32.12033], [77.67708, 32.11747], [77.68405, 32.10839], [77.68861, 32.10537], [77.70203, 32.10475], [77.71372, 32.09684], [77.72119, 32.09386], [77.74527, 32.09124], [77.74661, 32.07719], [77.74843, 32.07433], [77.75529, 32.07056], [77.75868, 32.06035], [77.76659, 32.05163], [77.7647, 32.04041], [77.76817, 32.03679], [77.77521, 32.03337], [77.77952, 32.03337], [77.79234, 32.01796], [77.79152, 32.01602], [77.77641, 32.00716], [77.78601, 32.00021], [77.79232, 31.99163], [77.80166, 31.98544], [77.80221, 31.981], [77.79547, 31.97454], [77.78746, 31.97092], [77.78268, 31.96648], [77.78372, 31.96023], [77.77551, 31.95188], [77.77027, 31.94283], [77.77402, 31.93432], [77.78172, 31.92547], [77.78452, 31.91486], [77.79347, 31.90528], [77.80738, 31.8953], [77.81911, 31.89345], [77.83168, 31.89496], [77.86001, 31.88365], [77.86962, 31.88234], [77.86488, 31.87814], [77.85071, 31.87048], [77.84147, 31.85502], [77.83982, 31.8483], [77.84498, 31.83652], [77.8503, 31.82915], [77.84812, 31.82454], [77.84768, 31.8175], [77.84893, 31.8054], [77.85569, 31.79611], [77.86432, 31.78995], [77.86743, 31.783], [77.87243, 31.77986], [77.87685, 31.77283], [77.88507, 31.76948], [77.89824, 31.75892], [77.89979, 31.75269], [77.90662, 31.75116], [77.91507, 31.75251], [77.92174, 31.74778], [77.93118, 31.74654], [77.93724, 31.74839], [77.9366, 31.75585], [77.9428, 31.75805], [77.94612, 31.78443], [77.9548, 31.78429], [77.96602, 31.77971], [77.97393, 31.77929], [77.97811, 31.77728], [77.98293, 31.77928], [77.99254, 31.77602], [78.0106, 31.7752], [78.02663, 31.75995], [78.03382, 31.76063], [78.05295, 31.77575], [78.05874, 31.78317], [78.07686, 31.78351], [78.08408, 31.78717], [78.08337, 31.79368], [78.08622, 31.80057], [78.08674, 31.80897], [78.09598, 31.82263], [78.09326, 31.82951], [78.09733, 31.83263], [78.09639, 31.83742], [78.08601, 31.84479], [78.08884, 31.85029], [78.09465, 31.85288], [78.09055, 31.85804], [78.10634, 31.85827], [78.1246, 31.86712], [78.14945, 31.86742], [78.15342, 31.86347], [78.16213, 31.86188], [78.17369, 31.86254], [78.17723, 31.86591], [78.18974, 31.87181], [78.18386, 31.88749], [78.18664, 31.89378], [78.18448, 31.89795], [78.18731, 31.90351], [78.18507, 31.91545], [78.19279, 31.91876], [78.19599, 31.92218], [78.19694, 31.92764], [78.20186, 31.93273], [78.21332, 31.93453], [78.22169, 31.93288], [78.27335, 31.93585], [78.28705, 31.93067], [78.30331, 31.92661], [78.30511, 31.9346], [78.31242, 31.93784], [78.34029, 31.93578], [78.34395, 31.93382], [78.34854, 31.93901], [78.35494, 31.94048], [78.36288, 31.94765], [78.37194, 31.96001], [78.40237, 31.95468], [78.40916, 31.95067], [78.42244, 31.93754], [78.42885, 31.93855], [78.43411, 31.936], [78.44181, 31.93809], [78.45356, 31.93764], [78.45748, 31.93926], [78.45895, 31.94183], [78.45491, 31.94961], [78.45942, 31.95392], [78.46106, 31.9588], [78.45025, 31.96723], [78.43669, 31.9723], [78.43378, 31.97908], [78.42065, 31.98921], [78.42271, 32.00056], [78.4275, 32.00554], [78.42688, 32.01611], [78.43846, 32.0431], [78.44467, 32.05242], [78.44975, 32.05477], [78.45599, 32.05454], [78.4709, 32.04813], [78.48274, 32.04791], [78.48434, 32.04171], [78.49083, 32.04656], [78.50572, 32.04959], [78.51608, 32.05302], [78.52493, 32.05792], [78.54312, 32.06311], [78.56059, 32.0602], [78.56919, 32.0612], [78.58841, 32.06009], [78.5979, 32.05783], [78.60184, 32.05203], [78.60607, 32.05218], [78.62611, 32.06348], [78.64467, 32.06565], [78.65393, 32.06935], [78.6601, 32.07343], [78.66455, 32.08314], [78.66331, 32.08551], [78.66566, 32.08888], [78.66725, 32.08], [78.67403, 32.07914]]]}}, {"type": "Feature", "properties": {"shapeName": "Mandi", "shapeISO": "", "shapeID": "76128533B23735146933631", "shapeGroup": "IND", "shapeType": "ADM2", "district": "Mandi"}, "geometry": {"type": "Polygon", "coordinates": [[[77.00378, 31.29751], [77.01839, 31.28831], [77.03262, 31.27495], [77.06151, 31.26351], [77.07464, 31.25624], [77.0841, 31.2476], [77.09597, 31.24415], [77.10658, 31.24729], [77.11213, 31.24433], [77.1224, 31.24675], [77.12576, 31.24418], [77.12685, 31.24037], [77.12563, 31.23506], [77.12794, 31.23097], [77.13328, 31.2284], [77.14001, 31.22813], [77.14774, 31.23115], [77.16246, 31.23049], [77.17846, 31.24291], [77.19086, 31.25485], [77.19497, 31.2504], [77.19729, 31.24405], [77.20529, 31.2443], [77.21183, 31.24914], [77.22027, 31.25966], [77.22674, 31.26069], [77.241, 31.25844], [77.24904, 31.25388], [77.25574, 31.26254], [77.26623, 31.26921], [77.27125, 31.27529], [77.27651, 31.27321], [77.27876, 31.26761], [77.28342, 31.26553], [77.28662, 31.26639], [77.28717, 31.26851], [77.29309, 31.26785], [77.30623, 31.27099], [77.31422, 31.28086], [77.31863, 31.28309], [77.32547, 31.29271], [77.33188, 31.29357], [77.33737, 31.29789], [77.34201, 31.32234], [77.35335, 31.34529], [77.35855, 31.35162], [77.36485, 31.35611], [77.3726, 31.35852], [77.38608, 31.35804], [77.38732, 31.36103], [77.39435, 31.37203], [77.38985, 31.37608], [77.39155, 31.38312], [77.38849, 31.38601], [77.38944, 31.38889], [77.38351, 31.39358], [77.38396, 31.40142], [77.38612, 31.40632], [77.38487, 31.41151], [77.38144, 31.41757], [77.35734, 31.43186], [77.35545, 31.43553], [77.34488, 31.4455], [77.33562, 31.45103], [77.32694, 31.47034], [77.32271, 31.49729], [77.31854, 31.50693], [77.31734, 31.52412], [77.32043, 31.52942], [77.30699, 31.54606], [77.30261, 31.55713], [77.30526, 31.5651], [77.30645, 31.57934], [77.30235, 31.59233], [77.30778, 31.61044], [77.30675, 31.62135], [77.2995, 31.65297], [77.30651, 31.66149], [77.28531, 31.69002], [77.2745, 31.70082], [77.25898, 31.70989], [77.24713, 31.7125], [77.23925, 31.71874], [77.22847, 31.72221], [77.22598, 31.72446], [77.21814, 31.72065], [77.21371, 31.73077], [77.21164, 31.75499], [77.20874, 31.7643], [77.19551, 31.7907], [77.19734, 31.79704], [77.18958, 31.80783], [77.19128, 31.81434], [77.18827, 31.82114], [77.17674, 31.82587], [77.17965, 31.83152], [77.1799, 31.84068], [77.16806, 31.83793], [77.10581, 31.83813], [77.09615, 31.83649], [77.08381, 31.82922], [77.07941, 31.83273], [77.07036, 31.83536], [77.06023, 31.83452], [77.05843, 31.84371], [77.06199, 31.85574], [77.05756, 31.85742], [77.05575, 31.86185], [77.03122, 31.89302], [77.02833, 31.8999], [77.02506, 31.92018], [77.00441, 31.94535], [77.00068, 31.95362], [76.99082, 31.96478], [76.97928, 31.98315], [76.98274, 31.99961], [76.98225, 32.011], [76.97789, 32.02334], [76.96486, 32.02759], [76.94468, 32.04428], [76.94343, 32.05706], [76.94011, 32.06239], [76.93827, 32.0655], [76.92781, 32.06406], [76.89812, 32.06594], [76.88378, 32.06361], [76.88522, 32.05625], [76.86907, 32.05075], [76.85861, 32.04947], [76.85221, 32.05296], [76.84831, 32.05028], [76.84571, 32.05044], [76.8445, 32.05237], [76.8415, 32.04864], [76.81809, 32.0476], [76.79581, 32.05937], [76.79432, 32.06272], [76.79474, 32.07001], [76.79101, 32.07377], [76.78784, 32.07305], [76.78338, 32.06639], [76.77768, 32.06851], [76.77097, 32.06481], [76.76209, 32.05319], [76.74471, 32.0372], [76.73887, 32.02972], [76.73142, 32.02886], [76.73064, 32.032], [76.72431, 32.03213], [76.71435, 32.03499], [76.70658, 32.03376], [76.70377, 32.03645], [76.7071, 32.03901], [76.70672, 32.04461], [76.70369, 32.04858], [76.68927, 32.05144], [76.68044, 32.04776], [76.67706, 32.04495], [76.676, 32.04086], [76.66353, 32.03029], [76.66542, 32.01185], [76.66995, 32.00043], [76.68074, 31.98762], [76.68522, 31.97669], [76.68748, 31.96666], [76.68514, 31.96113], [76.69018, 31.95458], [76.69483, 31.93224], [76.68956, 31.93012], [76.68375, 31.91047], [76.67869, 31.90754], [76.6797, 31.89783], [76.67597, 31.8941], [76.67895, 31.87309], [76.66033, 31.87048], [76.64146, 31.8743], [76.63716, 31.86839], [76.63479, 31.85082], [76.62896, 31.84235], [76.62849, 31.82761], [76.63022, 31.82145], [76.62198, 31.78973], [76.62619, 31.77525], [76.6375, 31.74943], [76.6488, 31.74208], [76.66725, 31.73846], [76.67461, 31.73176], [76.67294, 31.72146], [76.67674, 31.71442], [76.68936, 31.70846], [76.68762, 31.7011], [76.69272, 31.69716], [76.69443, 31.6819], [76.71886, 31.67165], [76.72844, 31.66454], [76.72446, 31.65718], [76.71631, 31.63036], [76.71698, 31.62074], [76.72672, 31.60279], [76.73027, 31.58607], [76.73205, 31.5819], [76.73186, 31.57262], [76.7291, 31.56347], [76.73568, 31.56242], [76.72999, 31.55524], [76.73101, 31.54625], [76.73694, 31.53949], [76.73548, 31.53258], [76.74041, 31.52468], [76.73756, 31.52181], [76.73854, 31.51979], [76.74096, 31.51827], [76.75022, 31.52192], [76.76675, 31.52154], [76.77695, 31.51193], [76.78002, 31.51471], [76.79052, 31.50317], [76.79183, 31.49846], [76.78684, 31.48435], [76.79735, 31.47426], [76.79889, 31.46046], [76.80273, 31.45637], [76.80213, 31.45164], [76.79921, 31.45095], [76.79793, 31.44533], [76.80333, 31.43987], [76.80525, 31.43248], [76.80369, 31.42648], [76.80487, 31.42233], [76.81275, 31.42343], [76.81722, 31.42001], [76.82506, 31.41796], [76.82876, 31.42026], [76.83475, 31.42127], [76.85293, 31.41423], [76.88132, 31.41153], [76.88425, 31.38801], [76.87746, 31.38502], [76.86978, 31.38403], [76.86694, 31.38166], [76.86699, 31.37956], [76.87645, 31.36694], [76.87461, 31.36043], [76.87653, 31.35346], [76.89236, 31.36171], [76.90255, 31.36402], [76.90995, 31.36255], [76.92163, 31.36672], [76.94337, 31.34773], [76.94643, 31.33918], [76.94418, 31.33413], [76.95653, 31.32966], [76.96864, 31.32236], [76.97915, 31.31062], [77.00378, 31.29751]]]}}, {"type": "Feature", "properties": {"shapeName": "Hamirpur", "shapeISO": "", "shapeID": "76128533B35956162202704", "shapeGroup": "IND", "shapeType": "ADM2", "district": "Hamirpur"}, "geometry": {"type": "Polygon", "coordinates": [[[76.45975, 31.48572], [76.46485, 31.48377], [76.4684, 31.48024], [76.48508, 31.47044], [76.50065, 31.46882], [76.51384, 31.45999], [76.51844, 31.46759], [76.52653, 31.46062], [76.53371, 31.46095], [76.53542, 31.45421], [76.55777, 31.43852], [76.56129, 31.42902], [76.57311, 31.43147], [76.59044, 31.42183], [76.59409, 31.42539], [76.61499, 31.41839], [76.61864, 31.42322], [76.61694, 31.431], [76.62604, 31.43852], [76.62795, 31.44485], [76.61097, 31.46953], [76.60873, 31.49033], [76.62007, 31.51443], [76.6215, 31.52756], [76.61764, 31.53235], [76.61509, 31.54669], [76.62012, 31.55699], [76.61754, 31.5654], [76.62271, 31.5732], [76.63332, 31.57527], [76.63978, 31.57976], [76.64543, 31.587], [76.65603, 31.58386], [76.66758, 31.58257], [76.68194, 31.58681], [76.68581, 31.59284], [76.70614, 31.59866], [76.73027, 31.58607], [76.72672, 31.60279], [76.71698, 31.62074], [76.71631, 31.63036], [76.72446, 31.65718], [76.72844, 31.66454], [76.71886, 31.67165], [76.69443, 31.6819], [76.69272, 31.69716], [76.68762, 31.7011], [76.68936, 31.70846], [76.67674, 31.71442], [76.67294, 31.72146], [76.67461, 31.73176], [76.66725, 31.73846], [76.6488, 31.74208], [76.6375, 31.74943], [76.62619, 31.77525], [76.62198, 31.78973], [76.63022, 31.82145], [76.62849, 31.82761], [76.62896, 31.84235], [76.63479, 31.85082], [76.63716, 31.86839], [76.64146, 31.8743], [76.6068, 31.89366], [76.59282, 31.89579], [76.56914, 31.88945], [76.55321, 31.88171], [76.53827, 31.87107], [76.5241, 31.86382], [76.51728, 31.85663], [76.5215, 31.85035], [76.52072, 31.84362], [76.5004, 31.83902], [76.47104, 31.8289], [76.4686, 31.82668], [76.47597, 31.81591], [76.47484, 31.81044], [76.46947, 31.81011], [76.45993, 31.81782], [76.45615, 31.81362], [76.46224, 31.80498], [76.44573, 31.80256], [76.44704, 31.80982], [76.4411, 31.80977], [76.43735, 31.79653], [76.43114, 31.79427], [76.41531, 31.79561], [76.41352, 31.78438], [76.41131, 31.78933], [76.40001, 31.79723], [76.38312, 31.78058], [76.37085, 31.77725], [76.36676, 31.78264], [76.36443, 31.78304], [76.36353, 31.78571], [76.35344, 31.79308], [76.33678, 31.78346], [76.32214, 31.77855], [76.31521, 31.77774], [76.30948, 31.77975], [76.30539, 31.78718], [76.30208, 31.78758], [76.30361, 31.77584], [76.31363, 31.76824], [76.30876, 31.75747], [76.31455, 31.73889], [76.31693, 31.73346], [76.32036, 31.73093], [76.31468, 31.72139], [76.3231, 31.7066], [76.32382, 31.70213], [76.33297, 31.69014], [76.33653, 31.68251], [76.34526, 31.67502], [76.35305, 31.66419], [76.35785, 31.65182], [76.36844, 31.64025], [76.38154, 31.63174], [76.39516, 31.61981], [76.3946, 31.61462], [76.40085, 31.61018], [76.40885, 31.58997], [76.43338, 31.54528], [76.4402, 31.53646], [76.43767, 31.52708], [76.4386, 31.52443], [76.43651, 31.52184], [76.43987, 31.51398], [76.44598, 31.50312], [76.45975, 31.48572]]]}}, {"type": "Feature", "properties": {"shapeName": "Jammu", "shapeISO": "", "shapeID": "76128533B3371867518692", "shapeGroup": "IND", "shapeType": "ADM2", "district": "Jammu"}, "geometry": {"type": "Polygon", "coordinates": [[[74.46074, 32.7877], [74.46193, 32.78531], [74.45799, 32.78208], [74.46134, 32.77698], [74.46866, 32.77572], [74.47372, 32.77732], [74.48373, 32.76985], [74.48283, 32.76515], [74.49702, 32.76614], [74.50956, 32.76352], [74.51497, 32.75806], [74.51383, 32.75289], [74.51514, 32.74923], [74.52249, 32.7484], [74.52472, 32.74616], [74.53491, 32.74585], [74.53775, 32.74803], [74.5369, 32.74998], [74.54117, 32.7497], [74.54292, 32.75137], [74.54529, 32.74869], [74.54452, 32.74595], [74.54734, 32.74518], [74.54846, 32.75046], [74.553, 32.75411], [74.55557, 32.75867], [74.55688, 32.7578], [74.56788, 32.76014], [74.57512, 32.75631], [74.57475, 32.75143], [74.57955, 32.74936], [74.58232, 32.75337], [74.58867, 32.7506], [74.59461, 32.75629], [74.61306, 32.75794], [74.61321, 32.75949], [74.61754, 32.76133], [74.62125, 32.7604], [74.62412, 32.75641], [74.63328, 32.75153], [74.63755, 32.75143], [74.63909, 32.75762], [74.63054, 32.76737], [74.63207, 32.7761], [74.63958, 32.78227], [74.65392, 32.78055], [74.65872, 32.78742], [74.63958, 32.79832], [74.63291, 32.80892], [74.64157, 32.81945], [74.65278, 32.82788], [74.65856, 32.82977], [74.6655, 32.8239], [74.68243, 32.83648], [74.69406, 32.84071], [74.70523, 32.84193], [74.70449, 32.81715], [74.696, 32.81153], [74.69628, 32.80416], [74.68511, 32.78798], [74.68129, 32.77637], [74.67775, 32.77155], [74.67697, 32.7626], [74.67442, 32.75655], [74.66555, 32.7463], [74.66023, 32.73441], [74.65447, 32.72923], [74.66387, 32.72572], [74.65753, 32.71589], [74.65819, 32.71147], [74.65491, 32.69938], [74.65109, 32.69635], [74.65439, 32.69601], [74.65689, 32.69284], [74.66603, 32.67632], [74.67075, 32.6748], [74.67524, 32.67562], [74.67821, 32.67411], [74.68215, 32.67576], [74.68346, 32.67292], [74.68838, 32.67002], [74.68942, 32.66693], [74.69635, 32.66583], [74.69539, 32.6614], [74.68846, 32.65155], [74.68097, 32.65253], [74.6801, 32.64988], [74.67728, 32.65075], [74.67185, 32.64611], [74.66955, 32.63841], [74.66734, 32.63858], [74.6637, 32.63563], [74.65452, 32.63715], [74.65604, 32.63324], [74.65277, 32.63146], [74.65683, 32.63074], [74.65397, 32.61527], [74.64382, 32.61467], [74.64138, 32.61578], [74.63849, 32.61461], [74.64, 32.60852], [74.63908, 32.60352], [74.64186, 32.60259], [74.6415, 32.59958], [74.65015, 32.5974], [74.65232, 32.59964], [74.65903, 32.59672], [74.65508, 32.59073], [74.6496, 32.58939], [74.64852, 32.58595], [74.64952, 32.58269], [74.65503, 32.58092], [74.65186, 32.57072], [74.65165, 32.56308], [74.65954, 32.56521], [74.66286, 32.56397], [74.66778, 32.56818], [74.67293, 32.56827], [74.67328, 32.5536], [74.67243, 32.55241], [74.66113, 32.55409], [74.66187, 32.54586], [74.67519, 32.53827], [74.69023, 32.53423], [74.69013, 32.52302], [74.68303, 32.51312], [74.68248, 32.51002], [74.68596, 32.5078], [74.68591, 32.50329], [74.68545, 32.49946], [74.68149, 32.4927], [74.68551, 32.49133], [74.68796, 32.48704], [74.69184, 32.4866], [74.70113, 32.49079], [74.7023, 32.49303], [74.71033, 32.49288], [74.70988, 32.49123], [74.71418, 32.48753], [74.71173, 32.47869], [74.71626, 32.47668], [74.72711, 32.47586], [74.72943, 32.48112], [74.75267, 32.47848], [74.75532, 32.48289], [74.76644, 32.48139], [74.76818, 32.48286], [74.79626, 32.47692], [74.80056, 32.47952], [74.80139, 32.48274], [74.8126, 32.48016], [74.82004, 32.49971], [74.82955, 32.49514], [74.8336, 32.49585], [74.83467, 32.49442], [74.83622, 32.49689], [74.84122, 32.49274], [74.84552, 32.49246], [74.84598, 32.49019], [74.84857, 32.49026], [74.84944, 32.49249], [74.85445, 32.4926], [74.85471, 32.49442], [74.85766, 32.49404], [74.86272, 32.48998], [74.86384, 32.48668], [74.8676, 32.48519], [74.87708, 32.49389], [74.87943, 32.49287], [74.88762, 32.50257], [74.88749, 32.51603], [74.88905, 32.51797], [74.89223, 32.51956], [74.89954, 32.51983], [74.90901, 32.51825], [74.91351, 32.51908], [74.91517, 32.52092], [74.9139, 32.52626], [74.90074, 32.53496], [74.90217, 32.54134], [74.90114, 32.55056], [74.90595, 32.55143], [74.90764, 32.54751], [74.91321, 32.54448], [74.92387, 32.54432], [74.93509, 32.55482], [74.92735, 32.5571], [74.92628, 32.56217], [74.93311, 32.56337], [74.93902, 32.55897], [74.94205, 32.56221], [74.95072, 32.56477], [74.95276, 32.56864], [74.9492, 32.57643], [74.94306, 32.58133], [74.95037, 32.58432], [74.95099, 32.58769], [74.94862, 32.59164], [74.94542, 32.59135], [74.94106, 32.58829], [74.93776, 32.59054], [74.9355, 32.58499], [74.93184, 32.58906], [74.92133, 32.59402], [74.92471, 32.59821], [74.9284, 32.59995], [74.92289, 32.60337], [74.92814, 32.60848], [74.92661, 32.61089], [74.91556, 32.61524], [74.90422, 32.62247], [74.89094, 32.60337], [74.88797, 32.60395], [74.88307, 32.6098], [74.87712, 32.61177], [74.87732, 32.61573], [74.8799, 32.61864], [74.8828, 32.62075], [74.88835, 32.62148], [74.88874, 32.62706], [74.89445, 32.63906], [74.89198, 32.64496], [74.886, 32.64909], [74.88555, 32.65157], [74.88627, 32.65316], [74.90271, 32.65151], [74.91458, 32.64609], [74.92307, 32.64396], [74.93124, 32.64467], [74.9406, 32.64908], [74.95209, 32.6512], [74.94562, 32.65438], [74.94329, 32.65836], [74.94998, 32.67407], [74.94736, 32.67648], [74.95426, 32.68335], [74.96043, 32.69324], [74.96196, 32.69955], [74.95174, 32.71644], [74.92836, 32.73116], [74.91441, 32.72963], [74.90634, 32.72646], [74.90087, 32.72686], [74.8984, 32.73009], [74.89359, 32.7311], [74.88342, 32.72989], [74.87779, 32.74671], [74.87963, 32.76198], [74.87329, 32.76326], [74.87136, 32.76815], [74.87434, 32.77281], [74.8784, 32.77421], [74.88302, 32.76963], [74.8879, 32.76944], [74.90244, 32.7634], [74.90814, 32.7626], [74.91364, 32.76435], [74.91502, 32.76857], [74.9186, 32.77084], [74.92085, 32.77814], [74.92657, 32.78239], [74.93886, 32.78116], [74.94495, 32.77473], [74.95522, 32.77241], [74.96124, 32.77638], [74.96423, 32.78111], [74.96021, 32.78996], [74.96631, 32.78795], [74.97587, 32.7915], [74.97684, 32.79344], [74.9738, 32.79765], [74.97957, 32.79858], [74.98202, 32.80469], [74.98382, 32.80528], [74.98684, 32.8034], [74.98834, 32.79761], [74.99646, 32.78875], [75.00505, 32.78721], [75.02397, 32.76974], [75.02487, 32.76346], [75.02162, 32.7565], [75.01934, 32.75653], [75.01515, 32.76092], [75.01046, 32.75892], [75.0117, 32.75335], [75.00542, 32.74271], [75.00714, 32.73976], [75.0279, 32.72824], [75.03405, 32.73066], [75.03487, 32.73409], [75.04287, 32.74126], [75.04904, 32.74129], [75.05538, 32.73875], [75.0645, 32.73823], [75.06981, 32.73544], [75.07641, 32.72714], [75.08334, 32.7252], [75.08709, 32.72574], [75.10165, 32.73591], [75.12417, 32.74153], [75.12951, 32.74503], [75.13899, 32.7562], [75.14749, 32.75727], [75.15289, 32.76729], [75.14533, 32.7776], [75.14218, 32.78928], [75.12865, 32.79128], [75.12111, 32.79097], [75.10858, 32.81553], [75.08938, 32.83016], [75.0348, 32.86087], [75.02326, 32.87046], [75.00143, 32.8835], [74.98992, 32.89341], [74.98868, 32.89716], [74.98322, 32.90223], [74.96656, 32.91232], [74.95764, 32.92262], [74.9529, 32.92272], [74.94808, 32.91678], [74.9482, 32.90098], [74.9517, 32.88989], [74.94869, 32.8894], [74.94034, 32.89192], [74.93857, 32.89007], [74.93864, 32.88588], [74.93544, 32.88391], [74.92667, 32.88421], [74.92497, 32.88648], [74.92005, 32.88757], [74.92007, 32.89403], [74.91731, 32.89593], [74.91347, 32.90324], [74.89858, 32.91669], [74.89499, 32.91816], [74.88777, 32.91556], [74.88458, 32.91736], [74.88406, 32.92723], [74.87998, 32.94295], [74.87031, 32.94806], [74.86209, 32.94775], [74.8449, 32.94055], [74.84133, 32.94187], [74.84061, 32.94718], [74.84777, 32.96344], [74.84683, 32.97086], [74.84077, 32.9753], [74.82289, 32.97516], [74.81837, 32.97662], [74.81295, 32.98289], [74.80604, 32.9865], [74.80391, 32.99], [74.79978, 32.99141], [74.79008, 33.00269], [74.78956, 33.00596], [74.78402, 33.01045], [74.78379, 33.01572], [74.76803, 33.0186], [74.76823, 33.02322], [74.76397, 33.02493], [74.76111, 33.03093], [74.74441, 33.0302], [74.74111, 33.03139], [74.73924, 33.03405], [74.74228, 33.03581], [74.74154, 33.0389], [74.73127, 33.03914], [74.72745, 33.04064], [74.7229, 33.03991], [74.72287, 33.03241], [74.71958, 33.03159], [74.71306, 33.03339], [74.7036, 33.03038], [74.70278, 33.0367], [74.69654, 33.03405], [74.69435, 33.038], [74.69246, 33.03832], [74.69064, 33.03398], [74.68064, 33.03216], [74.67995, 33.03512], [74.6769, 33.03598], [74.67591, 33.03853], [74.67174, 33.03818], [74.67082, 33.02651], [74.66695, 33.02239], [74.6673, 33.01825], [74.66164, 33.01242], [74.6534, 33.00837], [74.65172, 33.00318], [74.64754, 33.00165], [74.6451, 33.00171], [74.63859, 33.00573], [74.63383, 33.00563], [74.63165, 33.01121], [74.62422, 33.01225], [74.62074, 32.99026], [74.62338, 32.98612], [74.62427, 32.97868], [74.62653, 32.97839], [74.6275, 32.97589], [74.63607, 32.97166], [74.64129, 32.96644], [74.65054, 32.96077], [74.64736, 32.95459], [74.63939, 32.95213], [74.63179, 32.94182], [74.61914, 32.94075], [74.61362, 32.93634], [74.612, 32.93658], [74.60802, 32.94404], [74.60683, 32.95163], [74.60908, 32.95728], [74.60722, 32.96154], [74.61025, 32.96316], [74.61155, 32.9661], [74.60788, 32.96995], [74.60515, 32.96734], [74.60437, 32.97177], [74.60141, 32.97554], [74.59633, 32.97957], [74.59127, 32.98042], [74.59243, 32.98262], [74.59947, 32.98], [74.61025, 32.98672], [74.61069, 32.99176], [74.59898, 32.99646], [74.59461, 33.00525], [74.59717, 33.00679], [74.59739, 33.00982], [74.58139, 33.00593], [74.57724, 33.00303], [74.58203, 32.99939], [74.58416, 32.9951], [74.58473, 32.98682], [74.58204, 32.98319], [74.57991, 32.97528], [74.57277, 32.97377], [74.56686, 32.96719], [74.56276, 32.9666], [74.56101, 32.96458], [74.56181, 32.96053], [74.55772, 32.95898], [74.55624, 32.95945], [74.5553, 32.96486], [74.55079, 32.96463], [74.54372, 32.96814], [74.54441, 32.97484], [74.54095, 32.98047], [74.52935, 32.98828], [74.52258, 32.98449], [74.50754, 32.98758], [74.49875, 32.98531], [74.4807, 32.98431], [74.47829, 32.98278], [74.47478, 32.98425], [74.46242, 32.9818], [74.4608, 32.97986], [74.4613, 32.9728], [74.4596, 32.96768], [74.44301, 32.96045], [74.43862, 32.95333], [74.43067, 32.94737], [74.41399, 32.94329], [74.40127, 32.94568], [74.39511, 32.95088], [74.39019, 32.95069], [74.38179, 32.94775], [74.37607, 32.94071], [74.37328, 32.94001], [74.36808, 32.94151], [74.36546, 32.9468], [74.3625, 32.94858], [74.36136, 32.95273], [74.35309, 32.95839], [74.34822, 32.96503], [74.33565, 32.97438], [74.33364, 32.97294], [74.33226, 32.96331], [74.33616, 32.96104], [74.33524, 32.95769], [74.33876, 32.95486], [74.33839, 32.95191], [74.33187, 32.94643], [74.33169, 32.94219], [74.32698, 32.94159], [74.32308, 32.94286], [74.31589, 32.94096], [74.31285, 32.93222], [74.32083, 32.92347], [74.32487, 32.92218], [74.32744, 32.91912], [74.34443, 32.92036], [74.34852, 32.92196], [74.35143, 32.9196], [74.35629, 32.91966], [74.36172, 32.91648], [74.39002, 32.91014], [74.39942, 32.90271], [74.40744, 32.9015], [74.41602, 32.89684], [74.41925, 32.8846], [74.41912, 32.87889], [74.41388, 32.8738], [74.41249, 32.86701], [74.41421, 32.86294], [74.41912, 32.86106], [74.42205, 32.85687], [74.41923, 32.83948], [74.42189, 32.83631], [74.42872, 32.83311], [74.43517, 32.82689], [74.43653, 32.82347], [74.44479, 32.81627], [74.44492, 32.81225], [74.44143, 32.80868], [74.44462, 32.80393], [74.44709, 32.80328], [74.44751, 32.795], [74.46074, 32.7877]]]}}, {"type": "Feature", "properties": {"shapeName": "Leh(Ladakh)", "shapeISO": "", "shapeID": "76128533B57183548666997", "shapeGroup": "IND", "shapeType": "ADM2", "district": "Leh(Ladakh)"}, "geometry": {"type": "Polygon", "coordinates": [[[78.4005, 32.52555], [78.40597, 32.52835], [78.42767, 32.53089], [78.43044, 32.53322], [78.42969, 32.54007], [78.43227, 32.55123], [78.43714, 32.56115], [78.44984, 32.57351], [78.46036, 32.57959], [78.47297, 32.58309], [78.47973, 32.58296], [78.4885, 32.58022], [78.50006, 32.58127], [78.51542, 32.58908], [78.53624, 32.60821], [78.55532, 32.61121], [78.55937, 32.61366], [78.57175, 32.61674], [78.57848, 32.61696], [78.58863, 32.61548], [78.59555, 32.60995], [78.60914, 32.60574], [78.61468, 32.59704], [78.61655, 32.59566], [78.62141, 32.59629], [78.63273, 32.60209], [78.63951, 32.60929], [78.64834, 32.63102], [78.6628, 32.65359], [78.67317, 32.65735], [78.68084, 32.65799], [78.70482, 32.65621], [78.72353, 32.66077], [78.74273, 32.67328], [78.76181, 32.69693], [78.7696, 32.69661], [78.76964, 32.68623], [78.76314, 32.65465], [78.77318, 32.64069], [78.77445, 32.63477], [78.7797, 32.62767], [78.7893, 32.62189], [78.79298, 32.618], [78.79639, 32.60998], [78.79757, 32.59794], [78.79479, 32.58867], [78.79205, 32.58527], [78.78423, 32.58012], [78.77688, 32.57271], [78.77724, 32.55793], [78.79127, 32.5316], [78.79902, 32.50157], [78.80559, 32.49104], [78.80761, 32.48125], [78.82078, 32.46202], [78.82355, 32.44857], [78.82769, 32.4383], [78.83489, 32.43573], [78.84724, 32.4397], [78.85932, 32.44023], [78.86301, 32.4368], [78.86561, 32.42993], [78.87575, 32.41682], [78.90393, 32.39246], [78.92145, 32.38261], [78.9446, 32.37224], [78.9504, 32.36692], [78.96218, 32.36565], [78.96823, 32.35854], [78.97106, 32.35122], [78.97945, 32.33883], [78.98586, 32.33762], [78.98963, 32.33941], [78.99424, 32.34481], [79.00907, 32.37009], [79.01504, 32.37685], [79.03418, 32.3855], [79.06101, 32.39017], [79.07145, 32.39027], [79.07998, 32.38791], [79.10281, 32.38517], [79.10858, 32.3839], [79.10935, 32.38252], [79.11552, 32.38381], [79.12129, 32.39351], [79.12366, 32.40919], [79.12614, 32.41322], [79.13907, 32.41715], [79.14257, 32.41895], [79.14475, 32.42232], [79.14767, 32.43661], [79.14697, 32.44252], [79.14176, 32.45213], [79.13459, 32.45837], [79.13176, 32.46568], [79.13238, 32.47045], [79.13784, 32.47653], [79.14835, 32.48069], [79.18344, 32.48071], [79.19555, 32.48259], [79.21221, 32.49142], [79.22121, 32.49794], [79.23821, 32.50544], [79.24204, 32.5095], [79.2466, 32.52488], [79.25129, 32.53369], [79.25638, 32.53383], [79.26542, 32.53098], [79.27404, 32.53202], [79.27756, 32.53358], [79.2955, 32.54969], [79.31153, 32.57136], [79.31657, 32.58595], [79.32114, 32.59231], [79.33056, 32.59307], [79.33429, 32.59143], [79.3399, 32.59159], [79.36043, 32.58313], [79.3727, 32.58045], [79.37986, 32.57602], [79.39492, 32.57188], [79.39783, 32.56168], [79.39668, 32.55579], [79.39982, 32.53664], [79.40108, 32.53392], [79.40663, 32.5297], [79.41359, 32.52737], [79.42456, 32.52676], [79.44015, 32.52903], [79.44852, 32.53211], [79.46203, 32.55256], [79.47018, 32.57588], [79.4745, 32.57759], [79.48161, 32.58388], [79.49434, 32.58984], [79.51611, 32.60769], [79.56749, 32.67283], [79.57453, 32.67498], [79.57879, 32.67829], [79.60126, 32.70725], [79.61788, 32.72382], [79.62725, 32.73709], [79.62657, 32.74257], [79.62311, 32.74556], [79.61491, 32.76385], [79.60358, 32.77652], [79.59849, 32.77704], [79.59064, 32.77333], [79.5877, 32.77359], [79.58271, 32.7807], [79.57362, 32.782], [79.56836, 32.78638], [79.56446, 32.79349], [79.55308, 32.80412], [79.54242, 32.82175], [79.51644, 32.85529], [79.50188, 32.87152], [79.48969, 32.88049], [79.48189, 32.89053], [79.46442, 32.91962], [79.44011, 32.94405], [79.42661, 32.95535], [79.42269, 32.96108], [79.41577, 32.96708], [79.40965, 32.96966], [79.40267, 32.96976], [79.39105, 32.96697], [79.38594, 32.9675], [79.38386, 32.97184], [79.38619, 32.9818], [79.38446, 32.98862], [79.36861, 32.99044], [79.36114, 32.99486], [79.35564, 33.00243], [79.34116, 33.00602], [79.33237, 33.01161], [79.33598, 33.01588], [79.34137, 33.01806], [79.36321, 33.02139], [79.3827, 33.02725], [79.39415, 33.03571], [79.39592, 33.04339], [79.39396, 33.05333], [79.3859, 33.06859], [79.3785, 33.07858], [79.37778, 33.08426], [79.38178, 33.09735], [79.39383, 33.12397], [79.40577, 33.14353], [79.43083, 33.17623], [79.44704, 33.20534], [79.45102, 33.21686], [79.45362, 33.24201], [79.45647, 33.24992], [79.45381, 33.25991], [79.44784, 33.2643], [79.40671, 33.27216], [79.37044, 33.28216], [79.35881, 33.28111], [79.33338, 33.27295], [79.31611, 33.27272], [79.29736, 33.28021], [79.27826, 33.28366], [79.2507, 33.29534], [79.24103, 33.29732], [79.23506, 33.2974], [79.20899, 33.29187], [79.19023, 33.29207], [79.17729, 33.29404], [79.16673, 33.28965], [79.14393, 33.29206], [79.13464, 33.2896], [79.12733, 33.28946], [79.09775, 33.29411], [79.07876, 33.30341], [79.06237, 33.30928], [79.05438, 33.3155], [79.02624, 33.32879], [79.01824, 33.33499], [78.99684, 33.33003], [78.99041, 33.33237], [78.98377, 33.34518], [78.98073, 33.35539], [78.97301, 33.36], [78.97231, 33.36816], [78.96917, 33.37501], [78.96056, 33.37713], [78.95411, 33.38062], [78.95047, 33.40785], [78.94399, 33.40951], [78.94078, 33.41183], [78.93379, 33.43229], [78.93192, 33.47335], [78.93648, 33.48847], [78.94227, 33.49907], [78.94323, 33.50879], [78.94103, 33.52604], [78.92829, 33.55924], [78.9214, 33.5693], [78.91627, 33.57207], [78.91561, 33.57383], [78.91864, 33.58655], [78.91641, 33.60199], [78.91752, 33.6219], [78.91492, 33.62735], [78.91716, 33.63181], [78.9228, 33.63272], [78.95022, 33.62018], [78.99036, 33.61067], [79.00014, 33.61169], [79.00614, 33.61639], [79.02054, 33.623], [79.03059, 33.62559], [79.04141, 33.62547], [79.04523, 33.627], [79.0658, 33.6263], [79.07463, 33.62099], [79.09214, 33.61671], [79.09992, 33.61321], [79.10699, 33.61357], [79.1075, 33.61637], [79.09681, 33.63725], [79.09089, 33.65659], [79.09255, 33.679], [79.09159, 33.68647], [79.08672, 33.68791], [79.07225, 33.67856], [79.06519, 33.67705], [79.05439, 33.67761], [79.03851, 33.68392], [79.02942, 33.69129], [79.02096, 33.70521], [79.02665, 33.72212], [79.03322, 33.73072], [79.04357, 33.73792], [79.04185, 33.74624], [79.0434, 33.74917], [79.06012, 33.75221], [79.06892, 33.7559], [79.06802, 33.76281], [79.06172, 33.76922], [79.0607, 33.77978], [79.05768, 33.78038], [79.05427, 33.77788], [79.05125, 33.76709], [79.04769, 33.76558], [79.04366, 33.7669], [79.04119, 33.77016], [79.037, 33.78134], [79.03457, 33.78318], [79.0324, 33.78298], [79.02905, 33.77667], [79.02498, 33.77469], [79.02064, 33.7752], [79.01719, 33.77817], [79.01297, 33.78636], [79.02016, 33.79626], [79.01963, 33.79829], [79.0069, 33.79708], [79.00126, 33.8028], [78.97992, 33.84198], [78.96262, 33.86957], [78.95398, 33.88867], [78.95569, 33.89296], [78.95313, 33.90182], [78.94423, 33.90801], [78.94732, 33.91452], [78.9498, 33.91608], [78.94875, 33.92016], [78.9461, 33.92337], [78.94065, 33.92412], [78.93744, 33.92664], [78.9216, 33.95671], [78.90846, 33.96659], [78.90555, 33.97137], [78.90602, 33.97482], [78.90864, 33.97971], [78.9118, 33.98077], [78.92388, 33.99312], [78.93296, 34.01154], [78.94101, 34.02345], [78.95246, 34.02831], [78.97887, 34.03545], [78.98655, 34.03992], [79.01521, 34.04975], [79.02281, 34.05035], [79.02847, 34.0478], [79.0306, 34.04461], [79.04297, 34.03766], [79.04486, 34.03515], [79.06238, 34.02813], [79.08452, 34.02133], [79.113, 34.01916], [79.13152, 34.02371], [79.13566, 34.02624], [79.14418, 34.03464], [79.1476, 34.04476], [79.14951, 34.06262], [79.15205, 34.06755], [79.16531, 34.06605], [79.16865, 34.0712], [79.17165, 34.07231], [79.17925, 34.07152], [79.19846, 34.05068], [79.20741, 34.04988], [79.2202, 34.0522], [79.24814, 34.05074], [79.26406, 34.04644], [79.27479, 34.03886], [79.28485, 34.03939], [79.29739, 34.0426], [79.30635, 34.04248], [79.35592, 34.03638], [79.37604, 34.03284], [79.39914, 34.02653], [79.40614, 34.0228], [79.40743, 34.01963], [79.4147, 34.01431], [79.42092, 34.01401], [79.43412, 34.02242], [79.43827, 34.02799], [79.43542, 34.03642], [79.43041, 34.04284], [79.42071, 34.04748], [79.41461, 34.05527], [79.41481, 34.06264], [79.42073, 34.07757], [79.43294, 34.0921], [79.45064, 34.09637], [79.46161, 34.10142], [79.48762, 34.1257], [79.49511, 34.13531], [79.49441, 34.14054], [79.48964, 34.14828], [79.49008, 34.15663], [79.49514, 34.1794], [79.50759, 34.20523], [79.51146, 34.20993], [79.51996, 34.21229], [79.526, 34.21169], [79.53747, 34.20525], [79.54045, 34.20497], [79.54678, 34.20805], [79.54932, 34.21389], [79.56518, 34.21726], [79.57955, 34.22858], [79.58459, 34.23778], [79.59252, 34.28107], [79.59099, 34.28536], [79.57609, 34.30322], [79.57065, 34.31643], [79.56317, 34.32376], [79.55993, 34.33185], [79.56255, 34.36287], [79.55434, 34.38737], [79.55523, 34.39101], [79.56109, 34.39882], [79.56157, 34.40942], [79.55996, 34.41059], [79.54224, 34.4095], [79.5285, 34.4174], [79.52767, 34.44495], [79.50983, 34.46733], [79.50804, 34.47167], [79.50887, 34.47368], [79.54384, 34.47836], [79.57124, 34.48609], [79.58057, 34.48933], [79.5936, 34.50022], [79.59766, 34.49971], [79.60324, 34.49376], [79.60921, 34.49137], [79.62959, 34.48905], [79.64406, 34.48953], [79.65275, 34.48781], [79.66236, 34.47908], [79.66928, 34.48303], [79.67335, 34.48297], [79.68496, 34.47806], [79.69341, 34.47836], [79.69612, 34.47719], [79.70735, 34.47903], [79.73373, 34.47773], [79.74263, 34.48063], [79.76781, 34.47947], [79.79436, 34.48446], [79.79956, 34.48783], [79.80468, 34.49534], [79.81272, 34.49631], [79.81487, 34.49946], [79.81324, 34.50321], [79.8153, 34.50781], [79.81555, 34.51957], [79.81061, 34.5307], [79.8039, 34.53533], [79.79387, 34.53777], [79.7904, 34.54121], [79.78282, 34.54383], [79.77536, 34.5514], [79.76225, 34.55138], [79.75879, 34.55411], [79.75931, 34.56542], [79.77134, 34.58147], [79.79334, 34.58904], [79.7791, 34.61458], [79.77296, 34.61985], [79.7723, 34.62187], [79.77624, 34.62699], [79.80458, 34.64237], [79.81686, 34.64283], [79.82074, 34.64636], [79.82516, 34.66051], [79.83439, 34.6694], [79.84405, 34.67534], [79.85019, 34.68203], [79.86098, 34.68813], [79.87823, 34.69079], [79.90061, 34.69065], [79.92808, 34.6866], [79.93108, 34.68541], [79.93237, 34.68222], [79.94486, 34.68045], [79.96548, 34.68684], [80.04478, 34.70377], [80.06599, 34.71151], [80.06933, 34.71416], [80.07136, 34.71909], [80.07307, 34.74547], [80.06731, 34.79002], [80.07343, 34.8278], [80.08431, 34.84816], [80.10713, 34.8674], [80.11973, 34.88858], [80.12308, 34.89168], [80.15123, 34.94711], [80.16057, 34.97039], [80.17116, 34.98823], [80.17672, 35.0091], [80.18419, 35.03987], [80.18607, 35.06355], [80.17813, 35.13621], [80.17868, 35.14724], [80.18381, 35.16608], [80.1949, 35.18187], [80.21518, 35.20312], [80.22626, 35.21935], [80.22895, 35.22743], [80.2301, 35.25108], [80.23593, 35.27596], [80.23997, 35.28689], [80.27118, 35.34355], [80.27524, 35.36258], [80.2838, 35.38719], [80.28412, 35.40881], [80.28133, 35.44017], [80.29782, 35.4601], [80.30169, 35.46184], [80.30496, 35.46089], [80.32376, 35.46458], [80.32657, 35.4661], [80.32889, 35.4719], [80.3217, 35.4978], [80.31155, 35.55348], [80.30707, 35.56188], [80.30622, 35.57202], [80.30087, 35.58742], [80.29175, 35.60671], [80.28576, 35.61064], [80.27451, 35.62209], [80.25332, 35.6317], [80.2376, 35.64123], [80.2086, 35.6492], [80.1898, 35.65651], [80.12472, 35.67344], [80.10838, 35.68022], [80.10356, 35.68639], [80.08846, 35.72447], [80.05852, 35.74922], [80.03852, 35.79904], [80.01787, 35.82324], [80.01035, 35.83053], [80.00296, 35.83359], [79.99947, 35.83703], [79.98877, 35.83968], [79.9725, 35.83996], [79.95616, 35.83708], [79.93029, 35.82672], [79.91048, 35.8165], [79.88222, 35.78918], [79.87697, 35.78468], [79.8714, 35.78231], [79.82663, 35.78979], [79.79676, 35.79652], [79.75875, 35.7985], [79.73787, 35.8013], [79.7253, 35.80533], [79.72182, 35.81009], [79.71881, 35.81058], [79.71669, 35.81646], [79.71234, 35.81877], [79.68715, 35.82613], [79.66584, 35.83454], [79.65568, 35.83602], [79.65102, 35.83836], [79.64467, 35.83865], [79.62005, 35.84693], [79.59754, 35.85174], [79.58522, 35.85621], [79.57668, 35.85674], [79.56021, 35.86104], [79.54735, 35.8664], [79.51873, 35.88279], [79.49561, 35.88691], [79.44967, 35.89069], [79.42244, 35.89579], [79.41324, 35.904], [79.40351, 35.91806], [79.39291, 35.95417], [79.39208, 35.97034], [79.3889, 35.97711], [79.38719, 35.98973], [79.38505, 35.99355], [79.37845, 35.99456], [79.36902, 35.99245], [79.36262, 35.98938], [79.34521, 35.98783], [79.2888, 35.98887], [79.24222, 35.98602], [79.22198, 35.98132], [79.21586, 35.97804], [79.19844, 35.96073], [79.19021, 35.94646], [79.18852, 35.92669], [79.19823, 35.89783], [79.19445, 35.88619], [79.18067, 35.86951], [79.15743, 35.84958], [79.14565, 35.84116], [79.13295, 35.83549], [79.11808, 35.83591], [79.0821, 35.84349], [79.06418, 35.84575], [79.0284, 35.8466], [79.02207, 35.84802], [79.00425, 35.85609], [78.99055, 35.86675], [78.98685, 35.87227], [78.97592, 35.87934], [78.97083, 35.88814], [78.96425, 35.89182], [78.96094, 35.89186], [78.94923, 35.88276], [78.94035, 35.87884], [78.9141, 35.87484], [78.8914, 35.86833], [78.87428, 35.86562], [78.86374, 35.86146], [78.82421, 35.8551], [78.80491, 35.85507], [78.79061, 35.85859], [78.78485, 35.86068], [78.77501, 35.86752], [78.76924, 35.86894], [78.75737, 35.86816], [78.75157, 35.86621], [78.74442, 35.8676], [78.71932, 35.86761], [78.70378, 35.85881], [78.69188, 35.85555], [78.68144, 35.85833], [78.66543, 35.85666], [78.65867, 35.85322], [78.63141, 35.82397], [78.62, 35.81643], [78.61143, 35.81315], [78.59045, 35.81063], [78.58106, 35.80734], [78.57815, 35.79207], [78.57534, 35.78893], [78.5701, 35.78809], [78.56738, 35.79038], [78.56104, 35.79176], [78.55316, 35.7837], [78.53579, 35.77469], [78.52177, 35.76305], [78.51417, 35.76997], [78.50958, 35.77197], [78.46526, 35.77348], [78.4364, 35.78363], [78.42373, 35.78459], [78.41682, 35.7786], [78.4131, 35.76514], [78.40505, 35.76049], [78.40033, 35.75558], [78.39803, 35.74547], [78.38662, 35.73479], [78.35072, 35.72337], [78.3419, 35.72186], [78.33938, 35.71984], [78.30386, 35.72055], [78.28989, 35.72493], [78.2838, 35.72465], [78.27388, 35.72124], [78.26973, 35.71674], [78.26799, 35.71024], [78.27151, 35.70236], [78.26952, 35.69652], [78.27193, 35.68753], [78.26883, 35.67743], [78.27261, 35.66818], [78.26952, 35.66279], [78.25985, 35.65772], [78.25561, 35.64493], [78.25203, 35.6445], [78.23088, 35.65117], [78.21499, 35.6596], [78.20746, 35.66622], [78.20021, 35.66845], [78.19826, 35.66554], [78.20034, 35.65291], [78.19904, 35.64787], [78.19142, 35.6359], [78.18663, 35.62332], [78.17974, 35.62158], [78.16875, 35.62952], [78.16441, 35.63046], [78.16275, 35.62867], [78.16216, 35.62575], [78.16602, 35.61873], [78.16703, 35.61246], [78.15218, 35.57746], [78.15213, 35.57049], [78.15721, 35.55132], [78.15555, 35.54976], [78.14783, 35.54892], [78.14477, 35.54174], [78.13787, 35.53817], [78.13264, 35.538], [78.12579, 35.54097], [78.11156, 35.55119], [78.10167, 35.5508], [78.09344, 35.55555], [78.08877, 35.55512], [78.08294, 35.54866], [78.07827, 35.54846], [78.06847, 35.56223], [78.04688, 35.58462], [78.04251, 35.58668], [78.02491, 35.58721], [78.00426, 35.5824], [77.99159, 35.58115], [77.98582, 35.58364], [77.9798, 35.59175], [77.9657, 35.60317], [77.95306, 35.60627], [77.95487, 35.60062], [77.95921, 35.59772], [77.96658, 35.58688], [77.96714, 35.57044], [77.959, 35.55496], [77.93822, 35.53146], [77.93181, 35.51505], [77.93425, 35.51168], [77.94438, 35.50578], [77.94996, 35.50486], [77.9606, 35.49985], [77.96549, 35.49532], [77.96434, 35.48723], [77.96567, 35.47845], [77.96977, 35.47349], [77.98157, 35.46758], [77.98485, 35.46395], [77.98672, 35.459], [77.98312, 35.45518], [77.97244, 35.45749], [77.96503, 35.46472], [77.95684, 35.46883], [77.94808, 35.47764], [77.94342, 35.47924], [77.93331, 35.48874], [77.9259, 35.49284], [77.92125, 35.49353], [77.90654, 35.46862], [77.90187, 35.46736], [77.89158, 35.47535], [77.88767, 35.48426], [77.88052, 35.48517], [77.86813, 35.4794], [77.86267, 35.48233], [77.85527, 35.49206], [77.84788, 35.49479], [77.83719, 35.50223], [77.77988, 35.46202], [77.77297, 35.45868], [77.6141, 35.34274], [77.5043, 35.27888], [77.34916, 35.17978], [77.29043, 35.14407], [77.19655, 35.11043], [77.13585, 35.09521], [77.13029, 35.09183], [77.11984, 35.08992], [77.09965, 35.09064], [77.08901, 35.08568], [77.08787, 35.07019], [77.08621, 35.06697], [77.07503, 35.05829], [77.04979, 35.05124], [77.03516, 35.03713], [77.03296, 35.0363], [77.02622, 35.03793], [77.01772, 35.03608], [77.01593, 35.03401], [77.01068, 35.02686], [77.01231, 35.02048], [77.00858, 35.01337], [77.0127, 34.99764], [77.0092, 34.99316], [77.00934, 34.98795], [77.00368, 34.98105], [77.00045, 34.96896], [76.99473, 34.96463], [76.99404, 34.95526], [76.98497, 34.9459], [76.97047, 34.94735], [76.95427, 34.95575], [76.94944, 34.95354], [76.94046, 34.95762], [76.91675, 34.95982], [76.8995, 34.96468], [76.89366, 34.96475], [76.88694, 34.95944], [76.87079, 34.95895], [76.85967, 34.9617], [76.85427, 34.95986], [76.84744, 34.95081], [76.84332, 34.94908], [76.83088, 34.94904], [76.80845, 34.93876], [76.78568, 34.93427], [76.78104, 34.93458], [76.76475, 34.93027], [76.7544, 34.93059], [76.75034, 34.92667], [76.74964, 34.9203], [76.75164, 34.91294], [76.76213, 34.90497], [76.76372, 34.89857], [76.75325, 34.87512], [76.75093, 34.84923], [76.75232, 34.84477], [76.74967, 34.83548], [76.74203, 34.82986], [76.74067, 34.82446], [76.73815, 34.8222], [76.72712, 34.81628], [76.72035, 34.81576], [76.71532, 34.81277], [76.71075, 34.80577], [76.7139, 34.80266], [76.71219, 34.79932], [76.70168, 34.79601], [76.6967, 34.77913], [76.69464, 34.75839], [76.68782, 34.75204], [76.65581, 34.7518], [76.64192, 34.75328], [76.63173, 34.75185], [76.62028, 34.75477], [76.61728, 34.75454], [76.61195, 34.75128], [76.59461, 34.75097], [76.58756, 34.75226], [76.58083, 34.75496], [76.57957, 34.7582], [76.55321, 34.76657], [76.54698, 34.77119], [76.53093, 34.77372], [76.51393, 34.7832], [76.49187, 34.79192], [76.47806, 34.79385], [76.47411, 34.79398], [76.46921, 34.79175], [76.43684, 34.76456], [76.43889, 34.76373], [76.44254, 34.75174], [76.45739, 34.73015], [76.46855, 34.70752], [76.46964, 34.68672], [76.49341, 34.66115], [76.4874, 34.64744], [76.48742, 34.63045], [76.47529, 34.61346], [76.47418, 34.61092], [76.47639, 34.60692], [76.47361, 34.60259], [76.48252, 34.60199], [76.49674, 34.59793], [76.51993, 34.6113], [76.54572, 34.61664], [76.548, 34.61454], [76.55219, 34.59716], [76.55931, 34.59551], [76.57736, 34.59709], [76.57996, 34.596], [76.5772, 34.57881], [76.57116, 34.56941], [76.57484, 34.55674], [76.57251, 34.54422], [76.57757, 34.53363], [76.5754, 34.51292], [76.57619, 34.51042], [76.58061, 34.50684], [76.58283, 34.4938], [76.59076, 34.48613], [76.59248, 34.48112], [76.59247, 34.47633], [76.589, 34.46921], [76.58195, 34.46434], [76.58304, 34.44937], [76.58621, 34.43922], [76.60365, 34.43613], [76.60884, 34.4337], [76.62368, 34.42127], [76.62668, 34.41514], [76.639, 34.39923], [76.64492, 34.39496], [76.65101, 34.39355], [76.66519, 34.38511], [76.67674, 34.38494], [76.67985, 34.38185], [76.68047, 34.37884], [76.69782, 34.36921], [76.7045, 34.36182], [76.72878, 34.34981], [76.73115, 34.3467], [76.73911, 34.34445], [76.72079, 34.31822], [76.72016, 34.30423], [76.71695, 34.2947], [76.72042, 34.28303], [76.71987, 34.27269], [76.71631, 34.26114], [76.70867, 34.25605], [76.69872, 34.25426], [76.69583, 34.2415], [76.68981, 34.23348], [76.69007, 34.22855], [76.7016, 34.20522], [76.70151, 34.1988], [76.69645, 34.18615], [76.68982, 34.18108], [76.68004, 34.15595], [76.68142, 34.15045], [76.68855, 34.14108], [76.69089, 34.13408], [76.68744, 34.12178], [76.70164, 34.0821], [76.69841, 34.07995], [76.68942, 34.08101], [76.68626, 34.07267], [76.67982, 34.06909], [76.65912, 34.06389], [76.6531, 34.06415], [76.64787, 34.06627], [76.64411, 34.06164], [76.63682, 34.06147], [76.63061, 34.0684], [76.62662, 34.0692], [76.60755, 34.06182], [76.6014, 34.05035], [76.595, 34.04826], [76.5932, 34.04613], [76.59947, 34.03218], [76.59873, 34.02314], [76.60038, 34.01699], [76.59722, 34.01299], [76.59673, 34.00692], [76.5796, 33.99991], [76.57253, 34.00325], [76.56633, 34.00252], [76.56001, 33.9945], [76.55742, 33.99445], [76.55324, 33.99809], [76.55136, 33.99781], [76.55056, 33.98729], [76.54678, 33.98229], [76.53998, 33.98069], [76.53854, 33.97264], [76.53398, 33.96539], [76.53485, 33.96169], [76.54267, 33.95503], [76.5431, 33.94628], [76.5402, 33.94153], [76.54007, 33.93782], [76.54551, 33.93296], [76.54837, 33.92436], [76.54396, 33.92156], [76.5387, 33.91224], [76.53159, 33.91051], [76.53092, 33.90358], [76.51817, 33.88902], [76.51925, 33.88707], [76.53071, 33.882], [76.53609, 33.87186], [76.53528, 33.86925], [76.52046, 33.85974], [76.52852, 33.85223], [76.53029, 33.84498], [76.53602, 33.83954], [76.55097, 33.84031], [76.5683, 33.8352], [76.57117, 33.83094], [76.57132, 33.8228], [76.57455, 33.82076], [76.57815, 33.82107], [76.58503, 33.8234], [76.60417, 33.82587], [76.61463, 33.84151], [76.62211, 33.84962], [76.64423, 33.85884], [76.65493, 33.86186], [76.66075, 33.86116], [76.66671, 33.85694], [76.67508, 33.84546], [76.68432, 33.83781], [76.70575, 33.82516], [76.71594, 33.82199], [76.72429, 33.8049], [76.72974, 33.79788], [76.73948, 33.79353], [76.75637, 33.8008], [76.77183, 33.80173], [76.78565, 33.80649], [76.78932, 33.80466], [76.79201, 33.80005], [76.80138, 33.79771], [76.80682, 33.79469], [76.82832, 33.79209], [76.83522, 33.79296], [76.84682, 33.78941], [76.87201, 33.77611], [76.88004, 33.77506], [76.88947, 33.77601], [76.89592, 33.77944], [76.89861, 33.78325], [76.90208, 33.78288], [76.91962, 33.76952], [76.91961, 33.76606], [76.92359, 33.76106], [76.91872, 33.75256], [76.91079, 33.74501], [76.91016, 33.74232], [76.93256, 33.73626], [76.93524, 33.72856], [76.9459, 33.72249], [76.9503, 33.71809], [76.95726, 33.71748], [76.96375, 33.71511], [76.97602, 33.7165], [76.98039, 33.71859], [76.98778, 33.72599], [76.99622, 33.72727], [77.00248, 33.72606], [77.01583, 33.71659], [77.03268, 33.70895], [77.03552, 33.70961], [77.04043, 33.71508], [77.05716, 33.71383], [77.06554, 33.71511], [77.06958, 33.7121], [77.08148, 33.70736], [77.08131, 33.6993], [77.08811, 33.69464], [77.08994, 33.69087], [77.0972, 33.68415], [77.10508, 33.67966], [77.12486, 33.68462], [77.12708, 33.68998], [77.13624, 33.69417], [77.14562, 33.69041], [77.15324, 33.6896], [77.16724, 33.67625], [77.17326, 33.67251], [77.18558, 33.66852], [77.18866, 33.66516], [77.19041, 33.65855], [77.20294, 33.65197], [77.21175, 33.65085], [77.21279, 33.63688], [77.21455, 33.63395], [77.2251, 33.6299], [77.23268, 33.62519], [77.24482, 33.61366], [77.24504, 33.60942], [77.23808, 33.60316], [77.23801, 33.60132], [77.24536, 33.59455], [77.24959, 33.58017], [77.24589, 33.57173], [77.25864, 33.55561], [77.26404, 33.53798], [77.26971, 33.53311], [77.28089, 33.52895], [77.28631, 33.5233], [77.28862, 33.51491], [77.30177, 33.51008], [77.30627, 33.50024], [77.31533, 33.49975], [77.32218, 33.50377], [77.32777, 33.50354], [77.343, 33.50792], [77.34856, 33.49805], [77.36931, 33.49083], [77.39321, 33.50332], [77.39858, 33.5041], [77.40023, 33.51057], [77.40684, 33.50918], [77.4142, 33.5123], [77.42578, 33.51133], [77.44257, 33.51331], [77.44774, 33.50713], [77.45043, 33.48862], [77.46573, 33.46122], [77.4715, 33.44629], [77.4778, 33.43726], [77.48508, 33.43149], [77.51077, 33.4283], [77.52126, 33.42537], [77.52199, 33.42407], [77.51835, 33.40435], [77.51382, 33.39962], [77.51424, 33.39457], [77.50929, 33.38688], [77.51223, 33.38026], [77.51946, 33.37873], [77.52176, 33.37269], [77.52841, 33.37258], [77.53637, 33.37009], [77.5423, 33.37353], [77.55204, 33.36742], [77.55054, 33.36007], [77.55233, 33.35675], [77.55782, 33.35295], [77.55802, 33.34975], [77.53776, 33.34096], [77.53057, 33.33621], [77.52629, 33.33562], [77.50969, 33.33778], [77.4981, 33.33056], [77.49186, 33.3198], [77.49198, 33.31118], [77.49, 33.30711], [77.47562, 33.29138], [77.46986, 33.28165], [77.47046, 33.27844], [77.47983, 33.27589], [77.48589, 33.2668], [77.48424, 33.2568], [77.48554, 33.25213], [77.49352, 33.24466], [77.49904, 33.2315], [77.50827, 33.22748], [77.51208, 33.22122], [77.51382, 33.21363], [77.51213, 33.20426], [77.52204, 33.18949], [77.523, 33.18235], [77.52705, 33.17833], [77.52527, 33.1551], [77.52054, 33.15503], [77.50716, 33.17381], [77.48177, 33.18394], [77.46997, 33.19599], [77.46263, 33.19732], [77.45912, 33.2033], [77.44964, 33.20526], [77.4435, 33.20998], [77.43956, 33.21015], [77.43381, 33.20701], [77.42458, 33.20658], [77.4209, 33.2037], [77.40834, 33.19878], [77.4049, 33.19004], [77.40323, 33.17902], [77.39328, 33.1732], [77.39357, 33.17067], [77.40133, 33.16124], [77.39693, 33.15038], [77.40002, 33.1458], [77.4009, 33.13835], [77.40728, 33.13304], [77.40066, 33.12581], [77.40398, 33.10305], [77.4007, 33.09073], [77.39513, 33.08138], [77.38357, 33.07408], [77.37485, 33.07497], [77.37041, 33.07997], [77.36869, 33.08001], [77.36024, 33.07586], [77.34999, 33.0731], [77.34656, 33.07345], [77.33836, 33.07865], [77.32632, 33.08014], [77.32529, 33.07859], [77.3266, 33.07085], [77.3247, 33.06571], [77.32784, 33.05915], [77.32626, 33.04943], [77.32737, 33.0422], [77.32214, 33.04104], [77.31208, 33.03366], [77.3085, 33.03574], [77.30768, 33.02734], [77.29809, 33.02868], [77.29247, 33.0259], [77.28589, 33.02898], [77.28346, 33.02794], [77.28496, 33.01988], [77.28028, 33.0077], [77.28095, 33.00128], [77.27779, 32.99419], [77.28068, 32.99087], [77.28155, 32.98402], [77.28523, 32.97764], [77.29226, 32.96983], [77.29089, 32.96444], [77.29375, 32.95198], [77.29798, 32.94522], [77.30956, 32.93312], [77.30984, 32.92647], [77.31604, 32.92187], [77.31734, 32.91388], [77.32743, 32.89605], [77.32297, 32.89052], [77.31324, 32.88671], [77.30386, 32.88761], [77.298, 32.883], [77.28421, 32.87965], [77.27661, 32.87383], [77.28837, 32.86384], [77.29259, 32.85719], [77.29952, 32.85306], [77.30699, 32.85002], [77.3234, 32.85142], [77.33073, 32.84366], [77.32909, 32.83501], [77.33473, 32.82707], [77.33887, 32.82542], [77.33982, 32.8197], [77.34608, 32.81717], [77.35417, 32.81619], [77.36661, 32.81847], [77.37471, 32.82253], [77.38012, 32.83989], [77.38093, 32.84388], [77.37701, 32.85371], [77.37797, 32.85689], [77.38137, 32.86083], [77.38954, 32.86472], [77.39774, 32.87815], [77.40584, 32.88284], [77.4157, 32.88429], [77.41753, 32.88122], [77.42849, 32.87549], [77.43611, 32.87647], [77.44408, 32.88092], [77.44958, 32.87305], [77.45058, 32.86768], [77.45452, 32.8631], [77.46669, 32.85887], [77.47356, 32.85892], [77.49156, 32.87597], [77.50296, 32.88372], [77.51275, 32.87868], [77.52465, 32.88023], [77.538, 32.88454], [77.54544, 32.88942], [77.56321, 32.90888], [77.57233, 32.91025], [77.58817, 32.91877], [77.59821, 32.92881], [77.60248, 32.94093], [77.60493, 32.93702], [77.62367, 32.93945], [77.63153, 32.93851], [77.63583, 32.9411], [77.64196, 32.94163], [77.65712, 32.95325], [77.67193, 32.95648], [77.67502, 32.96304], [77.67864, 32.96604], [77.6839, 32.98313], [77.68956, 32.98336], [77.69669, 32.97779], [77.69817, 32.97485], [77.70956, 32.97647], [77.7137, 32.97486], [77.71856, 32.96607], [77.72236, 32.96314], [77.72699, 32.96434], [77.73118, 32.96882], [77.74182, 32.96136], [77.74601, 32.95453], [77.75508, 32.94484], [77.76344, 32.94283], [77.76626, 32.93636], [77.77818, 32.92433], [77.79662, 32.91266], [77.80033, 32.90691], [77.80874, 32.90228], [77.81107, 32.89493], [77.80552, 32.88854], [77.79129, 32.88777], [77.7845, 32.87715], [77.77991, 32.86167], [77.78619, 32.8553], [77.81747, 32.84262], [77.82665, 32.83278], [77.83278, 32.83292], [77.84355, 32.83661], [77.84985, 32.83177], [77.86605, 32.82512], [77.8797, 32.81285], [77.88296, 32.80318], [77.8874, 32.79703], [77.88536, 32.78694], [77.89062, 32.78289], [77.89925, 32.77202], [77.91787, 32.77191], [77.92186, 32.76948], [77.92729, 32.76869], [77.93064, 32.76373], [77.93349, 32.76263], [77.93627, 32.75347], [77.93013, 32.73304], [77.93674, 32.72732], [77.93032, 32.72228], [77.9277, 32.71792], [77.9245, 32.70886], [77.9239, 32.70009], [77.92061, 32.69491], [77.92144, 32.68959], [77.92916, 32.68465], [77.9384, 32.67597], [77.9453, 32.65904], [77.95741, 32.64419], [77.9646, 32.63912], [77.97077, 32.63678], [77.9732, 32.6312], [77.97234, 32.62233], [77.97756, 32.6171], [77.98031, 32.61014], [77.98591, 32.60432], [77.99473, 32.58826], [78.00059, 32.58283], [78.00508, 32.5845], [78.03548, 32.5833], [78.04548, 32.5849], [78.05385, 32.58821], [78.05969, 32.59549], [78.05957, 32.60157], [78.05254, 32.61193], [78.05058, 32.62468], [78.05204, 32.63192], [78.06224, 32.62511], [78.07715, 32.62085], [78.08346, 32.62055], [78.08559, 32.62188], [78.09113, 32.64068], [78.09718, 32.64907], [78.1116, 32.65843], [78.11749, 32.65626], [78.12521, 32.64601], [78.13436, 32.63866], [78.1397, 32.63858], [78.14487, 32.64534], [78.15427, 32.66657], [78.16272, 32.67285], [78.17081, 32.67527], [78.18877, 32.67344], [78.1978, 32.66662], [78.20222, 32.66006], [78.21327, 32.66353], [78.21991, 32.66139], [78.23124, 32.66538], [78.24327, 32.67176], [78.25159, 32.67989], [78.25493, 32.69087], [78.27747, 32.69911], [78.29111, 32.6991], [78.30327, 32.70295], [78.31414, 32.70897], [78.31699, 32.71591], [78.31654, 32.721], [78.31308, 32.7278], [78.30612, 32.73402], [78.36327, 32.75962], [78.38988, 32.758], [78.39132, 32.7563], [78.38924, 32.74199], [78.38971, 32.72983], [78.39341, 32.71877], [78.39627, 32.71542], [78.38599, 32.69562], [78.38206, 32.68161], [78.38151, 32.66807], [78.38923, 32.63417], [78.39418, 32.62562], [78.40708, 32.61923], [78.35882, 32.58907], [78.34993, 32.58088], [78.33584, 32.57618], [78.31476, 32.57352], [78.31723, 32.52523], [78.31308, 32.51842], [78.29652, 32.50389], [78.32419, 32.47366], [78.32835, 32.47183], [78.3744, 32.50857], [78.4005, 32.52555]]]}}, {"type": "Feature", "properties": {"shapeName": "Udhampur", "shapeISO": "", "shapeID": "76128533B31127900859310", "shapeGroup": "IND", "shapeType": "ADM2", "district": "Udhampur"}, "geometry": {"type": "Polygon", "coordinates": [[[74.89858, 32.91669], [74.91347, 32.90324], [74.91731, 32.89593], [74.92007, 32.89403], [74.92005, 32.88757], [74.92497, 32.88648], [74.92667, 32.88421], [74.93544, 32.88391], [74.93864, 32.88588], [74.93857, 32.89007], [74.94034, 32.89192], [74.94869, 32.8894], [74.9517, 32.88989], [74.9482, 32.90098], [74.94808, 32.91678], [74.9529, 32.92272], [74.95764, 32.92262], [74.96656, 32.91232], [74.98322, 32.90223], [74.98868, 32.89716], [74.98992, 32.89341], [75.00143, 32.8835], [75.02326, 32.87046], [75.0348, 32.86087], [75.08938, 32.83016], [75.10858, 32.81553], [75.12111, 32.79097], [75.12865, 32.79128], [75.14218, 32.78928], [75.14533, 32.7776], [75.15289, 32.76729], [75.14749, 32.75727], [75.13899, 32.7562], [75.12951, 32.74503], [75.12417, 32.74153], [75.10165, 32.73591], [75.08709, 32.72574], [75.0864, 32.72103], [75.09051, 32.7189], [75.09151, 32.71626], [75.0939, 32.71647], [75.09722, 32.71423], [75.10432, 32.71406], [75.1222, 32.70205], [75.11921, 32.69598], [75.1299, 32.68822], [75.13798, 32.69197], [75.15921, 32.67246], [75.17927, 32.66695], [75.18876, 32.66002], [75.19586, 32.65882], [75.21788, 32.6612], [75.2733, 32.64347], [75.28744, 32.64443], [75.29937, 32.64717], [75.3045, 32.65119], [75.30644, 32.65512], [75.3217, 32.65989], [75.33934, 32.66863], [75.35389, 32.6669], [75.36224, 32.67082], [75.36172, 32.6664], [75.36352, 32.66469], [75.3694, 32.66817], [75.3745, 32.66916], [75.37832, 32.67375], [75.37533, 32.67553], [75.3748, 32.67811], [75.38008, 32.68225], [75.38343, 32.68795], [75.38264, 32.69651], [75.38826, 32.70141], [75.39457, 32.69844], [75.3936, 32.68671], [75.39818, 32.68229], [75.39908, 32.67831], [75.40445, 32.67812], [75.41421, 32.68338], [75.42503, 32.68424], [75.43633, 32.67355], [75.43865, 32.67343], [75.4443, 32.67682], [75.44893, 32.67412], [75.4527, 32.67483], [75.45779, 32.67272], [75.46297, 32.67345], [75.47032, 32.67838], [75.4796, 32.68861], [75.47854, 32.69058], [75.47531, 32.6899], [75.47455, 32.69097], [75.4805, 32.69549], [75.48228, 32.70129], [75.48186, 32.73324], [75.49232, 32.75283], [75.49407, 32.76183], [75.50827, 32.77566], [75.51951, 32.77876], [75.54012, 32.78043], [75.55818, 32.78365], [75.56034, 32.77614], [75.56592, 32.77162], [75.58411, 32.76529], [75.59102, 32.75553], [75.59668, 32.7615], [75.60396, 32.77665], [75.61111, 32.77882], [75.61363, 32.78424], [75.6232, 32.78719], [75.62693, 32.78512], [75.63737, 32.78684], [75.64334, 32.78581], [75.6534, 32.78713], [75.67272, 32.79505], [75.67712, 32.79731], [75.68347, 32.80384], [75.69201, 32.80693], [75.69486, 32.81548], [75.69044, 32.85801], [75.68775, 32.86442], [75.68749, 32.87134], [75.66926, 32.88013], [75.66886, 32.88229], [75.67218, 32.88609], [75.6714, 32.8942], [75.6676, 32.90816], [75.66114, 32.91539], [75.63714, 32.92624], [75.62861, 32.93344], [75.61551, 32.93643], [75.60446, 32.94424], [75.5908, 32.94639], [75.56743, 32.96678], [75.5502, 32.96624], [75.53191, 32.96159], [75.5117, 32.95931], [75.49535, 32.95372], [75.48506, 32.95226], [75.48076, 32.95308], [75.45146, 32.97596], [75.44013, 32.98618], [75.43687, 32.99182], [75.42911, 32.99704], [75.42632, 33.00593], [75.427, 33.0332], [75.42372, 33.04731], [75.41727, 33.05252], [75.37968, 33.0696], [75.37599, 33.06927], [75.37232, 33.06795], [75.36227, 33.0714], [75.36031, 33.06495], [75.35752, 33.06484], [75.35509, 33.07077], [75.3426, 33.07374], [75.3358, 33.07363], [75.32784, 33.08214], [75.32729, 33.08829], [75.30519, 33.09658], [75.29603, 33.0943], [75.29033, 33.09748], [75.28716, 33.09532], [75.28148, 33.09872], [75.28079, 33.10027], [75.28355, 33.10398], [75.27996, 33.10645], [75.27628, 33.10784], [75.26457, 33.10735], [75.25253, 33.1126], [75.2326, 33.13047], [75.22899, 33.13272], [75.22455, 33.13146], [75.22398, 33.14092], [75.22117, 33.14623], [75.2164, 33.14955], [75.21061, 33.1516], [75.20185, 33.15061], [75.18678, 33.15519], [75.18002, 33.15527], [75.16853, 33.16046], [75.16079, 33.16187], [75.15465, 33.16963], [75.14078, 33.17221], [75.13214, 33.17582], [75.11692, 33.17817], [75.11547, 33.18038], [75.11114, 33.18021], [75.10623, 33.18404], [75.0964, 33.18105], [75.08007, 33.16108], [75.07112, 33.1549], [75.06492, 33.14559], [75.06109, 33.14256], [75.05733, 33.14029], [75.05266, 33.14096], [75.04389, 33.13736], [75.03531, 33.13693], [75.02426, 33.126], [75.02413, 33.12025], [75.01897, 33.11239], [75.01607, 33.09713], [75.01454, 33.09549], [75.01438, 33.08337], [75.01868, 33.07836], [75.02176, 33.07756], [75.03253, 33.06915], [75.03714, 33.06795], [75.05103, 33.05123], [75.0488, 33.04666], [75.04377, 33.04455], [75.04184, 33.03769], [75.03701, 33.03405], [75.03451, 33.03396], [75.0319, 33.03667], [75.02721, 33.03673], [75.02039, 33.03961], [75.01277, 33.03805], [75.00095, 33.03271], [75.00009, 33.02967], [75.00753, 33.01853], [75.00759, 33.01089], [75.00531, 33.00762], [75.00787, 33.00631], [75.00834, 33.00427], [74.98879, 32.99741], [74.98631, 32.99337], [74.97927, 32.99093], [74.97628, 32.98617], [74.97354, 32.9848], [74.96454, 32.98328], [74.95954, 32.98525], [74.94952, 32.98411], [74.94293, 32.98103], [74.93941, 32.98196], [74.93142, 32.97662], [74.91597, 32.94778], [74.91394, 32.93771], [74.90828, 32.92366], [74.89858, 32.91669]]]}}, {"type": "Feature", "properties": {"shapeName": "Samba", "shapeISO": "", "shapeID": "76128533B49429513424897", "shapeGroup": "IND", "shapeType": "ADM2", "district": "Samba"}, "geometry": {"type": "Polygon", "coordinates": [[[74.87943, 32.49287], [74.88464, 32.49053], [74.87691, 32.47786], [74.87976, 32.47782], [74.90013, 32.46717], [74.90543, 32.473], [74.91117, 32.46997], [74.91313, 32.46661], [74.91847, 32.46541], [74.91843, 32.46415], [74.93019, 32.47164], [74.93923, 32.4713], [74.93638, 32.4681], [74.94139, 32.46372], [74.94314, 32.45231], [74.94538, 32.44905], [74.95003, 32.44667], [74.95187, 32.44654], [74.95441, 32.45127], [74.95689, 32.45315], [74.95823, 32.45255], [74.96268, 32.45798], [74.97028, 32.45926], [74.97121, 32.4577], [74.97449, 32.45731], [74.97962, 32.45156], [74.98195, 32.45149], [74.98836, 32.45339], [74.99294, 32.45195], [75.00561, 32.45762], [75.0087, 32.46289], [75.01782, 32.46891], [75.01383, 32.47165], [75.01529, 32.47849], [75.02038, 32.48522], [75.02368, 32.49442], [75.02664, 32.49735], [75.02882, 32.49463], [75.04293, 32.4863], [75.04521, 32.48756], [75.05601, 32.48131], [75.06861, 32.47773], [75.07008, 32.48002], [75.08508, 32.47189], [75.0855, 32.46967], [75.08686, 32.47134], [75.09194, 32.4692], [75.09959, 32.47801], [75.1064, 32.47548], [75.10883, 32.47389], [75.11113, 32.46754], [75.10892, 32.4603], [75.11344, 32.45825], [75.12565, 32.47363], [75.12764, 32.48174], [75.1269, 32.4917], [75.13272, 32.50105], [75.1355, 32.50128], [75.14082, 32.49775], [75.14412, 32.49736], [75.1478, 32.50088], [75.14796, 32.50528], [75.1533, 32.50349], [75.15239, 32.51375], [75.15786, 32.51312], [75.15972, 32.51419], [75.16097, 32.52205], [75.17404, 32.52963], [75.17483, 32.53679], [75.17969, 32.54471], [75.19628, 32.55838], [75.20321, 32.56052], [75.2079, 32.56448], [75.21739, 32.56453], [75.22005, 32.56687], [75.22876, 32.56997], [75.26006, 32.57845], [75.26278, 32.58119], [75.27067, 32.58384], [75.27997, 32.58068], [75.2913, 32.57993], [75.30109, 32.57495], [75.30577, 32.57437], [75.32083, 32.57549], [75.33136, 32.57809], [75.33815, 32.58399], [75.34371, 32.59312], [75.33787, 32.60176], [75.32048, 32.61629], [75.31402, 32.61844], [75.30552, 32.62386], [75.29373, 32.62479], [75.2888, 32.63121], [75.28744, 32.64443], [75.2733, 32.64347], [75.21788, 32.6612], [75.19586, 32.65882], [75.18876, 32.66002], [75.17927, 32.66695], [75.15921, 32.67246], [75.13798, 32.69197], [75.1299, 32.68822], [75.11921, 32.69598], [75.1222, 32.70205], [75.10432, 32.71406], [75.09722, 32.71423], [75.0939, 32.71647], [75.09151, 32.71626], [75.09051, 32.7189], [75.0864, 32.72103], [75.08709, 32.72574], [75.08334, 32.7252], [75.07641, 32.72714], [75.06981, 32.73544], [75.0645, 32.73823], [75.05538, 32.73875], [75.04904, 32.74129], [75.04287, 32.74126], [75.03487, 32.73409], [75.03405, 32.73066], [75.0279, 32.72824], [75.00714, 32.73976], [75.00542, 32.74271], [75.0117, 32.75335], [75.01046, 32.75892], [75.01515, 32.76092], [75.01934, 32.75653], [75.02162, 32.7565], [75.02487, 32.76346], [75.02397, 32.76974], [75.00505, 32.78721], [74.99646, 32.78875], [74.98834, 32.79761], [74.98684, 32.8034], [74.98382, 32.80528], [74.98202, 32.80469], [74.97957, 32.79858], [74.9738, 32.79765], [74.97684, 32.79344], [74.97587, 32.7915], [74.96631, 32.78795], [74.96021, 32.78996], [74.96423, 32.78111], [74.96124, 32.77638], [74.95522, 32.77241], [74.94495, 32.77473], [74.93886, 32.78116], [74.92657, 32.78239], [74.92085, 32.77814], [74.9186, 32.77084], [74.91502, 32.76857], [74.91364, 32.76435], [74.90814, 32.7626], [74.90244, 32.7634], [74.8879, 32.76944], [74.88302, 32.76963], [74.8784, 32.77421], [74.87434, 32.77281], [74.87136, 32.76815], [74.87329, 32.76326], [74.87963, 32.76198], [74.87779, 32.74671], [74.88342, 32.72989], [74.89359, 32.7311], [74.8984, 32.73009], [74.90087, 32.72686], [74.90634, 32.72646], [74.91441, 32.72963], [74.92836, 32.73116], [74.95174, 32.71644], [74.96196, 32.69955], [74.96043, 32.69324], [74.95426, 32.68335], [74.94736, 32.67648], [74.94998, 32.67407], [74.94329, 32.65836], [74.94562, 32.65438], [74.95209, 32.6512], [74.9406, 32.64908], [74.93124, 32.64467], [74.92307, 32.64396], [74.91458, 32.64609], [74.90271, 32.65151], [74.88627, 32.65316], [74.88555, 32.65157], [74.886, 32.64909], [74.89198, 32.64496], [74.89445, 32.63906], [74.88874, 32.62706], [74.88835, 32.62148], [74.8828, 32.62075], [74.8799, 32.61864], [74.87732, 32.61573], [74.87712, 32.61177], [74.88307, 32.6098], [74.88797, 32.60395], [74.89094, 32.60337], [74.90422, 32.62247], [74.91556, 32.61524], [74.92661, 32.61089], [74.92814, 32.60848], [74.92289, 32.60337], [74.9284, 32.59995], [74.92471, 32.59821], [74.92133, 32.59402], [74.93184, 32.58906], [74.9355, 32.58499], [74.93776, 32.59054], [74.94106, 32.58829], [74.94542, 32.59135], [74.94862, 32.59164], [74.95099, 32.58769], [74.95037, 32.58432], [74.94306, 32.58133], [74.9492, 32.57643], [74.95276, 32.56864], [74.95072, 32.56477], [74.94205, 32.56221], [74.93902, 32.55897], [74.93311, 32.56337], [74.92628, 32.56217], [74.92735, 32.5571], [74.93509, 32.55482], [74.92387, 32.54432], [74.91321, 32.54448], [74.90764, 32.54751], [74.90595, 32.55143], [74.90114, 32.55056], [74.90217, 32.54134], [74.90074, 32.53496], [74.9139, 32.52626], [74.91517, 32.52092], [74.91351, 32.51908], [74.90901, 32.51825], [74.89954, 32.51983], [74.89223, 32.51956], [74.88905, 32.51797], [74.88749, 32.51603], [74.88762, 32.50257], [74.87943, 32.49287]]]}}, {"type": "Feature", "properties": {"shapeName": "Kathua", "shapeISO": "", "shapeID": "76128533B79652855441225", "shapeGroup": "IND", "shapeType": "ADM2", "district": "Kathua"}, "geometry": {"type": "Polygon", "coordinates": [[[75.80496, 32.89337], [75.78842, 32.89668], [75.773, 32.89672], [75.76805, 32.895], [75.75869, 32.89614], [75.75358, 32.89482], [75.74167, 32.88758], [75.71561, 32.88326], [75.69917, 32.8852], [75.69541, 32.88242], [75.69519, 32.87718], [75.68749, 32.87134], [75.68775, 32.86442], [75.69044, 32.85801], [75.69486, 32.81548], [75.69201, 32.80693], [75.68347, 32.80384], [75.67712, 32.79731], [75.67272, 32.79505], [75.6534, 32.78713], [75.64334, 32.78581], [75.63737, 32.78684], [75.62693, 32.78512], [75.6232, 32.78719], [75.61363, 32.78424], [75.61111, 32.77882], [75.60396, 32.77665], [75.59668, 32.7615], [75.59102, 32.75553], [75.58411, 32.76529], [75.56592, 32.77162], [75.56034, 32.77614], [75.55818, 32.78365], [75.54012, 32.78043], [75.51951, 32.77876], [75.50827, 32.77566], [75.49407, 32.76183], [75.49232, 32.75283], [75.48186, 32.73324], [75.48228, 32.70129], [75.4805, 32.69549], [75.47455, 32.69097], [75.47531, 32.6899], [75.47854, 32.69058], [75.4796, 32.68861], [75.47032, 32.67838], [75.46297, 32.67345], [75.45779, 32.67272], [75.4527, 32.67483], [75.44893, 32.67412], [75.4443, 32.67682], [75.43865, 32.67343], [75.43633, 32.67355], [75.42503, 32.68424], [75.41421, 32.68338], [75.40445, 32.67812], [75.39908, 32.67831], [75.39818, 32.68229], [75.3936, 32.68671], [75.39457, 32.69844], [75.38826, 32.70141], [75.38264, 32.69651], [75.38343, 32.68795], [75.38008, 32.68225], [75.3748, 32.67811], [75.37533, 32.67553], [75.37832, 32.67375], [75.3745, 32.66916], [75.3694, 32.66817], [75.36352, 32.66469], [75.36172, 32.6664], [75.36224, 32.67082], [75.35389, 32.6669], [75.33934, 32.66863], [75.3217, 32.65989], [75.30644, 32.65512], [75.3045, 32.65119], [75.29937, 32.64717], [75.28744, 32.64443], [75.2888, 32.63121], [75.29373, 32.62479], [75.30552, 32.62386], [75.31402, 32.61844], [75.32048, 32.61629], [75.33787, 32.60176], [75.34371, 32.59312], [75.33815, 32.58399], [75.33136, 32.57809], [75.32083, 32.57549], [75.30577, 32.57437], [75.30109, 32.57495], [75.2913, 32.57993], [75.27997, 32.58068], [75.27067, 32.58384], [75.26278, 32.58119], [75.26006, 32.57845], [75.22876, 32.56997], [75.22005, 32.56687], [75.21739, 32.56453], [75.2079, 32.56448], [75.20321, 32.56052], [75.19628, 32.55838], [75.17969, 32.54471], [75.17483, 32.53679], [75.17404, 32.52963], [75.16097, 32.52205], [75.15972, 32.51419], [75.15786, 32.51312], [75.15239, 32.51375], [75.1533, 32.50349], [75.14796, 32.50528], [75.1478, 32.50088], [75.14412, 32.49736], [75.14082, 32.49775], [75.1355, 32.50128], [75.13272, 32.50105], [75.1269, 32.4917], [75.12764, 32.48174], [75.12565, 32.47363], [75.11344, 32.45825], [75.12075, 32.45522], [75.11916, 32.44371], [75.12273, 32.44203], [75.12444, 32.43658], [75.12997, 32.43403], [75.12955, 32.43214], [75.13439, 32.42819], [75.13324, 32.42615], [75.12861, 32.42599], [75.12757, 32.42388], [75.12778, 32.41753], [75.13251, 32.41553], [75.13165, 32.41122], [75.13307, 32.40885], [75.15208, 32.41888], [75.15348, 32.42103], [75.16199, 32.41917], [75.16827, 32.4229], [75.17597, 32.42129], [75.18056, 32.42562], [75.18367, 32.42517], [75.18699, 32.42707], [75.19164, 32.4262], [75.19335, 32.42423], [75.19279, 32.42235], [75.19707, 32.42058], [75.19802, 32.42182], [75.20071, 32.42098], [75.19976, 32.41683], [75.20161, 32.41525], [75.19862, 32.41108], [75.19309, 32.4112], [75.19348, 32.40063], [75.2092, 32.39468], [75.21328, 32.40269], [75.2242, 32.39828], [75.22349, 32.39532], [75.22822, 32.39239], [75.23192, 32.39183], [75.23832, 32.38712], [75.24531, 32.38477], [75.25114, 32.39092], [75.25624, 32.38975], [75.25672, 32.38639], [75.25487, 32.3843], [75.25586, 32.38051], [75.25429, 32.37885], [75.25767, 32.37595], [75.25825, 32.37239], [75.26802, 32.37282], [75.27289, 32.37629], [75.28976, 32.36997], [75.28701, 32.36109], [75.28935, 32.35599], [75.29935, 32.35317], [75.29891, 32.34658], [75.30748, 32.3437], [75.32202, 32.34372], [75.32487, 32.33984], [75.3256, 32.33517], [75.34146, 32.34316], [75.34795, 32.34499], [75.3947, 32.32897], [75.43117, 32.32435], [75.44878, 32.32673], [75.468, 32.33177], [75.48286, 32.33883], [75.4885, 32.34002], [75.48977, 32.33916], [75.48396, 32.31751], [75.49613, 32.31026], [75.50642, 32.3101], [75.50831, 32.30267], [75.50617, 32.28784], [75.51085, 32.27674], [75.5151, 32.27515], [75.51738, 32.27586], [75.53202, 32.2978], [75.54055, 32.3399], [75.54382, 32.34556], [75.56148, 32.36066], [75.58338, 32.37163], [75.60906, 32.38146], [75.66451, 32.38845], [75.70146, 32.4002], [75.72808, 32.41771], [75.74633, 32.44461], [75.76042, 32.46865], [75.76262, 32.47591], [75.79558, 32.47453], [75.80686, 32.47826], [75.82109, 32.4865], [75.84183, 32.50865], [75.85321, 32.51605], [75.85262, 32.51891], [75.8589, 32.51961], [75.85737, 32.52571], [75.87196, 32.53292], [75.87324, 32.5371], [75.88853, 32.56076], [75.89239, 32.57027], [75.8895, 32.57561], [75.92483, 32.61854], [75.93215, 32.62986], [75.93014, 32.6379], [75.93329, 32.64483], [75.93808, 32.64755], [75.94461, 32.64279], [75.94663, 32.64335], [75.94406, 32.64965], [75.9448, 32.65216], [75.94282, 32.65341], [75.94494, 32.65447], [75.94366, 32.65732], [75.93652, 32.6533], [75.92877, 32.65488], [75.92817, 32.66362], [75.92173, 32.66663], [75.91629, 32.66731], [75.90624, 32.65811], [75.90323, 32.65826], [75.901, 32.66027], [75.90765, 32.67598], [75.91241, 32.68255], [75.9096, 32.68535], [75.90908, 32.69045], [75.91025, 32.69828], [75.91261, 32.70188], [75.91263, 32.71187], [75.9234, 32.72867], [75.93153, 32.73597], [75.92981, 32.75671], [75.91743, 32.7695], [75.89122, 32.81345], [75.85513, 32.83646], [75.83851, 32.84267], [75.8258, 32.85315], [75.81215, 32.87021], [75.80734, 32.88143], [75.80496, 32.89337]]]}}, {"type": "Feature", "properties": {"shapeName": "Gurgaon", "shapeISO": "", "shapeID": "76128533B67580812983244", "shapeGroup": "IND", "shapeType": "ADM2", "district": "Gurgaon"}, "geometry": {"type": "Polygon", "coordinates": [[[77.11945677600005, 28.488950577000026], [77.11945829200005, 28.488962984000068], [77.1196, 28.48936], [77.12012, 28.49089], [77.12138, 28.49624], [77.10851892400007, 28.499874454000064], [77.10841051900007, 28.499848947000032], [77.09775866300004, 28.504565510000077], [77.09496925700006, 28.507268156000066], [77.09494315700005, 28.507379082000057], [77.09275753900005, 28.513799499000072], [77.0723, 28.52023], [77.06758, 28.51194], [77.06109, 28.51226], [77.04624, 28.51654], [77.04847, 28.52113], [77.04335, 28.52494], [77.03201, 28.53167], [77.02427, 28.53301], [77.0169, 28.53905], [77.00712, 28.54144], [77.0041, 28.53924], [77.00044, 28.53135], [77.01637, 28.52264], [77.01698, 28.52096], [77.01049, 28.51459], [76.99681, 28.51963], [76.9911, 28.51348], [76.97854, 28.52109], [76.95472, 28.50493], [76.9457, 28.50432], [76.93572, 28.51033], [76.92818, 28.51105], [76.92079, 28.50692], [76.9166, 28.51062], [76.90788, 28.51345], [76.90273, 28.50892], [76.89868, 28.50911], [76.89246, 28.50088], [76.88624, 28.50077], [76.87722, 28.49966], [76.87453, 28.49784], [76.86262, 28.50104], [76.85011, 28.50148], [76.84733, 28.49937], [76.82913, 28.50427], [76.82467, 28.50415], [76.825, 28.49852], [76.81944, 28.4893], [76.81447, 28.48577], [76.81523, 28.47984], [76.81178, 28.47492], [76.80718, 28.47571], [76.80152, 28.47037], [76.79687, 28.47097], [76.79325, 28.46592], [76.79071, 28.46636], [76.77203, 28.47893], [76.77009, 28.47889], [76.75938, 28.46079], [76.75, 28.46281], [76.7349, 28.47184], [76.73616, 28.47918], [76.71871, 28.49157], [76.71478, 28.4904], [76.71054, 28.49324], [76.70516, 28.49237], [76.70625, 28.47906], [76.70838, 28.47511], [76.70931, 28.4671], [76.70654, 28.45895], [76.71224, 28.45665], [76.71178, 28.44567], [76.71428, 28.44017], [76.71797, 28.43744], [76.70871, 28.41616], [76.70729, 28.40818], [76.70813, 28.40102], [76.71494, 28.39442], [76.71801, 28.39488], [76.72968, 28.38804], [76.72939, 28.38484], [76.73194, 28.3829], [76.73069, 28.3817], [76.73424, 28.37988], [76.73552, 28.37596], [76.73293, 28.37079], [76.73343, 28.36824], [76.72597, 28.35728], [76.71456, 28.35595], [76.70574, 28.35927], [76.70256, 28.35836], [76.69729, 28.36059], [76.69574, 28.36222], [76.69751, 28.36659], [76.69306, 28.37009], [76.68395, 28.37586], [76.66966, 28.37898], [76.66401, 28.37026], [76.66484, 28.36885], [76.65788, 28.35476], [76.66251, 28.34907], [76.66048, 28.34179], [76.66531, 28.34005], [76.6578, 28.33034], [76.65106, 28.30765], [76.66716, 28.30304], [76.67021, 28.30942], [76.67165, 28.30961], [76.67368, 28.31701], [76.67993, 28.3168], [76.68624, 28.31378], [76.68255, 28.30141], [76.6841, 28.2996], [76.68141, 28.29456], [76.6837, 28.29339], [76.67949, 28.28849], [76.67741, 28.27791], [76.67398, 28.27008], [76.67886, 28.2685], [76.67817, 28.26429], [76.68427, 28.2613], [76.68909, 28.26545], [76.69983, 28.25862], [76.71265, 28.26453], [76.73742, 28.25279], [76.75257, 28.24824], [76.76863, 28.2407], [76.77085, 28.23844], [76.77002, 28.23442], [76.77206, 28.23328], [76.77184, 28.23176], [76.77796, 28.22525], [76.78189, 28.22337], [76.79458, 28.2436], [76.79741, 28.25579], [76.80282, 28.25328], [76.80531, 28.25622], [76.81189, 28.25394], [76.80896, 28.24651], [76.81249, 28.24388], [76.81127, 28.24231], [76.81224, 28.24126], [76.81631, 28.24478], [76.81933, 28.24362], [76.81998, 28.245], [76.82296, 28.24429], [76.82486, 28.24538], [76.84397, 28.23809], [76.84916, 28.23925], [76.8626, 28.25884], [76.8676, 28.26158], [76.87086, 28.2688], [76.87398, 28.26834], [76.89171, 28.25637], [76.89502, 28.25595], [76.90309, 28.26043], [76.90973, 28.26761], [76.91388, 28.27383], [76.91413, 28.28179], [76.90846, 28.28896], [76.90103, 28.29293], [76.90315, 28.298], [76.9016, 28.30272], [76.90405, 28.30278], [76.90718, 28.29972], [76.91103, 28.29957], [76.91918, 28.30568], [76.93191, 28.32207], [76.94105, 28.31747], [76.95352, 28.3153], [76.95405, 28.31874], [76.95891, 28.32441], [76.9656, 28.32536], [76.97976, 28.33352], [76.98158, 28.33233], [76.98184, 28.32958], [76.983, 28.3308], [76.98502, 28.32962], [76.98693, 28.32413], [76.98874, 28.32312], [76.99661, 28.32633], [77.00159, 28.32505], [77.00293, 28.31854], [77.00638, 28.315], [77.00814, 28.30769], [77.01408, 28.29773], [77.01495, 28.28654], [77.02072, 28.2784], [77.0236, 28.24909], [77.02587, 28.24728], [77.03256, 28.24579], [77.05796, 28.24487], [77.06127, 28.24311], [77.05735, 28.22195], [77.07072, 28.2171], [77.07596, 28.21679], [77.08005, 28.22591], [77.08293, 28.22834], [77.08651, 28.22879], [77.09477, 28.22373], [77.10063, 28.22243], [77.10493, 28.22714], [77.11008, 28.22762], [77.11368, 28.22278], [77.12489, 28.21901], [77.14048, 28.22629], [77.14737, 28.22252], [77.14896, 28.2201], [77.16225, 28.21713], [77.1725, 28.20497], [77.1755, 28.20561], [77.17927, 28.20995], [77.1805, 28.21514], [77.18512, 28.22055], [77.19052, 28.22002], [77.2016, 28.22947], [77.19422, 28.23358], [77.19531, 28.23841], [77.19418, 28.24105], [77.19634, 28.24214], [77.19661, 28.24647], [77.20487, 28.25086], [77.21032, 28.25069], [77.21259, 28.26252], [77.22069, 28.26253], [77.22505, 28.26653], [77.23737, 28.2701], [77.24087, 28.27596], [77.2418, 28.27929], [77.22857, 28.2894], [77.22379, 28.28794], [77.20823, 28.2987], [77.20538, 28.29291], [77.20089, 28.28964], [77.18248, 28.3028], [77.1669, 28.3083], [77.16707, 28.31106], [77.1627, 28.31278], [77.163, 28.31496], [77.1581, 28.3164], [77.15202, 28.34068], [77.15307, 28.36113], [77.15043, 28.36385], [77.15444, 28.37998], [77.15117, 28.38058], [77.15446, 28.39031], [77.16177, 28.3945], [77.17058, 28.39495], [77.17523, 28.40447], [77.1724, 28.40612], [77.17043, 28.41128], [77.16609, 28.41471], [77.16682, 28.42519], [77.16454, 28.42772], [77.15514, 28.43228], [77.14928, 28.43708], [77.14209, 28.43642], [77.12909, 28.44119], [77.12443, 28.44577], [77.12425, 28.44826], [77.12218, 28.44897], [77.12181, 28.45559], [77.11929, 28.45955], [77.11768, 28.4617], [77.11156, 28.47108], [77.11388, 28.47128], [77.11533754500005, 28.47984210900006], [77.11536410400004, 28.479978840000058], [77.11945677600005, 28.488950577000026]]]}}, {"type": "Feature", "properties": {"shapeName": "Yamunanagar", "shapeISO": "", "shapeID": "76128533B23956636471502", "shapeGroup": "IND", "shapeType": "ADM2", "district": "Yamunanagar"}, "geometry": {"type": "Polygon", "coordinates": [[[77.21315, 30.49659], [77.20689, 30.48826], [77.20281, 30.47834], [77.19823, 30.48162], [77.19525, 30.48029], [77.18708, 30.47144], [77.18424, 30.46417], [77.1806, 30.46161], [77.1808, 30.45891], [77.17434, 30.45719], [77.17605, 30.45054], [77.17388, 30.44736], [77.17424, 30.44251], [77.17335, 30.44097], [77.17101, 30.4421], [77.16979, 30.44131], [77.17503, 30.43128], [77.17492, 30.42485], [77.17101, 30.42143], [77.17479, 30.41724], [77.17827, 30.40421], [77.18457, 30.40116], [77.18755, 30.39651], [77.18442, 30.38448], [77.18823, 30.38244], [77.18202, 30.37518], [77.18187, 30.37138], [77.18455, 30.36902], [77.18161, 30.36325], [77.17329, 30.36864], [77.16261, 30.36059], [77.16247, 30.35594], [77.16619, 30.35342], [77.17028, 30.35964], [77.17152, 30.35889], [77.17104, 30.35643], [77.17374, 30.35036], [77.17176, 30.34214], [77.17416, 30.33868], [77.17813, 30.33795], [77.18256, 30.3321], [77.1833, 30.32835], [77.18039, 30.32196], [77.18687, 30.31596], [77.19226, 30.31674], [77.19046, 30.31345], [77.19281, 30.31206], [77.18983, 30.30707], [77.1873, 30.30766], [77.1839, 30.30606], [77.1808, 30.3073], [77.17839, 30.30508], [77.17357, 30.30513], [77.16902, 30.30698], [77.16912, 30.30091], [77.16633, 30.29371], [77.16147, 30.29552], [77.14786, 30.2886], [77.14642, 30.285], [77.1423, 30.28575], [77.13913, 30.28142], [77.13387, 30.26766], [77.13828, 30.26465], [77.13643, 30.26159], [77.1402, 30.2599], [77.13409, 30.2542], [77.13283, 30.24652], [77.14233, 30.24061], [77.14559, 30.24399], [77.15028, 30.24624], [77.15295, 30.2459], [77.16148, 30.24121], [77.16052, 30.23943], [77.16425, 30.23626], [77.16394, 30.23352], [77.16226, 30.23386], [77.15919, 30.23035], [77.15717, 30.22362], [77.15088, 30.21378], [77.14342, 30.21687], [77.14174, 30.21877], [77.14206, 30.22547], [77.13091, 30.23208], [77.1275, 30.22805], [77.12173, 30.23198], [77.11672, 30.23217], [77.11438, 30.22682], [77.10696, 30.22477], [77.09251, 30.22807], [77.09399, 30.2258], [77.08498, 30.21659], [77.0783, 30.21679], [77.07312, 30.20586], [77.07842, 30.20227], [77.07745, 30.1995], [77.09072, 30.1934], [77.09848, 30.18749], [77.10718, 30.18433], [77.11074, 30.1785], [77.10331, 30.16546], [77.10032, 30.16347], [77.09816, 30.15832], [77.0988, 30.1558], [77.08471, 30.16314], [77.08555, 30.16398], [77.08368, 30.16488], [77.07161, 30.16883], [77.06944, 30.16411], [77.07241, 30.16074], [77.07186, 30.1537], [77.06597, 30.14218], [77.06995, 30.13106], [77.0722, 30.12969], [77.07138, 30.12608], [77.07745, 30.11944], [77.08279, 30.11757], [77.08604, 30.11327], [77.09191, 30.11167], [77.0867, 30.10714], [77.0874, 30.10207], [77.07899, 30.09936], [77.07366, 30.09933], [77.06928, 30.09648], [77.06858, 30.09226], [77.07077, 30.08781], [77.069, 30.0725], [77.07259, 30.06946], [77.07481, 30.07038], [77.07672, 30.06613], [77.07913, 30.06817], [77.07868, 30.07074], [77.08167, 30.07046], [77.08031, 30.0637], [77.08231, 30.06434], [77.08918, 30.05708], [77.08728, 30.05056], [77.09891, 30.04116], [77.09514, 30.03707], [77.10577, 30.02996], [77.10619, 30.02714], [77.10206, 30.02044], [77.10203, 30.01718], [77.10949, 30.01038], [77.10917, 30.00786], [77.11149, 30.00524], [77.11516, 30.00466], [77.11704, 30.0019], [77.11924, 30.00286], [77.1208, 29.9987], [77.12334, 29.99795], [77.1231, 29.99528], [77.11808, 29.99324], [77.12579, 29.98632], [77.12818, 29.98615], [77.13509, 29.9789], [77.13642, 29.97405], [77.13511, 29.96919], [77.13216, 29.9657], [77.13468, 29.96401], [77.13936, 29.96305], [77.14942, 29.96858], [77.1549, 29.96993], [77.15811, 29.96984], [77.16423, 29.96682], [77.17171, 29.96966], [77.17587, 29.96535], [77.18061, 29.96503], [77.18488, 29.96068], [77.18368, 29.95735], [77.18993, 29.95454], [77.18651, 29.9487], [77.18265, 29.94639], [77.1965, 29.93755], [77.19819, 29.93876], [77.20184, 29.93644], [77.2048, 29.93704], [77.20971, 29.93489], [77.2302, 29.93945], [77.23699, 29.9507], [77.23762, 29.95454], [77.24469, 29.9596], [77.24755, 29.96813], [77.24767, 29.9764], [77.26192, 29.98236], [77.27022, 29.99274], [77.27833, 30.00002], [77.27623, 30.00615], [77.27993, 30.01197], [77.28294, 30.02922], [77.27704, 30.03736], [77.27845, 30.04162], [77.28561, 30.04221], [77.29733, 30.05289], [77.30087, 30.05229], [77.30363, 30.05511], [77.31956, 30.05631], [77.32912, 30.05313], [77.33497, 30.05355], [77.34596, 30.06866], [77.36338, 30.07608], [77.36967, 30.08341], [77.37961, 30.09011], [77.38349, 30.09126], [77.38939, 30.08645], [77.3927, 30.08946], [77.39556, 30.08819], [77.40675, 30.08773], [77.4248, 30.10253], [77.41889, 30.105], [77.41113, 30.10418], [77.40408, 30.11033], [77.4065, 30.11336], [77.41292, 30.11414], [77.41459, 30.11238], [77.41971, 30.12382], [77.42575, 30.13087], [77.42043, 30.13504], [77.42335, 30.13991], [77.42332, 30.14975], [77.42818, 30.1555], [77.42634, 30.15792], [77.43546, 30.16379], [77.43569, 30.1606], [77.43738, 30.16029], [77.44136, 30.16478], [77.4502, 30.16558], [77.45574, 30.16246], [77.45845, 30.16247], [77.47245, 30.18167], [77.47605, 30.17892], [77.48118, 30.18402], [77.4869, 30.19445], [77.49547, 30.2038], [77.50527, 30.22499], [77.52113, 30.24445], [77.52999, 30.24978], [77.53169, 30.25786], [77.54114, 30.27606], [77.58347, 30.30717], [77.58545, 30.3117], [77.58674, 30.32858], [77.59156, 30.33789], [77.59336, 30.35284], [77.59137, 30.37587], [77.58843, 30.37763], [77.58336, 30.37935], [77.58068, 30.37689], [77.55713, 30.38807], [77.54853, 30.39525], [77.5478, 30.39693], [77.54975, 30.39933], [77.54138, 30.4068], [77.52985, 30.42157], [77.52617, 30.43255], [77.52683, 30.43818], [77.52055, 30.44531], [77.51571, 30.44512], [77.50328, 30.42888], [77.50207, 30.40992], [77.49938, 30.40533], [77.49359, 30.41146], [77.48018, 30.40579], [77.47415, 30.40077], [77.47122, 30.40034], [77.46631, 30.40227], [77.46335, 30.40075], [77.4551, 30.40058], [77.44603, 30.39576], [77.43914, 30.40382], [77.43293, 30.40293], [77.42354, 30.40385], [77.42447, 30.41052], [77.43103, 30.41146], [77.43441, 30.41679], [77.4456, 30.41843], [77.44701, 30.42271], [77.45433, 30.43012], [77.45461, 30.4335], [77.46221, 30.43438], [77.46208, 30.44366], [77.46685, 30.44979], [77.45967, 30.45786], [77.45677, 30.45831], [77.45224, 30.44804], [77.45028, 30.44826], [77.44607, 30.44453], [77.44339, 30.43951], [77.43661, 30.43251], [77.42262, 30.4249], [77.41806, 30.42519], [77.41653, 30.41886], [77.41068, 30.41576], [77.40922, 30.4111], [77.41019, 30.40956], [77.40789, 30.40973], [77.39929, 30.4172], [77.40499, 30.42192], [77.40465, 30.42511], [77.40679, 30.42538], [77.40717, 30.42769], [77.40898, 30.42851], [77.40418, 30.43065], [77.4009, 30.42859], [77.39965, 30.43115], [77.39203, 30.43148], [77.39033, 30.43476], [77.39115, 30.44131], [77.38807, 30.442], [77.37834, 30.44065], [77.36789, 30.44197], [77.36465, 30.43418], [77.36412, 30.44302], [77.35547, 30.45546], [77.35424, 30.46052], [77.34735, 30.4576], [77.34254, 30.4597], [77.33333, 30.45743], [77.3289, 30.45552], [77.32654, 30.45145], [77.32177, 30.44784], [77.31991, 30.44773], [77.3199, 30.45007], [77.31733, 30.44791], [77.3094, 30.44898], [77.3075, 30.45002], [77.3085, 30.4525], [77.30459, 30.45176], [77.29498, 30.4543], [77.29246, 30.45677], [77.29354, 30.45922], [77.29218, 30.46026], [77.29032, 30.46015], [77.29172, 30.45907], [77.28874, 30.45738], [77.28396, 30.45753], [77.28041, 30.46005], [77.27893, 30.45823], [77.27493, 30.45852], [77.27315, 30.46923], [77.26681, 30.47413], [77.26605, 30.47662], [77.26224, 30.47749], [77.25544, 30.47642], [77.25333, 30.47824], [77.2517, 30.47677], [77.2422, 30.48285], [77.23818, 30.48246], [77.23306, 30.4843], [77.23102, 30.48313], [77.22876, 30.48524], [77.22169, 30.4797], [77.21575, 30.46821], [77.21418, 30.4682], [77.21193, 30.47196], [77.20974, 30.48253], [77.21315, 30.49659]]]}}, {"type": "Feature", "properties": {"shapeName": "Palwal", "shapeISO": "", "shapeID": "76128533B71088079535368", "shapeGroup": "IND", "shapeType": "ADM2", "district": "Palwal"}, "geometry": {"type": "Polygon", "coordinates": [[[77.17927, 28.20995], [77.18437, 28.20782], [77.19049, 28.21197], [77.19249, 28.20888], [77.19001, 28.20539], [77.19895, 28.19651], [77.19432, 28.18914], [77.19309, 28.18386], [77.18874, 28.18246], [77.17305, 28.18779], [77.16708, 28.18358], [77.16519, 28.17645], [77.1679, 28.1707], [77.15356, 28.15984], [77.14682, 28.14913], [77.1436, 28.14035], [77.13574, 28.13085], [77.13638, 28.12891], [77.14307, 28.1285], [77.14814, 28.11882], [77.13965, 28.10885], [77.14439, 28.10108], [77.14256, 28.09891], [77.14774, 28.09635], [77.14476, 28.08592], [77.13911, 28.07507], [77.14774, 28.06059], [77.15891, 28.04644], [77.15221, 28.03452], [77.16562, 28.00397], [77.16785, 27.97641], [77.16338, 27.96226], [77.15742, 27.9697], [77.15363, 27.96964], [77.14513, 27.9629], [77.15169, 27.95844], [77.15698, 27.95709], [77.15657, 27.95275], [77.15895, 27.94756], [77.16527, 27.95135], [77.16672, 27.94906], [77.16858, 27.95154], [77.17123, 27.95112], [77.17645, 27.94689], [77.17363, 27.94363], [77.18234, 27.94027], [77.18424, 27.94162], [77.18051, 27.94937], [77.18806, 27.95059], [77.20685, 27.93849], [77.20957, 27.93265], [77.22235, 27.92499], [77.22194, 27.91832], [77.22651, 27.91333], [77.23034, 27.90241], [77.2356, 27.89924], [77.23496, 27.89616], [77.24635, 27.89415], [77.25664, 27.885], [77.26631, 27.8797], [77.28333, 27.87251], [77.28696, 27.87645], [77.28779, 27.88582], [77.29231, 27.88966], [77.29702, 27.89128], [77.31264, 27.88384], [77.32563, 27.87143], [77.32488, 27.85984], [77.32294, 27.85718], [77.33582, 27.84741], [77.34954, 27.85572], [77.36155, 27.85077], [77.36591, 27.85378], [77.3777, 27.85707], [77.37767, 27.85885], [77.39063, 27.85731], [77.39766, 27.85335], [77.41109, 27.85175], [77.42251, 27.85437], [77.42298, 27.85779], [77.41241, 27.86639], [77.41347, 27.86978], [77.40998, 27.87416], [77.41105, 27.8798], [77.41672, 27.88378], [77.42079, 27.89043], [77.42925, 27.8903], [77.43397, 27.8873], [77.4391, 27.88043], [77.45118, 27.87102], [77.46156, 27.87619], [77.4759, 27.88696], [77.4794, 27.89444], [77.48014, 27.89785], [77.47869, 27.89851], [77.48135, 27.90788], [77.47944, 27.9099], [77.48114, 27.91502], [77.47774, 27.91632], [77.4803, 27.92165], [77.47632, 27.92473], [77.47815, 27.92827], [77.47655, 27.9277], [77.47593, 27.92924], [77.49288, 27.93846], [77.50244, 27.92538], [77.50827, 27.92602], [77.51723, 27.9333], [77.52588, 27.928], [77.52681, 27.92548], [77.52962, 27.92548], [77.53694, 27.93328], [77.54654, 27.95819], [77.5447, 27.96237], [77.51952, 27.96242], [77.51756, 27.97112], [77.52191, 27.97679], [77.53013, 27.97632], [77.54037, 27.98015], [77.5432, 27.98282], [77.54325, 27.989], [77.52792, 27.99896], [77.52197, 28.01412], [77.50903, 28.02275], [77.50885, 28.02522], [77.51257, 28.02773], [77.5134, 28.03187], [77.51077, 28.03332], [77.4896, 28.03652], [77.48429, 28.04043], [77.48599, 28.04462], [77.49421, 28.04711], [77.502, 28.0574], [77.50043, 28.06328], [77.49031, 28.07257], [77.4841, 28.07583], [77.48384, 28.07817], [77.47722, 28.08796], [77.48246, 28.09963], [77.48275, 28.107], [77.48872, 28.10684], [77.49047, 28.10546], [77.49282, 28.09507], [77.49972, 28.09439], [77.50118, 28.09699], [77.49854, 28.10444], [77.49938, 28.10967], [77.50207, 28.11445], [77.51036, 28.12041], [77.513, 28.12526], [77.51226, 28.12817], [77.50919, 28.13048], [77.49441, 28.13282], [77.492, 28.13651], [77.49284, 28.13866], [77.50247, 28.14278], [77.50487, 28.14542], [77.50517, 28.15025], [77.50121, 28.15451], [77.50236, 28.16078], [77.51203, 28.16674], [77.51603, 28.16348], [77.52307, 28.16123], [77.53831, 28.16585], [77.54605, 28.17146], [77.55022, 28.17929], [77.54807, 28.18827], [77.54423, 28.19123], [77.53792, 28.19037], [77.53125, 28.18598], [77.51768, 28.19314], [77.51281, 28.19041], [77.50634, 28.18122], [77.50319, 28.18104], [77.49922, 28.18397], [77.50027, 28.19494], [77.49762, 28.20368], [77.49826, 28.20653], [77.50285, 28.20958], [77.50862, 28.20899], [77.51784, 28.20473], [77.52291, 28.19639], [77.526, 28.1959], [77.53031, 28.19812], [77.53501, 28.20338], [77.53592, 28.2106], [77.53309, 28.21458], [77.522, 28.22019], [77.52185, 28.22424], [77.52782, 28.22955], [77.54834, 28.23864], [77.55067, 28.24206], [77.54602, 28.24852], [77.53896, 28.24858], [77.53171, 28.24474], [77.52535, 28.24574], [77.52291, 28.24224], [77.52144, 28.24225], [77.51839, 28.24313], [77.51401, 28.24714], [77.50911, 28.2466], [77.51031, 28.24958], [77.50569, 28.25055], [77.50212, 28.23049], [77.50484, 28.22825], [77.49417, 28.21497], [77.48814, 28.21478], [77.48404, 28.2092], [77.48104, 28.21128], [77.47849, 28.21073], [77.47677, 28.20551], [77.47172, 28.2052], [77.47007, 28.20775], [77.4687, 28.20744], [77.46395, 28.20237], [77.45821, 28.2046], [77.4503, 28.20403], [77.44874, 28.20582], [77.44935, 28.20779], [77.44018, 28.21038], [77.43527, 28.20368], [77.43107, 28.20582], [77.42128, 28.19907], [77.41974, 28.20581], [77.41626, 28.21166], [77.41352, 28.21023], [77.40846, 28.21026], [77.39068, 28.21669], [77.38577, 28.22056], [77.38192, 28.23259], [77.37794, 28.23563], [77.37183, 28.23455], [77.36995, 28.23156], [77.35929, 28.23567], [77.35675, 28.23463], [77.35046, 28.2357], [77.34712, 28.24022], [77.34649, 28.2445], [77.33534, 28.25168], [77.33359, 28.25716], [77.32056, 28.26143], [77.31477, 28.25819], [77.31399, 28.25575], [77.31042, 28.25735], [77.30783, 28.26212], [77.30196, 28.26452], [77.29199, 28.26383], [77.28312, 28.26993], [77.26708, 28.27291], [77.26005, 28.27244], [77.26027, 28.26048], [77.2457, 28.26847], [77.24087, 28.27596], [77.23737, 28.2701], [77.22505, 28.26653], [77.22069, 28.26253], [77.21259, 28.26252], [77.21032, 28.25069], [77.20487, 28.25086], [77.19661, 28.24647], [77.19634, 28.24214], [77.19418, 28.24105], [77.19531, 28.23841], [77.19422, 28.23358], [77.2016, 28.22947], [77.19052, 28.22002], [77.18512, 28.22055], [77.1805, 28.21514], [77.17927, 28.20995]]]}}, {"type": "Feature", "properties": {"shapeName": "Panchkula", "shapeISO": "", "shapeID": "76128533B58876508630362", "shapeGroup": "IND", "shapeType": "ADM2", "district": "Panchkula"}, "geometry": {"type": "Polygon", "coordinates": [[[76.77808, 30.9068], [76.78411, 30.90249], [76.77676, 30.8895], [76.78323, 30.8726], [76.79903, 30.85739], [76.81536, 30.83852], [76.8329, 30.83312], [76.8419, 30.82853], [76.84622, 30.82137], [76.8476, 30.80051], [76.85544, 30.795], [76.86088, 30.78843], [76.8422, 30.7597], [76.82963, 30.76194], [76.83177, 30.75848], [76.83777, 30.75425], [76.83817, 30.75175], [76.83306, 30.74945], [76.83457, 30.74148], [76.83271, 30.73831], [76.83711, 30.73331], [76.84214, 30.73251], [76.84296, 30.73113], [76.84702, 30.73149], [76.84784, 30.73071], [76.84608, 30.72983], [76.84966, 30.72286], [76.84788, 30.72148], [76.84657, 30.72235], [76.84346, 30.71883], [76.84494, 30.71689], [76.84726, 30.7167], [76.84686, 30.71184], [76.84373, 30.70815], [76.8381, 30.70571], [76.83308, 30.70123], [76.83428, 30.69857], [76.8316, 30.69599], [76.83257, 30.69274], [76.82866, 30.69299], [76.82645, 30.69144], [76.82817, 30.68938], [76.82489, 30.6878], [76.82501, 30.6809], [76.82945, 30.68234], [76.8316, 30.67912], [76.83021, 30.67645], [76.83352, 30.66472], [76.83766, 30.66567], [76.83945, 30.66289], [76.84473, 30.66422], [76.84941, 30.66827], [76.85083, 30.66707], [76.85097, 30.66538], [76.84748, 30.66426], [76.84959, 30.66152], [76.84583, 30.65868], [76.84658, 30.65792], [76.85012, 30.65746], [76.85152, 30.65862], [76.85394, 30.65659], [76.85539, 30.65922], [76.86053, 30.66181], [76.86449, 30.66795], [76.86682, 30.66639], [76.86358, 30.66126], [76.86588, 30.65958], [76.86943, 30.66182], [76.86985, 30.66474], [76.87441, 30.66573], [76.87135, 30.63648], [76.88237, 30.63721], [76.89092, 30.63278], [76.89741, 30.62283], [76.90834, 30.61905], [76.91341, 30.61575], [76.91536, 30.6041], [76.92439, 30.60152], [76.92721, 30.59538], [76.92097, 30.5871], [76.91232, 30.58411], [76.91826, 30.57624], [76.91762, 30.57085], [76.91259, 30.5624], [76.91259, 30.55971], [76.91755, 30.55739], [76.91963, 30.55405], [76.91591, 30.54671], [76.89869, 30.5361], [76.90142, 30.53382], [76.93371, 30.52032], [76.93189, 30.50284], [76.92595, 30.48928], [76.91471, 30.48448], [76.90743, 30.48528], [76.90247, 30.48023], [76.9034, 30.47495], [76.91019, 30.47099], [76.91157, 30.46339], [76.91069, 30.45965], [76.91447, 30.45973], [76.91577, 30.45497], [76.92469, 30.45031], [76.92811, 30.45513], [76.92383, 30.45938], [76.92305, 30.46277], [76.92996, 30.46249], [76.93579, 30.4655], [76.94023, 30.47476], [76.94741, 30.47259], [76.95124, 30.47514], [76.95534, 30.47435], [76.95911, 30.47041], [76.97285, 30.48563], [76.98141, 30.48266], [76.99058, 30.47398], [76.99614, 30.47942], [77.005, 30.47437], [77.01385, 30.46627], [77.01621, 30.46883], [77.02065, 30.4701], [77.03195, 30.48075], [77.03484, 30.48157], [77.03774, 30.47972], [77.04224, 30.48098], [77.04931, 30.48965], [77.0521, 30.497], [77.04663, 30.50152], [77.04358, 30.50663], [77.04789, 30.51218], [77.04276, 30.51791], [77.04516, 30.518], [77.04898, 30.52198], [77.05051, 30.52171], [77.04643, 30.52914], [77.04089, 30.53014], [77.0398, 30.5336], [77.03813, 30.53328], [77.03605, 30.53657], [77.0385, 30.55023], [77.05139, 30.54903], [77.0547, 30.54276], [77.06326, 30.5441], [77.06352, 30.54284], [77.0662, 30.54321], [77.06687, 30.54192], [77.06949, 30.54348], [77.07173, 30.54112], [77.07518, 30.54074], [77.0857, 30.55672], [77.09442, 30.55641], [77.09849, 30.55769], [77.10255, 30.55587], [77.10638, 30.55957], [77.11474, 30.55224], [77.12242, 30.56267], [77.13755, 30.57025], [77.1396, 30.5722], [77.13877, 30.5744], [77.14101, 30.57527], [77.1409, 30.57812], [77.14579, 30.57597], [77.14773, 30.57782], [77.14949, 30.57694], [77.15298, 30.58234], [77.16233, 30.58577], [77.16009, 30.58863], [77.16539, 30.5905], [77.16473, 30.59388], [77.17447, 30.60031], [77.1714, 30.60412], [77.17316, 30.60908], [77.17128, 30.6132], [77.17327, 30.61893], [77.17204, 30.62741], [77.17361, 30.63256], [77.17641, 30.63346], [77.1776, 30.63673], [77.16819, 30.64216], [77.16547, 30.64647], [77.16549, 30.65112], [77.16414, 30.65061], [77.16333, 30.65592], [77.16557, 30.65631], [77.16703, 30.66209], [77.1693, 30.66309], [77.16951, 30.66948], [77.16667, 30.67593], [77.16158, 30.67996], [77.16115, 30.68161], [77.16496, 30.68357], [77.1651, 30.68557], [77.16191, 30.69068], [77.15604, 30.69196], [77.14856, 30.69922], [77.14288, 30.69921], [77.1383, 30.70593], [77.1296, 30.71046], [77.12862, 30.71578], [77.12506, 30.72153], [77.12103, 30.71851], [77.11442, 30.71795], [77.11418, 30.72054], [77.1123, 30.72151], [77.11594, 30.72437], [77.11447, 30.72828], [77.11019, 30.72896], [77.10196, 30.73374], [77.09422, 30.74208], [77.07755, 30.74371], [77.06876, 30.74069], [77.06328, 30.74541], [77.05619, 30.74517], [77.04834, 30.75279], [77.04875, 30.74893], [77.04307, 30.7514], [77.04206, 30.74995], [77.04632, 30.74107], [77.03419, 30.74002], [77.03379, 30.73838], [77.0275, 30.73672], [77.01821, 30.74316], [77.01927, 30.74821], [77.02173, 30.74866], [77.02106, 30.75218], [77.01722, 30.75021], [77.01977, 30.75502], [77.01905, 30.76557], [77.01566, 30.76766], [77.01193, 30.76691], [77.00963, 30.76904], [77.00219, 30.77029], [77.00672, 30.7739], [77.00962, 30.77332], [77.01452, 30.77489], [77.01938, 30.78], [77.01946, 30.78271], [77.01761, 30.77985], [77.01601, 30.78251], [77.01725, 30.78546], [77.01892, 30.78558], [77.01311, 30.78777], [77.01584, 30.79283], [77.01267, 30.79988], [77.01323, 30.80895], [77.0114, 30.80944], [77.00349, 30.80538], [77.0007, 30.81061], [76.99301, 30.81294], [76.98643, 30.80923], [76.98248, 30.81393], [76.97428, 30.81855], [76.97112, 30.82439], [76.96345, 30.82341], [76.96079, 30.82707], [76.95336, 30.81855], [76.95142, 30.81367], [76.94948, 30.81391], [76.94923, 30.81653], [76.94664, 30.81822], [76.94318, 30.8172], [76.94957, 30.82435], [76.94475, 30.83763], [76.95172, 30.85052], [76.95023, 30.85265], [76.94446, 30.85263], [76.94417, 30.85871], [76.93606, 30.86978], [76.93914, 30.87099], [76.93716, 30.87432], [76.93371, 30.87424], [76.93201, 30.87254], [76.92943, 30.87149], [76.92733, 30.87211], [76.93174, 30.87292], [76.93074, 30.87609], [76.9367, 30.87752], [76.93759, 30.88226], [76.93458, 30.88324], [76.92959, 30.89078], [76.9258, 30.88916], [76.92814, 30.88583], [76.92643, 30.88464], [76.92197, 30.88489], [76.92117, 30.88702], [76.91856, 30.88732], [76.91746, 30.90046], [76.91024, 30.89683], [76.90854, 30.89353], [76.89812, 30.89136], [76.90071, 30.88799], [76.89929, 30.88653], [76.88879, 30.88547], [76.88588, 30.88273], [76.87649, 30.88064], [76.87897, 30.87555], [76.86989, 30.87283], [76.86773, 30.87585], [76.86355, 30.87728], [76.86095, 30.88349], [76.85668, 30.88409], [76.85155, 30.88977], [76.8452, 30.88907], [76.84188, 30.89124], [76.83742, 30.90026], [76.83057, 30.90699], [76.82705, 30.91289], [76.82964, 30.91673], [76.82576, 30.9261], [76.82297, 30.92833], [76.81519, 30.92363], [76.80832, 30.92184], [76.79883, 30.91503], [76.7872, 30.91284], [76.77808, 30.9068]]]}}, {"type": "Feature", "properties": {"shapeName": "Mewat", "shapeISO": "", "shapeID": "76128533B80016894369263", "shapeGroup": "IND", "shapeType": "ADM2", "district": "Mewat"}, "geometry": {"type": "Polygon", "coordinates": [[[76.84916, 28.23925], [76.85821, 28.23451], [76.85908, 28.2318], [76.8591, 28.22759], [76.85367, 28.22059], [76.86026, 28.22061], [76.86496, 28.21905], [76.86737, 28.22001], [76.8752, 28.21789], [76.87191, 28.20604], [76.87425, 28.20512], [76.87855, 28.2065], [76.89052, 28.20296], [76.8932, 28.20484], [76.9072, 28.2002], [76.9064, 28.19758], [76.90209, 28.19877], [76.899, 28.19283], [76.89261, 28.1928], [76.89107, 28.18798], [76.89223, 28.18432], [76.90279, 28.18129], [76.90166, 28.17842], [76.90725, 28.17323], [76.90684, 28.17178], [76.92012, 28.16717], [76.92315, 28.16107], [76.928, 28.15848], [76.92644, 28.15699], [76.93273, 28.15264], [76.93956, 28.15192], [76.94289, 28.15005], [76.95149, 28.14979], [76.94824, 28.1424], [76.97067, 28.13812], [76.96618, 28.12849], [76.96203, 28.10826], [76.96147, 28.09542], [76.95804, 28.0769], [76.95533, 28.07334], [76.95402, 28.06249], [76.94907, 28.05885], [76.9406, 28.04235], [76.93527, 28.00344], [76.93151, 27.99324], [76.93421, 27.98159], [76.93859, 27.98265], [76.93453, 27.9723], [76.93385, 27.9612], [76.93149, 27.95304], [76.93225, 27.92233], [76.95232, 27.91801], [76.9503, 27.90926], [76.95127, 27.89563], [76.94233, 27.89707], [76.93836, 27.89621], [76.93798, 27.87897], [76.94199, 27.86417], [76.94219, 27.85549], [76.9437, 27.85357], [76.94302, 27.84261], [76.9364, 27.82881], [76.91573, 27.83453], [76.91429, 27.8317], [76.91069, 27.8149], [76.91474, 27.80811], [76.91932, 27.80744], [76.91971, 27.80414], [76.91434, 27.801], [76.91222, 27.79609], [76.91405, 27.78859], [76.90974, 27.78691], [76.90687, 27.78778], [76.90831, 27.78235], [76.9071, 27.77889], [76.90299, 27.77534], [76.90286, 27.77136], [76.90436, 27.76933], [76.90155, 27.76466], [76.90179, 27.73981], [76.90121, 27.73748], [76.90001, 27.73887], [76.89396, 27.73487], [76.89251, 27.72866], [76.89539, 27.71776], [76.90649, 27.71691], [76.91452, 27.71353], [76.91956, 27.7102], [76.92128, 27.70409], [76.92565, 27.70012], [76.92128, 27.69622], [76.91711, 27.6983], [76.90986, 27.69434], [76.89213, 27.70259], [76.89068, 27.70205], [76.88986, 27.69752], [76.89278, 27.69434], [76.90693, 27.68671], [76.89895, 27.67782], [76.91184, 27.66831], [76.90767, 27.6617], [76.91297, 27.65855], [76.91173, 27.65477], [76.91699, 27.65256], [76.92763, 27.66164], [76.93303, 27.65901], [76.93437, 27.65608], [76.93887, 27.66656], [76.94356, 27.67362], [76.94497, 27.67361], [76.95946, 27.66286], [76.96473, 27.66145], [76.96648, 27.65874], [76.97885, 27.65408], [76.98027, 27.65365], [76.98324, 27.67898], [76.98861, 27.68989], [76.98915, 27.69352], [76.98764, 27.69475], [76.99051, 27.70191], [76.99124, 27.71099], [76.99475, 27.71738], [76.99672, 27.72705], [77.00196, 27.73687], [77.0055, 27.73616], [77.01339, 27.73098], [77.02168, 27.74567], [77.02695, 27.7438], [77.02852, 27.74579], [77.0358, 27.74512], [77.03833, 27.74851], [77.04693, 27.74318], [77.0464, 27.74179], [77.04871, 27.73962], [77.048, 27.7372], [77.05218, 27.73494], [77.0506, 27.73143], [77.06149, 27.72639], [77.06797, 27.73128], [77.07399, 27.73057], [77.08045, 27.73574], [77.08792, 27.73786], [77.08416, 27.74656], [77.07924, 27.75017], [77.07885, 27.75299], [77.08089, 27.75726], [77.07705, 27.76632], [77.07525, 27.76701], [77.07294, 27.76446], [77.07027, 27.7673], [77.06025, 27.76091], [77.05655, 27.76342], [77.058, 27.77054], [77.04662, 27.7753], [77.03647, 27.78153], [77.0351, 27.77811], [77.028, 27.78032], [77.03374, 27.79841], [77.03941, 27.81012], [77.04127, 27.81257], [77.04509, 27.81216], [77.04653, 27.81496], [77.04342, 27.81828], [77.0455, 27.82098], [77.0545, 27.81694], [77.05626, 27.81791], [77.06456, 27.8113], [77.07531, 27.81356], [77.08237, 27.80625], [77.08149, 27.80408], [77.10917, 27.78548], [77.11224, 27.78574], [77.12354, 27.79262], [77.1352, 27.78604], [77.13249, 27.77807], [77.1352, 27.77531], [77.14426, 27.78559], [77.15205, 27.78591], [77.15719, 27.78453], [77.15821, 27.78562], [77.16148, 27.79254], [77.16224, 27.80328], [77.15727, 27.80959], [77.15801, 27.81348], [77.16065, 27.81665], [77.16792, 27.81295], [77.18053, 27.81714], [77.19029, 27.80899], [77.18609, 27.80231], [77.18356, 27.80181], [77.17961, 27.80438], [77.17426, 27.79441], [77.16978, 27.7909], [77.17771, 27.78547], [77.17848, 27.7871], [77.18398, 27.78678], [77.19114, 27.79434], [77.19336, 27.79412], [77.19925, 27.79882], [77.19214, 27.80682], [77.19333, 27.80817], [77.19203, 27.80908], [77.19852, 27.81585], [77.20262, 27.82356], [77.20398, 27.82356], [77.20739, 27.81377], [77.21388, 27.80757], [77.21133, 27.8011], [77.22306, 27.79588], [77.22725, 27.79858], [77.23327, 27.7965], [77.2389, 27.79227], [77.23449, 27.78706], [77.23738, 27.78452], [77.24362, 27.78428], [77.24888, 27.79106], [77.25305, 27.79069], [77.26511, 27.80464], [77.26943, 27.81494], [77.28468, 27.80164], [77.29082, 27.81043], [77.29923, 27.81519], [77.29715, 27.82521], [77.30423, 27.82552], [77.30715, 27.82752], [77.31148, 27.82577], [77.31317, 27.82799], [77.32137, 27.82533], [77.33709, 27.83422], [77.3336, 27.83497], [77.33266, 27.83746], [77.33582, 27.842], [77.33582, 27.84741], [77.32294, 27.85718], [77.32488, 27.85984], [77.32563, 27.87143], [77.31264, 27.88384], [77.29702, 27.89128], [77.29231, 27.88966], [77.28779, 27.88582], [77.28696, 27.87645], [77.28333, 27.87251], [77.26631, 27.8797], [77.25664, 27.885], [77.24635, 27.89415], [77.23496, 27.89616], [77.2356, 27.89924], [77.23034, 27.90241], [77.22651, 27.91333], [77.22194, 27.91832], [77.22235, 27.92499], [77.20957, 27.93265], [77.20685, 27.93849], [77.18806, 27.95059], [77.18051, 27.94937], [77.18424, 27.94162], [77.18234, 27.94027], [77.17363, 27.94363], [77.17645, 27.94689], [77.17123, 27.95112], [77.16858, 27.95154], [77.16672, 27.94906], [77.16527, 27.95135], [77.15895, 27.94756], [77.15657, 27.95275], [77.15698, 27.95709], [77.15169, 27.95844], [77.14513, 27.9629], [77.15363, 27.96964], [77.15742, 27.9697], [77.16338, 27.96226], [77.16785, 27.97641], [77.16562, 28.00397], [77.15221, 28.03452], [77.15891, 28.04644], [77.14774, 28.06059], [77.13911, 28.07507], [77.14476, 28.08592], [77.14774, 28.09635], [77.14256, 28.09891], [77.14439, 28.10108], [77.13965, 28.10885], [77.14814, 28.11882], [77.14307, 28.1285], [77.13638, 28.12891], [77.13574, 28.13085], [77.1436, 28.14035], [77.14682, 28.14913], [77.15356, 28.15984], [77.1679, 28.1707], [77.16519, 28.17645], [77.16708, 28.18358], [77.17305, 28.18779], [77.18874, 28.18246], [77.19309, 28.18386], [77.19432, 28.18914], [77.19895, 28.19651], [77.19001, 28.20539], [77.19249, 28.20888], [77.19049, 28.21197], [77.18437, 28.20782], [77.17927, 28.20995], [77.1755, 28.20561], [77.1725, 28.20497], [77.16225, 28.21713], [77.14896, 28.2201], [77.14737, 28.22252], [77.14048, 28.22629], [77.12489, 28.21901], [77.11368, 28.22278], [77.11008, 28.22762], [77.10493, 28.22714], [77.10063, 28.22243], [77.09477, 28.22373], [77.08651, 28.22879], [77.08293, 28.22834], [77.08005, 28.22591], [77.07596, 28.21679], [77.07072, 28.2171], [77.05735, 28.22195], [77.06127, 28.24311], [77.05796, 28.24487], [77.03256, 28.24579], [77.02587, 28.24728], [77.0236, 28.24909], [77.02072, 28.2784], [77.01495, 28.28654], [77.01408, 28.29773], [77.00814, 28.30769], [77.00638, 28.315], [77.00293, 28.31854], [77.00159, 28.32505], [76.99661, 28.32633], [76.98874, 28.32312], [76.98693, 28.32413], [76.98502, 28.32962], [76.983, 28.3308], [76.98184, 28.32958], [76.98158, 28.33233], [76.97976, 28.33352], [76.9656, 28.32536], [76.95891, 28.32441], [76.95405, 28.31874], [76.95352, 28.3153], [76.94105, 28.31747], [76.93191, 28.32207], [76.91918, 28.30568], [76.91103, 28.29957], [76.90718, 28.29972], [76.90405, 28.30278], [76.9016, 28.30272], [76.90315, 28.298], [76.90103, 28.29293], [76.90846, 28.28896], [76.91413, 28.28179], [76.91388, 28.27383], [76.90973, 28.26761], [76.90309, 28.26043], [76.89502, 28.25595], [76.89171, 28.25637], [76.87398, 28.26834], [76.87086, 28.2688], [76.8676, 28.26158], [76.8626, 28.25884], [76.84916, 28.23925]]]}}, {"type": "Feature", "properties": {"shapeName": "Jhajjar", "shapeISO": "", "shapeID": "76128533B70554191137208", "shapeGroup": "IND", "shapeType": "ADM2", "district": "Jhajjar"}, "geometry": {"type": "Polygon", "coordinates": [[[76.88624, 28.50077], [76.8865, 28.50216], [76.88057, 28.50552], [76.8818, 28.51018], [76.88787, 28.51991], [76.87619, 28.52585], [76.87364, 28.53286], [76.86832, 28.53495], [76.86562, 28.54239], [76.86266, 28.54489], [76.84533, 28.55036], [76.84215, 28.5568], [76.84231, 28.56263], [76.83886, 28.57287], [76.83947, 28.58267], [76.84614, 28.58452], [76.86461, 28.5854], [76.86825, 28.59097], [76.87203, 28.60297], [76.87812, 28.60907], [76.88564, 28.62773], [76.88927, 28.6319], [76.89543, 28.6306], [76.90669, 28.62368], [76.91422, 28.63226], [76.92152, 28.63106], [76.92669, 28.62418], [76.93521, 28.61837], [76.94234, 28.62704], [76.94445, 28.63315], [76.93783, 28.63639], [76.9248, 28.64952], [76.93557, 28.66774], [76.94113, 28.66805], [76.94794, 28.65836], [76.95373, 28.66161], [76.95410586800006, 28.661671710000064], [76.95432776400008, 28.661708141000076], [76.95439984800004, 28.661720220000063], [76.94837, 28.66974], [76.95252, 28.66929], [76.95425, 28.66729], [76.95728, 28.67123], [76.95846, 28.68391], [76.96688659700004, 28.697344842000064], [76.968, 28.6993], [76.94813, 28.71261], [76.95977, 28.72973], [76.95953, 28.73407], [76.95591, 28.73885], [76.95815, 28.74413], [76.94449, 28.75383], [76.94709, 28.7592], [76.95571, 28.76743], [76.94946, 28.77706], [76.95108, 28.78705], [76.95371, 28.79054], [76.9464, 28.79761], [76.94213, 28.79829], [76.94593, 28.80555], [76.94607, 28.8111], [76.95113, 28.81817], [76.93114, 28.82367], [76.92576, 28.82443], [76.92458, 28.82105], [76.91634, 28.82416], [76.91911, 28.82767], [76.9173, 28.83077], [76.91897, 28.83359], [76.91776, 28.83745], [76.91326, 28.84057], [76.9084, 28.84892], [76.91053, 28.85356], [76.90903, 28.86278], [76.90382, 28.86528], [76.90198, 28.86357], [76.895, 28.85564], [76.89208, 28.84795], [76.88373, 28.83598], [76.87647, 28.83707], [76.87245, 28.82362], [76.86885, 28.82262], [76.86383, 28.81484], [76.85544, 28.81351], [76.85092, 28.80814], [76.83476, 28.8107], [76.82649, 28.81908], [76.81869, 28.82383], [76.81289, 28.8211], [76.80719, 28.82198], [76.79424, 28.81705], [76.79123, 28.80576], [76.81932, 28.78858], [76.81974, 28.78662], [76.80609, 28.77024], [76.79329, 28.7577], [76.78902, 28.75041], [76.7801, 28.74347], [76.76504, 28.75093], [76.76747, 28.75634], [76.76734, 28.76299], [76.75925, 28.76881], [76.75522, 28.76937], [76.74874, 28.76545], [76.74129, 28.75667], [76.73672, 28.75882], [76.73017, 28.75845], [76.72217, 28.76019], [76.71503, 28.75766], [76.71617, 28.75294], [76.70961, 28.73594], [76.7002, 28.73561], [76.69493, 28.73767], [76.68755, 28.74345], [76.69122, 28.7515], [76.69202, 28.75916], [76.69365, 28.76346], [76.69868, 28.76378], [76.70442, 28.76644], [76.70696, 28.76599], [76.70905, 28.7686], [76.71096, 28.77817], [76.70968, 28.78705], [76.70076, 28.78712], [76.67135, 28.79599], [76.66963, 28.80478], [76.67034, 28.81308], [76.6564, 28.81823], [76.65308, 28.83044], [76.64617, 28.83906], [76.64416, 28.83947], [76.633, 28.83123], [76.63251, 28.82497], [76.6335, 28.82081], [76.64608, 28.8084], [76.6471, 28.80493], [76.64068, 28.80379], [76.63355, 28.7934], [76.62752, 28.78917], [76.61582, 28.78923], [76.60495, 28.79214], [76.60464, 28.78856], [76.59615, 28.7813], [76.59712, 28.7711], [76.59561, 28.75435], [76.58979, 28.74468], [76.57967, 28.73468], [76.5783, 28.7339], [76.5652, 28.74032], [76.53171, 28.7503], [76.5239, 28.73742], [76.50384, 28.74288], [76.49416, 28.73892], [76.47491, 28.74147], [76.44611, 28.73604], [76.44096, 28.72884], [76.4319, 28.72709], [76.42603, 28.72235], [76.42087, 28.72422], [76.41612, 28.72341], [76.41532, 28.71875], [76.41814, 28.71394], [76.42078, 28.7028], [76.40712, 28.68268], [76.40623, 28.68089], [76.40515, 28.67934], [76.40445803289674, 28.678516923340325], [76.4042, 28.67821], [76.40413252278246, 28.678067942699926], [76.40405676691998, 28.677908456673638], [76.40401, 28.67781], [76.40374, 28.67719], [76.40373500600003, 28.677172081000037], [76.4034, 28.67597], [76.40282, 28.67447], [76.40263, 28.673], [76.40253, 28.6714], [76.40252582500005, 28.67135601500007], [76.40238, 28.66982], [76.40207, 28.6683], [76.4019, 28.66635], [76.40434, 28.66629], [76.40881, 28.6658], [76.41244, 28.66586], [76.41581, 28.6663], [76.43041, 28.66579], [76.43125, 28.6656], [76.4338, 28.66571], [76.43595, 28.66511], [76.43731, 28.66516], [76.43945, 28.6648], [76.43991, 28.66475], [76.44337, 28.66353], [76.445, 28.66272], [76.44533, 28.66249], [76.4458, 28.66216], [76.44661, 28.66144], [76.44935, 28.66009], [76.4507, 28.65867], [76.45105, 28.65298], [76.45081, 28.65166], [76.45031, 28.64958], [76.45, 28.6483], [76.44894, 28.64507], [76.44125, 28.64174], [76.43912, 28.64069], [76.44072, 28.63891], [76.44069, 28.63839], [76.44064, 28.63802], [76.44071, 28.63782], [76.44213, 28.63737], [76.4442, 28.637], [76.44572, 28.63658], [76.4473, 28.63563], [76.4489, 28.63366], [76.44896, 28.63338], [76.45342, 28.62801], [76.45882, 28.62215], [76.4588, 28.62172], [76.45854, 28.62079], [76.45884, 28.6207], [76.45977, 28.62078], [76.46027, 28.62064], [76.46228, 28.61949], [76.46231, 28.6194], [76.46172079200005, 28.618335625000043], [76.46169, 28.61828], [76.46649, 28.61423], [76.45578, 28.6053], [76.45488013268475, 28.604287649270347], [76.45482, 28.60422], [76.45226, 28.60532], [76.44961, 28.60114], [76.44944, 28.60017], [76.44904, 28.59827], [76.44319, 28.59961], [76.43874, 28.60104], [76.43648, 28.60214], [76.43183, 28.59674], [76.43109, 28.5956], [76.4288, 28.58777], [76.42852, 28.5858], [76.42789, 28.58373], [76.42751, 28.583], [76.42742, 28.57946], [76.42703, 28.5743], [76.42729, 28.57063], [76.42642, 28.56602], [76.42534, 28.56225], [76.42198, 28.55109], [76.41334, 28.55106], [76.41124, 28.54942], [76.41066, 28.54887], [76.40864, 28.54919], [76.40768, 28.54957], [76.405, 28.55091], [76.40473, 28.55327], [76.40414, 28.55691], [76.40376, 28.57015], [76.40255, 28.57712], [76.40284, 28.57911], [76.40369, 28.58226], [76.40371, 28.58233], [76.40471, 28.58669], [76.40322, 28.58868], [76.40284, 28.58963], [76.40276, 28.59063], [76.40299, 28.59143], [76.40345, 28.59259], [76.40228, 28.59474], [76.4022, 28.59528], [76.39886, 28.5972], [76.39439, 28.59885], [76.39124, 28.59895], [76.38994, 28.59898], [76.37993, 28.59899], [76.37678, 28.59926], [76.37497, 28.59939], [76.36643, 28.60416], [76.36516, 28.60434], [76.36125, 28.60674], [76.36095, 28.60701], [76.36079, 28.60862], [76.36075, 28.60907], [76.36058, 28.60974], [76.35965, 28.61409], [76.35957, 28.61537], [76.35934, 28.61668], [76.35776, 28.61659], [76.35627, 28.61336], [76.35447, 28.61084], [76.35370061500004, 28.609709097000064], [76.35364, 28.60962], [76.35367, 28.60924], [76.35555021700003, 28.604091788000062], [76.35577, 28.60349], [76.35590617400004, 28.603280040000072], [76.35804, 28.59999], [76.3583, 28.59958], [76.3599, 28.59712], [76.36113, 28.59521], [76.37212, 28.5853], [76.37263, 28.58453], [76.37353, 28.581], [76.3732, 28.57964], [76.37068, 28.57753], [76.36888423622545, 28.57697440457804], [76.36887, 28.57697], [76.36797191500006, 28.576872406000064], [76.35295, 28.57524], [76.34712, 28.57461], [76.33833, 28.57366], [76.33741, 28.57366], [76.33596286279439, 28.573669217434432], [76.33584, 28.57367], [76.33559, 28.57288], [76.33697, 28.57251], [76.33812, 28.57213], [76.34061, 28.56919], [76.34084, 28.56888], [76.34281, 28.5638], [76.34272, 28.55901], [76.34237, 28.55591], [76.34187, 28.55389], [76.34089, 28.55], [76.3408, 28.54906], [76.34078, 28.548], [76.3406, 28.54698], [76.33962, 28.54252], [76.33916, 28.5423], [76.33604, 28.53422], [76.33584, 28.5325], [76.33568, 28.5316], [76.33598, 28.52863], [76.33576, 28.52649], [76.33547, 28.52533], [76.33493, 28.52217], [76.33438, 28.51918], [76.33403, 28.51735], [76.33299, 28.51003], [76.33054, 28.50389], [76.32925, 28.49977], [76.3279, 28.49582], [76.32479, 28.49284], [76.32086, 28.49215], [76.31502, 28.49717], [76.31423, 28.49755], [76.31122, 28.4985], [76.30917035400006, 28.498878239000078], [76.30721, 28.49924], [76.3052, 28.4997], [76.30389, 28.4997], [76.29356, 28.49806], [76.29207, 28.49847], [76.29153, 28.49796], [76.29092, 28.49708], [76.29054, 28.49614], [76.28585, 28.48552], [76.28434, 28.47979], [76.31572, 28.47561], [76.31724, 28.47663], [76.32542, 28.4833], [76.32946, 28.48525], [76.33108, 28.48545], [76.33259, 28.48459], [76.33268667300007, 28.484391565000067], [76.33335, 28.48303], [76.33193, 28.47961], [76.32961, 28.47641], [76.31778, 28.46222], [76.31164, 28.45753], [76.30677, 28.46019], [76.29914, 28.46103], [76.2982, 28.45764], [76.29076, 28.4577], [76.29138, 28.45386], [76.29116261500008, 28.452292804000024], [76.2909622206253, 28.45084810218248], [76.29095, 28.45076], [76.28946, 28.44679], [76.29097, 28.4446], [76.29132, 28.43987], [76.29083, 28.43849], [76.28894, 28.43629], [76.28564, 28.43151], [76.28863, 28.42835], [76.30382, 28.42161], [76.31077, 28.43268], [76.31756, 28.43068], [76.32254, 28.43126], [76.32262, 28.42392], [76.32063, 28.42426], [76.31904, 28.4216], [76.33423, 28.42013], [76.33653, 28.42981], [76.33611, 28.4403], [76.34061, 28.45369], [76.34455, 28.45961], [76.36739, 28.45499], [76.36812, 28.44622], [76.36658, 28.43203], [76.37096, 28.42606], [76.38403, 28.42428], [76.38562, 28.4227], [76.39175, 28.42576], [76.40087, 28.42608], [76.4041, 28.4321], [76.40265, 28.43233], [76.40202, 28.4414], [76.3939, 28.4451], [76.39645, 28.4679], [76.39949, 28.47281], [76.41966, 28.46344], [76.42638, 28.46235], [76.4414, 28.45606], [76.43773, 28.45218], [76.43677, 28.43987], [76.44569, 28.43705], [76.44071, 28.42475], [76.44502, 28.42163], [76.45487, 28.41802], [76.45963, 28.42578], [76.48562, 28.42759], [76.4908, 28.43238], [76.49955, 28.42876], [76.50113, 28.43032], [76.50739, 28.42831], [76.50882, 28.43127], [76.51487, 28.43583], [76.56278, 28.42863], [76.55688, 28.41283], [76.55332, 28.40763], [76.56162, 28.40457], [76.57102, 28.41396], [76.58458, 28.43636], [76.59403, 28.43486], [76.60268, 28.43217], [76.61176, 28.42707], [76.61483, 28.42924], [76.62632, 28.42564], [76.6333, 28.42109], [76.63701, 28.41571], [76.63466, 28.41386], [76.64256, 28.4101], [76.64293, 28.40547], [76.65064, 28.40295], [76.65016, 28.40193], [76.6621, 28.38987], [76.6641, 28.38652], [76.66369, 28.38239], [76.66966, 28.37898], [76.68395, 28.37586], [76.69306, 28.37009], [76.69751, 28.36659], [76.69574, 28.36222], [76.69729, 28.36059], [76.70256, 28.35836], [76.70574, 28.35927], [76.71456, 28.35595], [76.72597, 28.35728], [76.73343, 28.36824], [76.73293, 28.37079], [76.73552, 28.37596], [76.73424, 28.37988], [76.73069, 28.3817], [76.73194, 28.3829], [76.72939, 28.38484], [76.72968, 28.38804], [76.71801, 28.39488], [76.71494, 28.39442], [76.70813, 28.40102], [76.70729, 28.40818], [76.70871, 28.41616], [76.71797, 28.43744], [76.71428, 28.44017], [76.71178, 28.44567], [76.71224, 28.45665], [76.70654, 28.45895], [76.70931, 28.4671], [76.70838, 28.47511], [76.70625, 28.47906], [76.70516, 28.49237], [76.71054, 28.49324], [76.71478, 28.4904], [76.71871, 28.49157], [76.73616, 28.47918], [76.7349, 28.47184], [76.75, 28.46281], [76.75938, 28.46079], [76.77009, 28.47889], [76.77203, 28.47893], [76.79071, 28.46636], [76.79325, 28.46592], [76.79687, 28.47097], [76.80152, 28.47037], [76.80718, 28.47571], [76.81178, 28.47492], [76.81523, 28.47984], [76.81447, 28.48577], [76.81944, 28.4893], [76.825, 28.49852], [76.82467, 28.50415], [76.82913, 28.50427], [76.84733, 28.49937], [76.85011, 28.50148], [76.86262, 28.50104], [76.87453, 28.49784], [76.87722, 28.49966], [76.88624, 28.50077]]]}}, {"type": "Feature", "properties": {"shapeName": "Bhiwani", "shapeISO": "", "shapeID": "76128533B42646400584570", "shapeGroup": "IND", "shapeType": "ADM2", "district": "Bhiwani"}, "geometry": {"type": "Polygon", "coordinates": [[[76.40712, 28.68268], [76.4052, 28.68347], [76.40133, 28.68521], [76.38521, 28.69815], [76.38102, 28.70325], [76.38072, 28.7043], [76.3812, 28.71394], [76.38124, 28.71417], [76.38226, 28.71599], [76.38263, 28.71631], [76.38314, 28.71639], [76.38404, 28.71714], [76.38493, 28.71818], [76.38499114115967, 28.718234975664586], [76.38612, 28.71925], [76.38853, 28.72223], [76.3894, 28.7237], [76.3894, 28.72373], [76.38961, 28.72632], [76.39464, 28.73139], [76.39926, 28.73256], [76.39958, 28.73274], [76.40024, 28.73359], [76.40229, 28.73823], [76.40277, 28.73917], [76.40404, 28.74509], [76.4043, 28.74894], [76.4044, 28.74992], [76.40676, 28.75615], [76.39186, 28.76773], [76.39016, 28.76877], [76.3877, 28.77023], [76.38742, 28.77191], [76.38771, 28.7751], [76.38674, 28.78159], [76.38656656500007, 28.782188631000054], [76.3864513354417, 28.78258635831413], [76.38643, 28.78266], [76.38563, 28.78308], [76.38457, 28.78366], [76.38423420200007, 28.783833496000057], [76.38397, 28.78397], [76.38282, 28.78374], [76.37983, 28.7832], [76.37502, 28.78492], [76.3673, 28.78811], [76.3638, 28.79144], [76.35927, 28.79807], [76.36043, 28.79891], [76.36043, 28.79943], [76.3592, 28.79963], [76.35835, 28.79989], [76.35642, 28.8007], [76.35348, 28.8012], [76.35129, 28.80177], [76.34559, 28.80359], [76.34168, 28.80483], [76.34093, 28.80452], [76.33809, 28.807], [76.33728, 28.80718], [76.33541, 28.80885], [76.3354, 28.80927], [76.33514, 28.81092], [76.33434, 28.81349], [76.33163, 28.8138], [76.3143, 28.81401], [76.30809, 28.8088], [76.30072, 28.80985], [76.29279, 28.80659], [76.292, 28.8079], [76.29433, 28.82685], [76.29807, 28.83673], [76.29625, 28.84163], [76.28855, 28.85121], [76.28912, 28.85399], [76.29471, 28.85928], [76.29609, 28.86279], [76.29224, 28.87006], [76.28927, 28.87255], [76.28933, 28.87504], [76.2937, 28.89739], [76.29868, 28.90314], [76.27873, 28.90817], [76.27833, 28.90579], [76.27167, 28.90322], [76.25673, 28.90505], [76.25499, 28.90351], [76.24774, 28.90856], [76.23665, 28.91128], [76.23728, 28.92253], [76.24473, 28.94134], [76.22387, 28.9502], [76.22324, 28.95326], [76.21319, 28.95502], [76.21534, 28.96262], [76.21488, 28.97315], [76.22601, 28.98346], [76.22955, 28.98941], [76.22801, 28.99106], [76.21749, 28.99467], [76.2104, 28.99994], [76.20989, 29.00256], [76.20235, 29.00689], [76.20343, 29.01156], [76.19731, 29.01897], [76.1988, 29.01907], [76.20375, 29.02793], [76.20688, 29.02831], [76.20744, 29.0298], [76.20196, 29.03465], [76.20162, 29.04136], [76.19112, 29.05127], [76.16741, 29.05042], [76.15596, 29.04694], [76.15121, 29.044], [76.13782, 29.04509], [76.13329, 29.03869], [76.13261, 29.03523], [76.09904, 29.04717], [76.09849, 29.04582], [76.08839, 29.04469], [76.08128, 29.04114], [76.0772, 29.03515], [76.07557, 29.02778], [76.07642, 29.02256], [76.06927, 29.02263], [76.05317, 29.02982], [76.04587, 29.03818], [76.04434, 29.04801], [76.04614, 29.06211], [76.0448, 29.06532], [76.04019, 29.06115], [76.03226, 29.06422], [76.02853, 29.06427], [76.02303, 29.0617], [76.0128, 29.06002], [75.99871, 29.06879], [75.9911, 29.07684], [75.98453, 29.08119], [75.9768, 29.06716], [75.96872, 29.06277], [75.97005, 29.05334], [75.97417, 29.04289], [75.97533, 29.03182], [75.97912, 29.03073], [75.97796, 29.01371], [75.98027, 28.99534], [75.95976, 28.9999], [75.95664, 29.00406], [75.9518, 29.00452], [75.94823, 29.00876], [75.92307, 29.02291], [75.91079, 29.0206], [75.90528, 29.017], [75.89808, 29.00351], [75.89923, 28.99734], [75.89658, 28.98591], [75.88663, 28.98809], [75.88487, 28.98134], [75.87877, 28.97088], [75.8687, 28.96545], [75.8625, 28.95877], [75.85405, 28.95301], [75.85896, 28.93863], [75.85757, 28.93211], [75.84843, 28.92085], [75.8382, 28.91252], [75.83259, 28.91148], [75.8147, 28.91553], [75.81219, 28.91899], [75.80015, 28.92577], [75.79261, 28.92509], [75.77872, 28.91801], [75.77842, 28.91203], [75.77064, 28.89859], [75.75241, 28.90519], [75.72762, 28.90547], [75.71512, 28.90308], [75.69698, 28.90558], [75.68122, 28.91215], [75.6794, 28.91576], [75.67485, 28.9192], [75.67234, 28.9281], [75.66833, 28.9295], [75.66332, 28.93788], [75.65954, 28.93964], [75.65453, 28.93631], [75.64877, 28.93761], [75.64707, 28.94579], [75.64427, 28.94646], [75.64505, 28.94848], [75.64252, 28.94988], [75.64161, 28.94907], [75.64008, 28.95365], [75.6388, 28.95381], [75.64119, 28.95658], [75.64017, 28.96142], [75.63727, 28.96282], [75.63771, 28.96767], [75.63592, 28.96964], [75.63214, 28.97048], [75.63052, 28.97316], [75.6315, 28.97774], [75.62923, 28.97626], [75.62331, 28.98187], [75.61681, 28.98554], [75.59931, 28.98969], [75.59449, 28.98843], [75.59184, 28.98472], [75.58733, 28.98261], [75.58387, 28.98312], [75.58354, 28.98589], [75.58081, 28.98413], [75.58015, 28.98161], [75.5659, 28.98044], [75.54892, 28.96626], [75.52816, 28.97035], [75.52526, 28.9694], [75.52206, 28.96277], [75.51963, 28.96298], [75.51565, 28.96063], [75.51304, 28.95682], [75.51364, 28.95519], [75.51093, 28.95378], [75.51136, 28.95036], [75.50982, 28.95018], [75.50925, 28.94821], [75.51277, 28.9436], [75.51246, 28.94197], [75.50964, 28.94215], [75.50659, 28.93582], [75.50138, 28.93584], [75.50164, 28.93458], [75.49966, 28.93369], [75.4952, 28.93435], [75.49433, 28.93596], [75.49176, 28.93415], [75.48574, 28.93442], [75.48522, 28.93318], [75.48228, 28.93294], [75.47884, 28.9345], [75.47785, 28.93325], [75.47484, 28.92217], [75.48652, 28.9084], [75.48545, 28.90714], [75.48864, 28.90764], [75.48932, 28.90239], [75.49086, 28.90075], [75.49394, 28.90093], [75.49524, 28.89717], [75.49758, 28.89601], [75.49943, 28.87071], [75.49774, 28.85842], [75.49932, 28.84872], [75.50619, 28.85118], [75.50596, 28.84426], [75.50857, 28.84272], [75.50873, 28.83913], [75.51164, 28.83819], [75.51622, 28.83975], [75.51645, 28.83414], [75.52115, 28.8339], [75.52027, 28.81265], [75.51715, 28.81233], [75.51272, 28.80405], [75.50981, 28.80263], [75.50959, 28.79555], [75.51158, 28.79559], [75.51217, 28.79355], [75.50936, 28.79123], [75.50699, 28.79227], [75.50886, 28.78865], [75.50559, 28.78761], [75.50416, 28.78245], [75.51206, 28.78058], [75.51495, 28.7731], [75.51787, 28.7746], [75.51886, 28.773], [75.51745, 28.7703], [75.52195, 28.76878], [75.52391, 28.766], [75.52237, 28.76329], [75.52403, 28.76356], [75.52301, 28.76093], [75.52493, 28.7609], [75.52479, 28.75706], [75.52683, 28.75378], [75.52834, 28.75359], [75.5328, 28.74657], [75.53642, 28.74628], [75.53784, 28.74474], [75.53537, 28.74242], [75.53828, 28.72908], [75.54186, 28.72467], [75.53946, 28.71741], [75.54072, 28.69418], [75.54613, 28.68272], [75.54235, 28.66043], [75.54632, 28.65921], [75.54515, 28.65473], [75.5507, 28.64145], [75.55583, 28.64343], [75.56173, 28.636], [75.56241, 28.61315], [75.58716, 28.61312], [75.58858, 28.60792], [75.59205, 28.60556], [75.61909, 28.60338], [75.62307, 28.60165], [75.62494, 28.59557], [75.6241, 28.58894], [75.62664, 28.57562], [75.62644, 28.56594], [75.63201, 28.55477], [75.63436, 28.54437], [75.64037, 28.5441], [75.64612, 28.53931], [75.6546, 28.53648], [75.66668, 28.53593], [75.66954, 28.53201], [75.67183, 28.53136], [75.67053, 28.52976], [75.67223, 28.52515], [75.67181, 28.51706], [75.67301, 28.5166], [75.67827, 28.5152], [75.68507, 28.51091], [75.6911, 28.49978], [75.70013, 28.49534], [75.70285, 28.49171], [75.70985, 28.49347], [75.71946, 28.49017], [75.72647, 28.48945], [75.72941, 28.49073], [75.73211, 28.48594], [75.74034, 28.4847], [75.73929, 28.4774], [75.73655, 28.47589], [75.73654, 28.46878], [75.76785, 28.46125], [75.78141, 28.45683], [75.78435, 28.45532], [75.78472, 28.45328], [75.78916, 28.4535], [75.79299, 28.44453], [75.78938, 28.43351], [75.78171, 28.43283], [75.78065, 28.42744], [75.77737, 28.42461], [75.77058, 28.42272], [75.76758, 28.41417], [75.7709, 28.41259], [75.7729, 28.40734], [75.77718, 28.40413], [75.77765, 28.40036], [75.78625, 28.40206], [75.7864, 28.40413], [75.78943, 28.40409], [75.78946, 28.40114], [75.79543, 28.39956], [75.80034, 28.40372], [75.80043, 28.4071], [75.8078, 28.40908], [75.80688, 28.4058], [75.81068, 28.40578], [75.81373, 28.4078], [75.81626, 28.40755], [75.81621, 28.40958], [75.81953, 28.40986], [75.82071, 28.40681], [75.82372, 28.40557], [75.82302, 28.40293], [75.82567, 28.40291], [75.82916, 28.4053], [75.83371, 28.4053], [75.83553, 28.40259], [75.838, 28.40187], [75.8383, 28.39732], [75.84038, 28.39432], [75.84502, 28.39457], [75.84586, 28.39163], [75.85493, 28.39169], [75.8556, 28.38977], [75.86487, 28.38895], [75.86488, 28.38516], [75.8764, 28.38718], [75.88011, 28.38533], [75.88748, 28.38504], [75.89125, 28.38303], [75.89393, 28.38964], [75.89722, 28.39002], [75.89717, 28.39806], [75.90142, 28.39928], [75.89977, 28.40829], [75.90274, 28.40782], [75.90448, 28.41071], [75.89853, 28.41563], [75.90138, 28.42259], [75.89821, 28.42328], [75.89871, 28.42553], [75.89953, 28.42558], [75.90118, 28.42573], [75.90415, 28.42675], [75.90521, 28.42935], [75.90439, 28.43169], [75.91156, 28.43325], [75.91405, 28.43374], [75.92035, 28.43424], [75.92611, 28.43533], [75.93024, 28.43569], [75.94321, 28.43659], [75.94377, 28.43665], [75.94837, 28.43644], [75.95179, 28.43566], [75.95285, 28.4357], [75.95426, 28.43586], [75.9553, 28.43611], [75.96133, 28.43822], [75.96816, 28.44178], [75.97352, 28.44265], [75.97732, 28.44292], [75.97776, 28.44295], [75.97961, 28.44317], [75.98008, 28.44353], [75.98053, 28.44418], [75.98103, 28.44457], [75.9823, 28.44485], [75.98586, 28.44305], [75.99035, 28.44221], [75.99020460500003, 28.440756054000076], [75.99019, 28.44061], [75.99625, 28.43927], [76.00083, 28.43716], [76.00275, 28.43712], [76.00379, 28.43696], [76.00426271396697, 28.43688459777214], [76.00542, 28.4367], [76.00907, 28.43583], [76.01204, 28.43488], [76.01302, 28.43446], [76.01376248200006, 28.434130008000068], [76.01412302295752, 28.433969767574435], [76.01437, 28.43386], [76.01399913976049, 28.432730936604145], [76.01392, 28.43249], [76.01491, 28.43209], [76.01382, 28.42931], [76.01358, 28.42753], [76.01329, 28.42448], [76.01223, 28.41838], [76.01196, 28.41691], [76.01131, 28.4134], [76.01081, 28.40857], [76.01349, 28.40795], [76.01491, 28.40784], [76.01497054000004, 28.40798983800005], [76.01531, 28.40883], [76.01593, 28.40957], [76.01927, 28.40896], [76.01920896600006, 28.408701300000075], [76.01839, 28.40523], [76.01797, 28.40384], [76.01607, 28.39802], [76.01585, 28.39628], [76.01579, 28.39574], [76.01634, 28.39468], [76.01897, 28.39379], [76.01854, 28.3915], [76.01755, 28.38787], [76.0187, 28.38763], [76.01831, 28.3864], [76.01836, 28.38602], [76.01991, 28.38557], [76.02069, 28.38559], [76.02254, 28.38565], [76.02288, 28.386], [76.02816, 28.38602], [76.02848, 28.38742], [76.03081, 28.38731], [76.03236, 28.38885], [76.03774, 28.38916], [76.03801, 28.38975], [76.04444, 28.39165], [76.04805, 28.39175], [76.05584, 28.39173], [76.0557, 28.39043], [76.05758, 28.39008], [76.05888, 28.3899], [76.06011, 28.38982], [76.06644, 28.39066], [76.07487, 28.39186], [76.07545, 28.3919], [76.08295, 28.39276], [76.0829, 28.39782], [76.08449, 28.40021], [76.08856, 28.40487], [76.08825, 28.41003], [76.08889, 28.41068], [76.09116, 28.41257], [76.09087, 28.41307], [76.09063, 28.41626], [76.09012, 28.41804], [76.08996, 28.41935], [76.09065, 28.42167], [76.09408, 28.42821], [76.09772, 28.43109], [76.09906, 28.43106], [76.10201, 28.43536], [76.10259, 28.43609], [76.10602, 28.43875], [76.10854, 28.44744], [76.11014, 28.44901], [76.11357, 28.45097], [76.11957, 28.45349], [76.13096, 28.45419], [76.14005, 28.45279], [76.14341, 28.45291], [76.14971, 28.45151], [76.15179, 28.45688], [76.15191, 28.45718], [76.15362, 28.4634], [76.1605, 28.46172], [76.16046, 28.46143], [76.1605, 28.45784], [76.16229, 28.45732], [76.16176, 28.45552], [76.16077, 28.45369], [76.16042, 28.45241], [76.16005, 28.4517], [76.15937, 28.45075], [76.16334, 28.44971], [76.16428, 28.44685], [76.16513, 28.4436], [76.16513, 28.4422], [76.16655, 28.44102], [76.16695, 28.43133], [76.17153, 28.43085], [76.18144, 28.42971], [76.18415, 28.42956], [76.18527, 28.43172], [76.18632, 28.43466], [76.18685, 28.43671], [76.18711, 28.43775], [76.18749, 28.43814], [76.18766, 28.43831], [76.18975, 28.44319], [76.19873, 28.4424], [76.20051, 28.44277], [76.20268, 28.44285], [76.20511, 28.44336], [76.20759, 28.44346], [76.21271, 28.44298], [76.21515, 28.4583], [76.21653, 28.46353], [76.21814, 28.46665], [76.21863, 28.46825], [76.21881, 28.46883], [76.21898591192632, 28.46878624081435], [76.22082, 28.46833], [76.22202, 28.46807], [76.22329501300004, 28.467880740000055], [76.22423, 28.46774], [76.22986, 28.46691], [76.23212, 28.46666], [76.23337647300008, 28.466202133000024], [76.23448, 28.4658], [76.23692, 28.4645], [76.23783, 28.46373], [76.24171, 28.46103], [76.24547977294289, 28.459135397618915], [76.24559, 28.45908], [76.24551583011046, 28.458023079074174], [76.24551, 28.45794], [76.24558, 28.45794], [76.24623063295573, 28.457884231460937], [76.24628, 28.45788], [76.24641, 28.45683], [76.24642, 28.4557], [76.24644, 28.45364], [76.24582, 28.45105], [76.24571, 28.44989], [76.246, 28.44146], [76.24683, 28.44068], [76.24696, 28.44039], [76.24808, 28.43826], [76.24814, 28.43777], [76.25071, 28.43677], [76.25071, 28.43644], [76.25242, 28.43628], [76.25306, 28.4362], [76.25494, 28.43583], [76.25603, 28.43791], [76.2560403898472, 28.437907812663745], [76.25641, 28.43783], [76.25765, 28.43747], [76.25853, 28.43736], [76.2592, 28.4375], [76.25979214792945, 28.438179514017392], [76.25981, 28.4382], [76.26148, 28.43786], [76.26161146041089, 28.43783370791782], [76.26178, 28.4378], [76.26439, 28.43724], [76.26495, 28.43692], [76.26658, 28.43731], [76.26682, 28.43526], [76.27151, 28.43429], [76.27235, 28.4343], [76.27454, 28.43352], [76.28389, 28.43074], [76.28433, 28.43073], [76.28487, 28.43086], [76.28564, 28.43151], [76.28894, 28.43629], [76.29083, 28.43849], [76.29132, 28.43987], [76.29097, 28.4446], [76.28946, 28.44679], [76.29095, 28.45076], [76.2909622206253, 28.45084810218248], [76.29116261500008, 28.452292804000024], [76.29138, 28.45386], [76.29076, 28.4577], [76.2982, 28.45764], [76.29914, 28.46103], [76.30677, 28.46019], [76.31164, 28.45753], [76.31778, 28.46222], [76.32961, 28.47641], [76.33193, 28.47961], [76.33335, 28.48303], [76.33268667300007, 28.484391565000067], [76.33259, 28.48459], [76.33108, 28.48545], [76.32946, 28.48525], [76.32542, 28.4833], [76.31724, 28.47663], [76.31572, 28.47561], [76.28434, 28.47979], [76.28585, 28.48552], [76.29054, 28.49614], [76.29092, 28.49708], [76.29153, 28.49796], [76.29207, 28.49847], [76.29356, 28.49806], [76.30389, 28.4997], [76.3052, 28.4997], [76.30721, 28.49924], [76.30917035400006, 28.498878239000078], [76.31122, 28.4985], [76.31423, 28.49755], [76.31502, 28.49717], [76.32086, 28.49215], [76.32479, 28.49284], [76.3279, 28.49582], [76.32925, 28.49977], [76.33054, 28.50389], [76.33299, 28.51003], [76.33403, 28.51735], [76.33438, 28.51918], [76.33493, 28.52217], [76.33547, 28.52533], [76.33576, 28.52649], [76.33598, 28.52863], [76.33568, 28.5316], [76.33584, 28.5325], [76.33604, 28.53422], [76.33916, 28.5423], [76.33962, 28.54252], [76.3406, 28.54698], [76.34078, 28.548], [76.3408, 28.54906], [76.34089, 28.55], [76.34187, 28.55389], [76.34237, 28.55591], [76.34272, 28.55901], [76.34281, 28.5638], [76.34084, 28.56888], [76.34061, 28.56919], [76.33812, 28.57213], [76.33697, 28.57251], [76.33559, 28.57288], [76.33584, 28.57367], [76.33596286279439, 28.573669217434432], [76.33741, 28.57366], [76.33833, 28.57366], [76.34712, 28.57461], [76.35295, 28.57524], [76.36797191500006, 28.576872406000064], [76.36887, 28.57697], [76.36888423622545, 28.57697440457804], [76.37068, 28.57753], [76.3732, 28.57964], [76.37353, 28.581], [76.37263, 28.58453], [76.37212, 28.5853], [76.36113, 28.59521], [76.3599, 28.59712], [76.3583, 28.59958], [76.35804, 28.59999], [76.35590617400004, 28.603280040000072], [76.35577, 28.60349], [76.35555021700003, 28.604091788000062], [76.35367, 28.60924], [76.35364, 28.60962], [76.35370061500004, 28.609709097000064], [76.35447, 28.61084], [76.35627, 28.61336], [76.35776, 28.61659], [76.35934, 28.61668], [76.35957, 28.61537], [76.35965, 28.61409], [76.36058, 28.60974], [76.36075, 28.60907], [76.36079, 28.60862], [76.36095, 28.60701], [76.36125, 28.60674], [76.36516, 28.60434], [76.36643, 28.60416], [76.37497, 28.59939], [76.37678, 28.59926], [76.37993, 28.59899], [76.38994, 28.59898], [76.39124, 28.59895], [76.39439, 28.59885], [76.39886, 28.5972], [76.4022, 28.59528], [76.40228, 28.59474], [76.40345, 28.59259], [76.40299, 28.59143], [76.40276, 28.59063], [76.40284, 28.58963], [76.40322, 28.58868], [76.40471, 28.58669], [76.40371, 28.58233], [76.40369, 28.58226], [76.40284, 28.57911], [76.40255, 28.57712], [76.40376, 28.57015], [76.40414, 28.55691], [76.40473, 28.55327], [76.405, 28.55091], [76.40768, 28.54957], [76.40864, 28.54919], [76.41066, 28.54887], [76.41124, 28.54942], [76.41334, 28.55106], [76.42198, 28.55109], [76.42534, 28.56225], [76.42642, 28.56602], [76.42729, 28.57063], [76.42703, 28.5743], [76.42742, 28.57946], [76.42751, 28.583], [76.42789, 28.58373], [76.42852, 28.5858], [76.4288, 28.58777], [76.43109, 28.5956], [76.43183, 28.59674], [76.43648, 28.60214], [76.43874, 28.60104], [76.44319, 28.59961], [76.44904, 28.59827], [76.44944, 28.60017], [76.44961, 28.60114], [76.45226, 28.60532], [76.45482, 28.60422], [76.45488013268475, 28.604287649270347], [76.45578, 28.6053], [76.46649, 28.61423], [76.46169, 28.61828], [76.46172079200005, 28.618335625000043], [76.46231, 28.6194], [76.46228, 28.61949], [76.46027, 28.62064], [76.45977, 28.62078], [76.45884, 28.6207], [76.45854, 28.62079], [76.4588, 28.62172], [76.45882, 28.62215], [76.45342, 28.62801], [76.44896, 28.63338], [76.4489, 28.63366], [76.4473, 28.63563], [76.44572, 28.63658], [76.4442, 28.637], [76.44213, 28.63737], [76.44071, 28.63782], [76.44064, 28.63802], [76.44069, 28.63839], [76.44072, 28.63891], [76.43912, 28.64069], [76.44125, 28.64174], [76.44894, 28.64507], [76.45, 28.6483], [76.45031, 28.64958], [76.45081, 28.65166], [76.45105, 28.65298], [76.4507, 28.65867], [76.44935, 28.66009], [76.44661, 28.66144], [76.4458, 28.66216], [76.44533, 28.66249], [76.445, 28.66272], [76.44337, 28.66353], [76.43991, 28.66475], [76.43945, 28.6648], [76.43731, 28.66516], [76.43595, 28.66511], [76.4338, 28.66571], [76.43125, 28.6656], [76.43041, 28.66579], [76.41581, 28.6663], [76.41244, 28.66586], [76.40881, 28.6658], [76.40434, 28.66629], [76.4019, 28.66635], [76.40207, 28.6683], [76.40238, 28.66982], [76.40252582500005, 28.67135601500007], [76.40253, 28.6714], [76.40263, 28.673], [76.40282, 28.67447], [76.4034, 28.67597], [76.40373500600003, 28.677172081000037], [76.40374, 28.67719], [76.40401, 28.67781], [76.40405676691998, 28.677908456673638], [76.40413252278246, 28.678067942699926], [76.4042, 28.67821], [76.40445803289674, 28.678516923340325], [76.40515, 28.67934], [76.40623, 28.68089], [76.40712, 28.68268]]]}}, {"type": "Feature", "properties": {"shapeName": "Kaithal", "shapeISO": "", "shapeID": "76128533B64596101949699", "shapeGroup": "IND", "shapeType": "ADM2", "district": "Kaithal"}, "geometry": {"type": "Polygon", "coordinates": [[[76.4967, 29.51524], [76.50646, 29.51453], [76.50676, 29.52419], [76.51237, 29.52439], [76.51021, 29.52797], [76.51178, 29.53158], [76.5229, 29.53339], [76.5268, 29.5365], [76.52321, 29.54675], [76.53099, 29.57075], [76.53485, 29.57087], [76.54401, 29.57515], [76.54813, 29.58038], [76.55082, 29.59071], [76.54771, 29.59342], [76.54722, 29.59629], [76.54331, 29.59747], [76.543, 29.59931], [76.53882, 29.60162], [76.53913, 29.60438], [76.52815, 29.60983], [76.5226, 29.61469], [76.52902, 29.61564], [76.53126, 29.61391], [76.53495, 29.61486], [76.54051, 29.61313], [76.54385, 29.61568], [76.54419, 29.61864], [76.54868, 29.62202], [76.55571, 29.62362], [76.55872, 29.62567], [76.55928, 29.62805], [76.56534, 29.63017], [76.57813, 29.6258], [76.58465, 29.6288], [76.58991, 29.62719], [76.60381, 29.62804], [76.60655, 29.63219], [76.61636, 29.63613], [76.61757, 29.64398], [76.62239, 29.64359], [76.63947, 29.64956], [76.64054, 29.65267], [76.6439, 29.65489], [76.64335, 29.65807], [76.64529, 29.66278], [76.65362, 29.67017], [76.65729, 29.67156], [76.65985, 29.67041], [76.67386, 29.67027], [76.67852, 29.67444], [76.68238, 29.67505], [76.68495, 29.67806], [76.69481, 29.6701], [76.70225, 29.66754], [76.70415, 29.66838], [76.70515, 29.675], [76.70941, 29.68038], [76.71322, 29.69496], [76.70549, 29.69521], [76.66897, 29.70961], [76.66962, 29.71176], [76.68547, 29.72434], [76.69027, 29.72684], [76.69568, 29.72737], [76.69498, 29.74616], [76.69822, 29.75113], [76.69106, 29.75338], [76.6872, 29.76284], [76.68449, 29.76451], [76.68475, 29.76856], [76.70121, 29.78396], [76.69948, 29.79579], [76.70466, 29.8013], [76.71489, 29.80689], [76.71775, 29.81302], [76.71162, 29.81706], [76.71043, 29.82144], [76.70568, 29.82565], [76.69738, 29.82517], [76.68909, 29.82686], [76.68751, 29.83001], [76.68988, 29.83314], [76.69013, 29.84364], [76.69507, 29.85389], [76.68891, 29.85973], [76.67665, 29.86408], [76.68121, 29.86679], [76.68476, 29.86557], [76.68635, 29.8676], [76.68921, 29.87325], [76.68937, 29.87802], [76.69456, 29.88639], [76.69583, 29.89788], [76.70453, 29.89403], [76.70639, 29.88833], [76.71394, 29.88299], [76.72564, 29.88127], [76.72978, 29.88538], [76.73069, 29.88944], [76.74819, 29.90243], [76.7496, 29.90544], [76.74959, 29.92534], [76.72679, 29.92305], [76.7253, 29.92461], [76.72027, 29.92493], [76.71633, 29.92957], [76.71189, 29.92159], [76.69849, 29.9275], [76.6964, 29.92713], [76.68978, 29.91848], [76.68554, 29.92088], [76.67854, 29.9177], [76.67157, 29.9182], [76.6681, 29.91586], [76.65572, 29.9144], [76.64841, 29.91085], [76.64487, 29.91126], [76.62921, 29.91919], [76.61973, 29.92149], [76.61635, 29.9176], [76.60753, 29.91258], [76.59455, 29.91364], [76.59277, 29.91149], [76.59264, 29.90504], [76.60364, 29.89353], [76.60264, 29.89066], [76.59533, 29.87711], [76.5801, 29.87495], [76.57898, 29.87492], [76.57777, 29.88137], [76.5698, 29.8899], [76.56958, 29.89461], [76.56614, 29.90116], [76.57179, 29.90864], [76.56136, 29.91682], [76.5597, 29.91683], [76.55248, 29.90746], [76.54814, 29.9065], [76.5463, 29.90297], [76.5389, 29.89946], [76.53466, 29.90017], [76.53159, 29.90145], [76.53769, 29.90946], [76.54178, 29.9196], [76.53543, 29.92536], [76.52933, 29.92501], [76.51916, 29.91861], [76.51643, 29.90167], [76.5128, 29.89719], [76.50789, 29.89974], [76.50408, 29.90405], [76.49598, 29.90466], [76.49194, 29.90308], [76.47898, 29.90544], [76.46662, 29.91262], [76.47295, 29.91876], [76.47699, 29.92754], [76.48486, 29.93662], [76.48253, 29.95109], [76.48794, 29.95521], [76.4854, 29.95888], [76.478, 29.96381], [76.4765, 29.96861], [76.47261, 29.96958], [76.46948, 29.9726], [76.46577, 29.97207], [76.45821, 29.96307], [76.44904, 29.96749], [76.44749, 29.96984], [76.44305, 29.9719], [76.44136, 29.97134], [76.43869, 29.97415], [76.43439, 29.98607], [76.43456, 29.99397], [76.43189, 29.99911], [76.44111, 30.00381], [76.44379, 30.00669], [76.44101, 30.01377], [76.42938, 30.01739], [76.42783, 30.02461], [76.42297, 30.03041], [76.42389, 30.03452], [76.43092, 30.0426], [76.43093, 30.04552], [76.43444, 30.0483], [76.43778, 30.04849], [76.43946, 30.0506], [76.44601, 30.06777], [76.45386, 30.07795], [76.45776, 30.08653], [76.46194, 30.08866], [76.466, 30.09316], [76.46667, 30.09628], [76.46466, 30.09665], [76.4617, 30.10074], [76.45925, 30.10718], [76.45711, 30.11885], [76.45912, 30.13309], [76.45368, 30.13194], [76.44897, 30.13302], [76.444, 30.1367], [76.43872, 30.14357], [76.43754, 30.15063], [76.43493, 30.15471], [76.4351, 30.15902], [76.44171, 30.16901], [76.44131, 30.17582], [76.43275, 30.19392], [76.42294, 30.19835], [76.41158, 30.19507], [76.39944, 30.18307], [76.3937, 30.17934], [76.39572, 30.17511], [76.41429, 30.15377], [76.40516, 30.14632], [76.39879, 30.1443], [76.39719, 30.14187], [76.40094, 30.13438], [76.40261, 30.12358], [76.39698, 30.11988], [76.3873, 30.11979], [76.37634, 30.12362], [76.37075, 30.12939], [76.36096, 30.14664], [76.35568, 30.14957], [76.33846, 30.14539], [76.34336, 30.13924], [76.36088, 30.12776], [76.36148, 30.12376], [76.35045, 30.11196], [76.34091, 30.10563], [76.33539, 30.10444], [76.32522, 30.10467], [76.30559, 30.1148], [76.29236, 30.10983], [76.28452, 30.11055], [76.27461, 30.11458], [76.26364, 30.11523], [76.25706, 30.11811], [76.25549, 30.12373], [76.23879, 30.1366], [76.22306, 30.1524], [76.2164, 30.15523], [76.21446, 30.1509], [76.21993, 30.1398], [76.22515, 30.13314], [76.22443, 30.13136], [76.22043, 30.12945], [76.21827, 30.13008], [76.20659, 30.13711], [76.20346, 30.13541], [76.20308, 30.1313], [76.21718, 30.12417], [76.2259, 30.11474], [76.24115, 30.10559], [76.26195, 30.10344], [76.26747, 30.1008], [76.26338, 30.09328], [76.25699, 30.09237], [76.24758, 30.08344], [76.22097, 30.04562], [76.2107, 30.03418], [76.21121, 30.03108], [76.22744, 30.02586], [76.22775, 30.02336], [76.22175, 30.01897], [76.20574, 30.01564], [76.20319, 30.01267], [76.20161, 30.00044], [76.20799, 29.98673], [76.21119, 29.96939], [76.20691, 29.96189], [76.21562, 29.94827], [76.21696, 29.94296], [76.21555, 29.94044], [76.19104, 29.94249], [76.18173, 29.9328], [76.17835, 29.92489], [76.18357, 29.91944], [76.19409, 29.91944], [76.19567, 29.91192], [76.19475, 29.89007], [76.19666, 29.88476], [76.20942, 29.88018], [76.22016, 29.88265], [76.22911, 29.88032], [76.23735, 29.88118], [76.2445, 29.87743], [76.25073, 29.87199], [76.25406, 29.86511], [76.24997, 29.86154], [76.24702, 29.85469], [76.24387, 29.85246], [76.24051, 29.85063], [76.2349, 29.85169], [76.22375, 29.84927], [76.22169, 29.84608], [76.22307, 29.83934], [76.21627, 29.8407], [76.21337, 29.83662], [76.21011, 29.82385], [76.21983, 29.81855], [76.21607, 29.81397], [76.22086, 29.81117], [76.21962, 29.80651], [76.21775, 29.80553], [76.21888, 29.80294], [76.21631, 29.79763], [76.21791, 29.79531], [76.20818, 29.7874], [76.21093, 29.7813], [76.21059, 29.77573], [76.20764, 29.77417], [76.20261, 29.76644], [76.19689, 29.76357], [76.20386, 29.7572], [76.19921, 29.75259], [76.19848, 29.74698], [76.19558, 29.74679], [76.18516, 29.73863], [76.18048, 29.73678], [76.18294, 29.73324], [76.18162, 29.72686], [76.18447, 29.71958], [76.17559, 29.70739], [76.1739, 29.69974], [76.16938, 29.69223], [76.16924, 29.68863], [76.17045, 29.68568], [76.18468, 29.68334], [76.19294, 29.67943], [76.19521, 29.67158], [76.20331, 29.66456], [76.19977, 29.64738], [76.19492, 29.64053], [76.21349, 29.62952], [76.21794, 29.62554], [76.21885, 29.62265], [76.22269, 29.62205], [76.22519, 29.61972], [76.23466, 29.61898], [76.24139, 29.6093], [76.24162, 29.60304], [76.24305, 29.60192], [76.24296, 29.59688], [76.23926, 29.59324], [76.24325, 29.58865], [76.2485, 29.58832], [76.25197, 29.5851], [76.26022, 29.58452], [76.26224, 29.58029], [76.26693, 29.5763], [76.2661, 29.57432], [76.26923, 29.5724], [76.26698, 29.55738], [76.27093, 29.5507], [76.2781, 29.54684], [76.28216, 29.54672], [76.29461, 29.5515], [76.30185, 29.5573], [76.2916, 29.57685], [76.29864, 29.58971], [76.31032, 29.58474], [76.31698, 29.58587], [76.32924, 29.57961], [76.34287, 29.57924], [76.34611, 29.58252], [76.35179, 29.57978], [76.35938, 29.56918], [76.35209, 29.56175], [76.34986, 29.55526], [76.3555, 29.55276], [76.36106, 29.54786], [76.36241, 29.53576], [76.36823, 29.53038], [76.37394, 29.52748], [76.38243, 29.52718], [76.39267, 29.52938], [76.39611, 29.5314], [76.40595, 29.53033], [76.41635, 29.5342], [76.41715, 29.53636], [76.41482, 29.5406], [76.42208, 29.54152], [76.43096, 29.54489], [76.43614, 29.53955], [76.4381, 29.53404], [76.43769, 29.52978], [76.43986, 29.529], [76.44885, 29.5315], [76.45282, 29.53679], [76.4546, 29.54679], [76.46334, 29.54871], [76.48658, 29.54161], [76.48685, 29.53632], [76.48962, 29.53076], [76.48821, 29.52624], [76.4967, 29.51524]]]}}, {"type": "Feature", "properties": {"shapeName": "Sonipat", "shapeISO": "", "shapeID": "76128533B69536039643660", "shapeGroup": "IND", "shapeType": "ADM2", "district": "Sonipat"}, "geometry": {"type": "Polygon", "coordinates": [[[76.95113, 28.81817], [76.96165, 28.81494], [76.96179, 28.8152], [76.96202, 28.81569], [76.96226, 28.81581], [76.96238312300005, 28.815936971000042], [76.96258, 28.81614], [76.96491, 28.82008], [76.96378, 28.8228], [76.96591, 28.82775], [76.97332, 28.82669], [76.97571, 28.82258], [76.98041, 28.82128], [76.98568, 28.82755], [76.98705, 28.83389], [76.99441, 28.83977], [76.9992, 28.83827], [77.01033, 28.84084], [77.02337, 28.83915], [77.04013, 28.83184], [77.04269, 28.83473], [77.04194, 28.8376], [77.04498, 28.84023], [77.04572, 28.84739], [77.05872, 28.86846], [77.06112, 28.87085], [77.06922, 28.86708], [77.07159, 28.86873], [77.07453, 28.86722], [77.08043, 28.87261], [77.07799, 28.87737], [77.08262, 28.88355], [77.08739, 28.88118], [77.08788, 28.87535], [77.0916, 28.87285], [77.09676, 28.87078], [77.10977, 28.86999], [77.12119, 28.85812], [77.12445, 28.8579], [77.12511, 28.85995], [77.13182, 28.86297], [77.14016, 28.86169], [77.14226, 28.85599], [77.14546, 28.85376], [77.14165, 28.84586], [77.14223, 28.83937], [77.1447, 28.83831], [77.1577, 28.83696], [77.15697, 28.8394], [77.16609, 28.84936], [77.17207, 28.85022], [77.17301, 28.85739], [77.17525, 28.85866], [77.18169, 28.85774], [77.20609, 28.8592], [77.20755, 28.85688], [77.20951, 28.85845], [77.20797, 28.86214], [77.2008, 28.8631], [77.19256, 28.86587], [77.19026, 28.86795], [77.18982, 28.87126], [77.19263, 28.87578], [77.18956, 28.88044], [77.19808, 28.88765], [77.20556, 28.88824], [77.21319, 28.88667], [77.22152, 28.87843], [77.22768, 28.8801], [77.22791, 28.89401], [77.2332, 28.89795], [77.23476, 28.91179], [77.23239, 28.92004], [77.22522, 28.92298], [77.22242, 28.92813], [77.20821, 28.93467], [77.20234, 28.93352], [77.19685, 28.93802], [77.19608, 28.94202], [77.19773, 28.94533], [77.19331, 28.95838], [77.19572, 28.96689], [77.2002, 28.97056], [77.20159, 28.9752], [77.20285, 28.97518], [77.20314, 28.98562], [77.20232, 28.98869], [77.19848, 28.99015], [77.19155, 29.00596], [77.19196, 29.01096], [77.19378, 29.01306], [77.18971, 29.02345], [77.1898, 29.02756], [77.1858, 29.03138], [77.17844, 29.02953], [77.16753, 29.03379], [77.16756, 29.03718], [77.17063, 29.03964], [77.17282, 29.04637], [77.16946, 29.05203], [77.16445, 29.07932], [77.16294, 29.08079], [77.15737, 29.07911], [77.14745, 29.08044], [77.14415, 29.08256], [77.13476, 29.09496], [77.13962, 29.10795], [77.14677, 29.11047], [77.14974, 29.11749], [77.14814, 29.1334], [77.13664, 29.14185], [77.1369, 29.1494], [77.14208, 29.15374], [77.14383, 29.15721], [77.14398, 29.16681], [77.11502, 29.16947], [77.11064, 29.16855], [77.09823, 29.1616], [77.09284, 29.16614], [77.08819, 29.1751], [77.07899, 29.17941], [77.07576, 29.17562], [77.06206, 29.17568], [77.06059, 29.17267], [77.05269, 29.17618], [77.05335, 29.18136], [77.05097, 29.18428], [77.02956, 29.1775], [77.01873, 29.18526], [77.00819, 29.18554], [77.00782, 29.18895], [77.00181, 29.1875], [77.00071, 29.18448], [76.9921, 29.1898], [76.98772, 29.18774], [76.97612, 29.18984], [76.96447, 29.19367], [76.96804, 29.19694], [76.96025, 29.20497], [76.94807, 29.20891], [76.93956, 29.20853], [76.93198, 29.21401], [76.9283, 29.21341], [76.91885, 29.21922], [76.91034, 29.21402], [76.90616, 29.21451], [76.90416, 29.21227], [76.89512, 29.2103], [76.89259, 29.20691], [76.89027, 29.20625], [76.89048, 29.19932], [76.88638, 29.19437], [76.87631, 29.19174], [76.86167, 29.19804], [76.85517, 29.20602], [76.84278, 29.20548], [76.82448, 29.21161], [76.81998, 29.21379], [76.81851, 29.21617], [76.81168, 29.21801], [76.81198, 29.22165], [76.8031, 29.22744], [76.80174, 29.23905], [76.79619, 29.24622], [76.7976, 29.24852], [76.79384, 29.25062], [76.79879, 29.25784], [76.79702, 29.27233], [76.78287, 29.27725], [76.7802, 29.28187], [76.77036, 29.27972], [76.75378, 29.26252], [76.73398, 29.25535], [76.72854, 29.25672], [76.72593, 29.25272], [76.71901, 29.2508], [76.71478, 29.25113], [76.71446, 29.25805], [76.70958, 29.26089], [76.68287, 29.26937], [76.67932, 29.26462], [76.67364, 29.26566], [76.66678, 29.26385], [76.65698, 29.26539], [76.65031, 29.26822], [76.64687, 29.2734], [76.63501, 29.27471], [76.62162, 29.2846], [76.61154, 29.28904], [76.60583, 29.2883], [76.59832, 29.28016], [76.58709, 29.28478], [76.57858, 29.28462], [76.60284, 29.26558], [76.60093, 29.26133], [76.60147, 29.25746], [76.59813, 29.25511], [76.59099, 29.24384], [76.59067, 29.24061], [76.56241, 29.2711], [76.55498, 29.25654], [76.55848, 29.25316], [76.56337, 29.24377], [76.56496, 29.23919], [76.56332, 29.23604], [76.56933, 29.22641], [76.5606, 29.20831], [76.55144, 29.21027], [76.54331, 29.20975], [76.53482, 29.21384], [76.52558, 29.2211], [76.52471, 29.22529], [76.52613, 29.23152], [76.51289, 29.23216], [76.48654, 29.24045], [76.48417, 29.24246], [76.47531, 29.23786], [76.47748, 29.23535], [76.47875, 29.22212], [76.49139, 29.20658], [76.49414, 29.18937], [76.49646, 29.18462], [76.4964, 29.17801], [76.49794, 29.1753], [76.51293, 29.16313], [76.51176, 29.15585], [76.50602, 29.15578], [76.49968, 29.1509], [76.49004, 29.13649], [76.48776, 29.13096], [76.48645, 29.11558], [76.48191, 29.10698], [76.47827, 29.09204], [76.49649, 29.08207], [76.51074, 29.07716], [76.51673, 29.08561], [76.52196, 29.08419], [76.52766, 29.09231], [76.5301, 29.09156], [76.53864, 29.09822], [76.54684, 29.09187], [76.55144, 29.08005], [76.5621, 29.07089], [76.56446, 29.06213], [76.56781, 29.05869], [76.58051, 29.05744], [76.58549, 29.06014], [76.59374, 29.06049], [76.60007, 29.05705], [76.60237, 29.05783], [76.62589, 29.05392], [76.63462, 29.05434], [76.63778, 29.0526], [76.63792, 29.04975], [76.64717, 29.04648], [76.66139, 29.05811], [76.67302, 29.05941], [76.70334, 29.05221], [76.72991, 29.03872], [76.73508, 29.03161], [76.74865, 29.01868], [76.75188, 29.00446], [76.75319, 28.96369], [76.76032, 28.96469], [76.76326, 28.95874], [76.77524, 28.94842], [76.7716, 28.93791], [76.77836, 28.93313], [76.77909, 28.93035], [76.78464, 28.92896], [76.79386, 28.92383], [76.79684, 28.92391], [76.80182, 28.92728], [76.81387, 28.93087], [76.81966, 28.93062], [76.82263, 28.92661], [76.82236, 28.92392], [76.82663, 28.92033], [76.82853, 28.91592], [76.82659, 28.9093], [76.82659, 28.90044], [76.81661, 28.87615], [76.81049, 28.86846], [76.81085, 28.86664], [76.82321, 28.85975], [76.83903, 28.85984], [76.84263, 28.86231], [76.85054, 28.85969], [76.85973, 28.86116], [76.86548, 28.85803], [76.8708, 28.86334], [76.87368, 28.86302], [76.8796, 28.86992], [76.88628, 28.87059], [76.88966, 28.8677], [76.90198, 28.86357], [76.90382, 28.86528], [76.90903, 28.86278], [76.91053, 28.85356], [76.9084, 28.84892], [76.91326, 28.84057], [76.91776, 28.83745], [76.91897, 28.83359], [76.9173, 28.83077], [76.91911, 28.82767], [76.91634, 28.82416], [76.92458, 28.82105], [76.92576, 28.82443], [76.93114, 28.82367], [76.95113, 28.81817]]]}}, {"type": "Feature", "properties": {"shapeName": "Karnal", "shapeISO": "", "shapeID": "76128533B6330405394721", "shapeGroup": "IND", "shapeType": "ADM2", "district": "Karnal"}, "geometry": {"type": "Polygon", "coordinates": [[[77.11808, 29.99324], [77.11313, 29.99032], [77.11212, 29.98412], [77.11525, 29.98378], [77.11286, 29.976], [77.11526, 29.97074], [77.11246, 29.96891], [77.10525, 29.96818], [77.10332, 29.96419], [77.10495, 29.96019], [77.10026, 29.9572], [77.09773, 29.95078], [77.08762, 29.94956], [77.08403, 29.95151], [77.08438, 29.94987], [77.08158, 29.94798], [77.07506, 29.95075], [77.06546, 29.95193], [77.05967, 29.94598], [77.05371, 29.9462], [77.04869, 29.95256], [77.03399, 29.95506], [77.02268, 29.94692], [77.01592, 29.94905], [77.00986, 29.95275], [77.00704, 29.95644], [77.00442, 29.95148], [77.00071, 29.94974], [76.99953, 29.9517], [76.99596, 29.95296], [76.99337, 29.95135], [76.98858, 29.9574], [76.98814, 29.95594], [76.98575, 29.95588], [76.98348, 29.95858], [76.98218, 29.95696], [76.98493, 29.95556], [76.98407, 29.95312], [76.97958, 29.95137], [76.9717, 29.9446], [76.96577, 29.94312], [76.96662, 29.93933], [76.96241, 29.938], [76.95782, 29.93908], [76.95748, 29.93625], [76.95543, 29.93655], [76.9531, 29.93243], [76.94986, 29.93159], [76.95091, 29.92839], [76.95317, 29.92802], [76.95384, 29.92218], [76.9575, 29.91923], [76.95857, 29.91433], [76.95067, 29.91356], [76.93181, 29.92573], [76.92981, 29.92516], [76.93099, 29.92144], [76.92867, 29.91723], [76.92161, 29.91417], [76.91317, 29.91475], [76.90394, 29.9186], [76.90226, 29.92055], [76.89939, 29.91832], [76.89791, 29.89954], [76.8909, 29.89663], [76.8847, 29.88708], [76.8867, 29.88263], [76.88167, 29.88032], [76.87647, 29.88071], [76.87223, 29.8793], [76.86602, 29.88101], [76.86003, 29.87842], [76.85015, 29.88057], [76.84752, 29.88383], [76.84039, 29.88711], [76.83825, 29.89342], [76.83946, 29.89414], [76.83416, 29.90189], [76.83329, 29.8985], [76.82698, 29.89399], [76.82071, 29.89462], [76.82133, 29.89921], [76.81555, 29.90161], [76.81016, 29.90161], [76.80785, 29.89915], [76.80837, 29.89516], [76.80376, 29.89382], [76.80318, 29.88794], [76.80707, 29.88608], [76.80402, 29.88213], [76.79765, 29.88075], [76.79418, 29.87617], [76.78833, 29.87674], [76.78233, 29.87326], [76.77337, 29.87733], [76.76704, 29.87604], [76.76343, 29.87231], [76.76074, 29.87204], [76.75579, 29.86665], [76.74322, 29.87136], [76.73303, 29.87212], [76.73126, 29.87693], [76.72564, 29.88127], [76.71394, 29.88299], [76.70639, 29.88833], [76.70453, 29.89403], [76.69583, 29.89788], [76.69456, 29.88639], [76.68937, 29.87802], [76.68921, 29.87325], [76.68635, 29.8676], [76.68476, 29.86557], [76.68121, 29.86679], [76.67665, 29.86408], [76.68891, 29.85973], [76.69507, 29.85389], [76.69013, 29.84364], [76.68988, 29.83314], [76.68751, 29.83001], [76.68909, 29.82686], [76.69738, 29.82517], [76.70568, 29.82565], [76.71043, 29.82144], [76.71162, 29.81706], [76.71775, 29.81302], [76.71489, 29.80689], [76.70466, 29.8013], [76.69948, 29.79579], [76.70121, 29.78396], [76.68475, 29.76856], [76.68449, 29.76451], [76.6872, 29.76284], [76.69106, 29.75338], [76.69822, 29.75113], [76.69498, 29.74616], [76.69568, 29.72737], [76.69027, 29.72684], [76.68547, 29.72434], [76.66962, 29.71176], [76.66897, 29.70961], [76.70549, 29.69521], [76.71322, 29.69496], [76.70941, 29.68038], [76.70515, 29.675], [76.70415, 29.66838], [76.70225, 29.66754], [76.69481, 29.6701], [76.68495, 29.67806], [76.68238, 29.67505], [76.67852, 29.67444], [76.67386, 29.67027], [76.65985, 29.67041], [76.65729, 29.67156], [76.65362, 29.67017], [76.64529, 29.66278], [76.64335, 29.65807], [76.6439, 29.65489], [76.64054, 29.65267], [76.63947, 29.64956], [76.62239, 29.64359], [76.61757, 29.64398], [76.61636, 29.63613], [76.60655, 29.63219], [76.60381, 29.62804], [76.58991, 29.62719], [76.58465, 29.6288], [76.57813, 29.6258], [76.56534, 29.63017], [76.55928, 29.62805], [76.55872, 29.62567], [76.55571, 29.62362], [76.54868, 29.62202], [76.54419, 29.61864], [76.54385, 29.61568], [76.54051, 29.61313], [76.53495, 29.61486], [76.53126, 29.61391], [76.52902, 29.61564], [76.5226, 29.61469], [76.52815, 29.60983], [76.53913, 29.60438], [76.53882, 29.60162], [76.543, 29.59931], [76.54331, 29.59747], [76.54722, 29.59629], [76.54771, 29.59342], [76.55082, 29.59071], [76.54813, 29.58038], [76.54401, 29.57515], [76.53485, 29.57087], [76.53099, 29.57075], [76.52321, 29.54675], [76.5268, 29.5365], [76.5229, 29.53339], [76.51178, 29.53158], [76.51021, 29.52797], [76.51237, 29.52439], [76.50676, 29.52419], [76.50646, 29.51453], [76.4967, 29.51524], [76.4988, 29.5034], [76.5017, 29.50202], [76.50437, 29.49294], [76.50373, 29.48688], [76.51001, 29.48466], [76.51887, 29.48449], [76.52255, 29.48032], [76.52909, 29.48102], [76.52376, 29.46574], [76.5356, 29.45632], [76.55721, 29.46139], [76.57058, 29.46215], [76.57444, 29.46618], [76.58371, 29.46572], [76.58499, 29.46453], [76.59578, 29.47544], [76.60582, 29.47518], [76.60545, 29.47864], [76.60853, 29.48055], [76.63387, 29.46918], [76.64296, 29.4742], [76.6499, 29.48806], [76.65551, 29.49108], [76.66264, 29.48877], [76.66646, 29.48542], [76.67805, 29.482], [76.68144, 29.48264], [76.68858, 29.47675], [76.69264, 29.47608], [76.71017, 29.47429], [76.71572, 29.47763], [76.71833, 29.48218], [76.73518, 29.48096], [76.74641, 29.47758], [76.74842, 29.47179], [76.75565, 29.46522], [76.7632, 29.46563], [76.76588, 29.46561], [76.77172, 29.47031], [76.77234, 29.47738], [76.785, 29.46723], [76.79203, 29.4657], [76.79616, 29.46652], [76.80161, 29.48012], [76.81173, 29.49027], [76.81949, 29.50743], [76.81902, 29.51387], [76.82958, 29.51193], [76.83851, 29.50271], [76.84519, 29.50066], [76.84959, 29.49475], [76.85667, 29.49009], [76.86221, 29.48892], [76.87006, 29.49112], [76.87384, 29.49041], [76.88195, 29.49195], [76.90268, 29.46991], [76.90936, 29.46915], [76.91631, 29.48255], [76.92403, 29.4833], [76.92942, 29.48235], [76.93669, 29.47646], [76.95811, 29.4681], [76.96744, 29.46137], [76.97479, 29.45976], [76.97874, 29.46135], [76.97987, 29.45612], [76.96723, 29.45166], [76.96658, 29.44821], [76.96266, 29.44577], [76.96196, 29.44434], [76.96339, 29.44321], [76.96728, 29.4427], [76.98893, 29.44564], [76.99037, 29.45173], [76.99471, 29.45553], [77.0008, 29.45195], [77.00071, 29.45023], [77.00935, 29.44933], [77.00844, 29.44596], [77.01178, 29.44705], [77.02365, 29.44527], [77.02496, 29.4475], [77.03136, 29.44956], [77.03191, 29.45096], [77.03734, 29.45182], [77.04096, 29.44899], [77.05513, 29.4493], [77.06265, 29.44099], [77.06867, 29.44075], [77.07802, 29.44515], [77.07874, 29.44896], [77.08637, 29.45363], [77.08815, 29.45808], [77.09827, 29.46367], [77.11008, 29.4655], [77.11842, 29.46989], [77.13259, 29.48487], [77.13028, 29.48962], [77.12146, 29.49592], [77.12193, 29.498], [77.11688, 29.50145], [77.1145, 29.50606], [77.11183, 29.5074], [77.10699, 29.50645], [77.10349, 29.50802], [77.10197, 29.51486], [77.09806, 29.51751], [77.0966, 29.5205], [77.09778, 29.5273], [77.10272, 29.53238], [77.10269, 29.53916], [77.10415, 29.53914], [77.1085, 29.54797], [77.11437, 29.55071], [77.12009, 29.55129], [77.12717, 29.55947], [77.12253, 29.56164], [77.12172, 29.56633], [77.11637, 29.56933], [77.11285, 29.56927], [77.11067, 29.57138], [77.10561, 29.5718], [77.10074, 29.5759], [77.09985, 29.57927], [77.09645, 29.58246], [77.09069, 29.58461], [77.08678, 29.5841], [77.08452, 29.58751], [77.08503, 29.59114], [77.0893, 29.59398], [77.09562, 29.59539], [77.10103, 29.59361], [77.11039, 29.59708], [77.10893, 29.60031], [77.11169, 29.60366], [77.11369, 29.61084], [77.10909, 29.61332], [77.10466, 29.61362], [77.1023, 29.61955], [77.1052, 29.62281], [77.10675, 29.63232], [77.11301, 29.63714], [77.11646, 29.63789], [77.11971, 29.63529], [77.12852, 29.63914], [77.13326, 29.64402], [77.13321, 29.64727], [77.13885, 29.65039], [77.14164, 29.65496], [77.13832, 29.66671], [77.14672, 29.6716], [77.14385, 29.67433], [77.14265, 29.68028], [77.14765, 29.68343], [77.1502, 29.68903], [77.15109, 29.69099], [77.15657, 29.69261], [77.15509, 29.69582], [77.15583, 29.69927], [77.14992, 29.70622], [77.14995, 29.70953], [77.1466, 29.71124], [77.14553, 29.71384], [77.14107, 29.7145], [77.13901, 29.71729], [77.13465, 29.71905], [77.13425, 29.72854], [77.13829, 29.73082], [77.14052, 29.73601], [77.1375, 29.73978], [77.1368, 29.74353], [77.12363, 29.75041], [77.1205, 29.75508], [77.12056, 29.76201], [77.12305, 29.76752], [77.12608, 29.76889], [77.13835, 29.76891], [77.14703, 29.77124], [77.14788, 29.77824], [77.15161, 29.78749], [77.1599, 29.79186], [77.16378, 29.79039], [77.17285, 29.8011], [77.17405, 29.80442], [77.1728, 29.80681], [77.17935, 29.81213], [77.18284, 29.8239], [77.18245, 29.83118], [77.17986, 29.83322], [77.17797, 29.83964], [77.17954, 29.84833], [77.18687, 29.85706], [77.1901, 29.85776], [77.19465, 29.85653], [77.19835, 29.85858], [77.19995, 29.8628], [77.20189, 29.8637], [77.20274, 29.86848], [77.20055, 29.88853], [77.19214, 29.89147], [77.18881, 29.89407], [77.18613, 29.90719], [77.19042, 29.91302], [77.19922, 29.91365], [77.20167, 29.91642], [77.21181, 29.91847], [77.21641, 29.92158], [77.2195, 29.92583], [77.2214, 29.93262], [77.22617, 29.93424], [77.2302, 29.93945], [77.20971, 29.93489], [77.2048, 29.93704], [77.20184, 29.93644], [77.19819, 29.93876], [77.1965, 29.93755], [77.18265, 29.94639], [77.18651, 29.9487], [77.18993, 29.95454], [77.18368, 29.95735], [77.18488, 29.96068], [77.18061, 29.96503], [77.17587, 29.96535], [77.17171, 29.96966], [77.16423, 29.96682], [77.15811, 29.96984], [77.1549, 29.96993], [77.14942, 29.96858], [77.13936, 29.96305], [77.13468, 29.96401], [77.13216, 29.9657], [77.13511, 29.96919], [77.13642, 29.97405], [77.13509, 29.9789], [77.12818, 29.98615], [77.12579, 29.98632], [77.11808, 29.99324]]]}}, {"type": "Feature", "properties": {"shapeName": "Kurukshetra", "shapeISO": "", "shapeID": "76128533B94710820075529", "shapeGroup": "IND", "shapeType": "ADM2", "district": "Kurukshetra"}, "geometry": {"type": "Polygon", "coordinates": [[[77.06995, 30.13106], [77.06335, 30.12434], [77.06046, 30.12343], [77.0501, 30.12732], [77.0366, 30.13615], [77.03765, 30.1435], [77.0319, 30.14416], [77.02316, 30.14776], [77.02111, 30.15113], [77.01235, 30.15628], [77.00858, 30.16181], [77.00248, 30.16164], [76.99088, 30.16786], [76.98257, 30.16908], [76.97641, 30.16213], [76.96453, 30.15776], [76.9624, 30.15244], [76.95796, 30.15706], [76.95126, 30.15926], [76.94778, 30.1626], [76.94137, 30.16531], [76.94011, 30.17243], [76.94133, 30.17779], [76.94577, 30.18342], [76.95802, 30.18588], [76.96166, 30.19296], [76.953, 30.19461], [76.9485, 30.19764], [76.93808, 30.19762], [76.92569, 30.20529], [76.92017, 30.20202], [76.9163, 30.20544], [76.90866, 30.19895], [76.90389, 30.18963], [76.88499, 30.19809], [76.88296, 30.19954], [76.88355, 30.2078], [76.88682, 30.20919], [76.88836, 30.20717], [76.89073, 30.21213], [76.87652, 30.21956], [76.86784, 30.22801], [76.85991, 30.23199], [76.86078, 30.23558], [76.86837, 30.24339], [76.86512, 30.24668], [76.86499, 30.2494], [76.85169, 30.25439], [76.84348, 30.24566], [76.83817, 30.2538], [76.83395, 30.25141], [76.83301, 30.25258], [76.82679, 30.25272], [76.8235, 30.25106], [76.81836, 30.24188], [76.82236, 30.24023], [76.8261, 30.2357], [76.8239, 30.23453], [76.81788, 30.22193], [76.82027, 30.22019], [76.81786, 30.21714], [76.81263, 30.21939], [76.80563, 30.21282], [76.80069, 30.21097], [76.79684, 30.21454], [76.78924, 30.2131], [76.78555, 30.21465], [76.77741, 30.20411], [76.77841, 30.20195], [76.77642, 30.2021], [76.77376, 30.19956], [76.76702, 30.1999], [76.76772, 30.19839], [76.76557, 30.19724], [76.76418, 30.19169], [76.76085, 30.19172], [76.75482, 30.19609], [76.73677, 30.19789], [76.7351, 30.19559], [76.73148, 30.19638], [76.72765, 30.19467], [76.71936, 30.19496], [76.71768, 30.19612], [76.71296, 30.19151], [76.6997, 30.1928], [76.69885, 30.19395], [76.69457, 30.19318], [76.69296, 30.19001], [76.69079, 30.19069], [76.68614, 30.1886], [76.6836, 30.17997], [76.67536, 30.16897], [76.67241, 30.16714], [76.67037, 30.16836], [76.65568, 30.15258], [76.6443, 30.15004], [76.6404, 30.1508], [76.63818, 30.14789], [76.63863, 30.14174], [76.6368, 30.13845], [76.63999, 30.13385], [76.63956, 30.13074], [76.64578, 30.12759], [76.64226, 30.11849], [76.63579, 30.11107], [76.64436, 30.10762], [76.64354, 30.10614], [76.64538, 30.10188], [76.64249, 30.09792], [76.63603, 30.09565], [76.63246, 30.09134], [76.62694, 30.09001], [76.62131, 30.08609], [76.61609, 30.0728], [76.60542, 30.07497], [76.60381, 30.07261], [76.59762, 30.07253], [76.59329, 30.06596], [76.58808, 30.06886], [76.59927, 30.08206], [76.58695, 30.08372], [76.58681, 30.08838], [76.5774, 30.09461], [76.57529, 30.10075], [76.54626, 30.0786], [76.52091, 30.07515], [76.51371, 30.07249], [76.50761, 30.08295], [76.50778, 30.08826], [76.50342, 30.09303], [76.4961, 30.09545], [76.47417, 30.09493], [76.46667, 30.09628], [76.466, 30.09316], [76.46194, 30.08866], [76.45776, 30.08653], [76.45386, 30.07795], [76.44601, 30.06777], [76.43946, 30.0506], [76.43778, 30.04849], [76.43444, 30.0483], [76.43093, 30.04552], [76.43092, 30.0426], [76.42389, 30.03452], [76.42297, 30.03041], [76.42783, 30.02461], [76.42938, 30.01739], [76.44101, 30.01377], [76.44379, 30.00669], [76.44111, 30.00381], [76.43189, 29.99911], [76.43456, 29.99397], [76.43439, 29.98607], [76.43869, 29.97415], [76.44136, 29.97134], [76.44305, 29.9719], [76.44749, 29.96984], [76.44904, 29.96749], [76.45821, 29.96307], [76.46577, 29.97207], [76.46948, 29.9726], [76.47261, 29.96958], [76.4765, 29.96861], [76.478, 29.96381], [76.4854, 29.95888], [76.48794, 29.95521], [76.48253, 29.95109], [76.48486, 29.93662], [76.47699, 29.92754], [76.47295, 29.91876], [76.46662, 29.91262], [76.47898, 29.90544], [76.49194, 29.90308], [76.49598, 29.90466], [76.50408, 29.90405], [76.50789, 29.89974], [76.5128, 29.89719], [76.51643, 29.90167], [76.51916, 29.91861], [76.52933, 29.92501], [76.53543, 29.92536], [76.54178, 29.9196], [76.53769, 29.90946], [76.53159, 29.90145], [76.53466, 29.90017], [76.5389, 29.89946], [76.5463, 29.90297], [76.54814, 29.9065], [76.55248, 29.90746], [76.5597, 29.91683], [76.56136, 29.91682], [76.57179, 29.90864], [76.56614, 29.90116], [76.56958, 29.89461], [76.5698, 29.8899], [76.57777, 29.88137], [76.57898, 29.87492], [76.5801, 29.87495], [76.59533, 29.87711], [76.60264, 29.89066], [76.60364, 29.89353], [76.59264, 29.90504], [76.59277, 29.91149], [76.59455, 29.91364], [76.60753, 29.91258], [76.61635, 29.9176], [76.61973, 29.92149], [76.62921, 29.91919], [76.64487, 29.91126], [76.64841, 29.91085], [76.65572, 29.9144], [76.6681, 29.91586], [76.67157, 29.9182], [76.67854, 29.9177], [76.68554, 29.92088], [76.68978, 29.91848], [76.6964, 29.92713], [76.69849, 29.9275], [76.71189, 29.92159], [76.71633, 29.92957], [76.72027, 29.92493], [76.7253, 29.92461], [76.72679, 29.92305], [76.74959, 29.92534], [76.7496, 29.90544], [76.74819, 29.90243], [76.73069, 29.88944], [76.72978, 29.88538], [76.72564, 29.88127], [76.73126, 29.87693], [76.73303, 29.87212], [76.74322, 29.87136], [76.75579, 29.86665], [76.76074, 29.87204], [76.76343, 29.87231], [76.76704, 29.87604], [76.77337, 29.87733], [76.78233, 29.87326], [76.78833, 29.87674], [76.79418, 29.87617], [76.79765, 29.88075], [76.80402, 29.88213], [76.80707, 29.88608], [76.80318, 29.88794], [76.80376, 29.89382], [76.80837, 29.89516], [76.80785, 29.89915], [76.81016, 29.90161], [76.81555, 29.90161], [76.82133, 29.89921], [76.82071, 29.89462], [76.82698, 29.89399], [76.83329, 29.8985], [76.83416, 29.90189], [76.83946, 29.89414], [76.83825, 29.89342], [76.84039, 29.88711], [76.84752, 29.88383], [76.85015, 29.88057], [76.86003, 29.87842], [76.86602, 29.88101], [76.87223, 29.8793], [76.87647, 29.88071], [76.88167, 29.88032], [76.8867, 29.88263], [76.8847, 29.88708], [76.8909, 29.89663], [76.89791, 29.89954], [76.89939, 29.91832], [76.90226, 29.92055], [76.90394, 29.9186], [76.91317, 29.91475], [76.92161, 29.91417], [76.92867, 29.91723], [76.93099, 29.92144], [76.92981, 29.92516], [76.93181, 29.92573], [76.95067, 29.91356], [76.95857, 29.91433], [76.9575, 29.91923], [76.95384, 29.92218], [76.95317, 29.92802], [76.95091, 29.92839], [76.94986, 29.93159], [76.9531, 29.93243], [76.95543, 29.93655], [76.95748, 29.93625], [76.95782, 29.93908], [76.96241, 29.938], [76.96662, 29.93933], [76.96577, 29.94312], [76.9717, 29.9446], [76.97958, 29.95137], [76.98407, 29.95312], [76.98493, 29.95556], [76.98218, 29.95696], [76.98348, 29.95858], [76.98575, 29.95588], [76.98814, 29.95594], [76.98858, 29.9574], [76.99337, 29.95135], [76.99596, 29.95296], [76.99953, 29.9517], [77.00071, 29.94974], [77.00442, 29.95148], [77.00704, 29.95644], [77.00986, 29.95275], [77.01592, 29.94905], [77.02268, 29.94692], [77.03399, 29.95506], [77.04869, 29.95256], [77.05371, 29.9462], [77.05967, 29.94598], [77.06546, 29.95193], [77.07506, 29.95075], [77.08158, 29.94798], [77.08438, 29.94987], [77.08403, 29.95151], [77.08762, 29.94956], [77.09773, 29.95078], [77.10026, 29.9572], [77.10495, 29.96019], [77.10332, 29.96419], [77.10525, 29.96818], [77.11246, 29.96891], [77.11526, 29.97074], [77.11286, 29.976], [77.11525, 29.98378], [77.11212, 29.98412], [77.11313, 29.99032], [77.11808, 29.99324], [77.1231, 29.99528], [77.12334, 29.99795], [77.1208, 29.9987], [77.11924, 30.00286], [77.11704, 30.0019], [77.11516, 30.00466], [77.11149, 30.00524], [77.10917, 30.00786], [77.10949, 30.01038], [77.10203, 30.01718], [77.10206, 30.02044], [77.10619, 30.02714], [77.10577, 30.02996], [77.09514, 30.03707], [77.09891, 30.04116], [77.08728, 30.05056], [77.08918, 30.05708], [77.08231, 30.06434], [77.08031, 30.0637], [77.08167, 30.07046], [77.07868, 30.07074], [77.07913, 30.06817], [77.07672, 30.06613], [77.07481, 30.07038], [77.07259, 30.06946], [77.069, 30.0725], [77.07077, 30.08781], [77.06858, 30.09226], [77.06928, 30.09648], [77.07366, 30.09933], [77.07899, 30.09936], [77.0874, 30.10207], [77.0867, 30.10714], [77.09191, 30.11167], [77.08604, 30.11327], [77.08279, 30.11757], [77.07745, 30.11944], [77.07138, 30.12608], [77.0722, 30.12969], [77.06995, 30.13106]]]}}, {"type": "Feature", "properties": {"shapeName": "Jind", "shapeISO": "", "shapeID": "76128533B45106682783501", "shapeGroup": "IND", "shapeType": "ADM2", "district": "Jind"}, "geometry": {"type": "Polygon", "coordinates": [[[76.21627, 29.8407], [76.20614, 29.84111], [76.20132, 29.83661], [76.19775, 29.82738], [76.18539, 29.82047], [76.17855, 29.81449], [76.165, 29.81245], [76.15113, 29.81296], [76.15066, 29.81132], [76.14396, 29.80825], [76.13322, 29.79569], [76.12527, 29.79594], [76.11504, 29.80466], [76.10618, 29.80782], [76.10237, 29.80709], [76.08947, 29.80206], [76.08609, 29.77751], [76.08164, 29.7723], [76.07494, 29.77375], [76.07016, 29.76944], [76.05315, 29.74508], [76.04731, 29.74299], [76.03592, 29.75194], [76.02924, 29.75242], [76.01548, 29.74729], [75.98413, 29.72876], [75.97643, 29.72779], [75.95392, 29.73074], [75.94698, 29.72929], [75.94764, 29.72424], [75.94475, 29.70267], [75.94001, 29.69204], [75.93358, 29.68431], [75.93662, 29.68143], [75.94291, 29.68154], [75.95133, 29.67019], [75.94859, 29.66021], [75.9487, 29.6547], [75.94137, 29.64109], [75.94702, 29.6411], [75.94683, 29.63833], [75.95666, 29.62665], [75.9571, 29.62068], [75.95491, 29.61353], [75.95733, 29.61254], [75.95524, 29.6117], [75.95167, 29.60595], [75.95259, 29.60036], [75.94869, 29.59351], [75.95673, 29.59349], [75.9614, 29.59113], [75.96237, 29.58541], [75.96004, 29.57634], [75.96087, 29.56984], [75.96426, 29.56388], [75.96321, 29.56243], [75.96352, 29.55247], [75.95935, 29.54172], [75.9601, 29.53761], [75.94945, 29.51704], [75.94265, 29.51531], [75.93677, 29.51034], [75.93394, 29.50462], [75.93404, 29.49874], [75.95062, 29.49394], [75.95793, 29.49705], [75.96148, 29.49704], [75.97637, 29.49183], [75.98238, 29.49185], [75.98899, 29.48869], [76.0065, 29.48641], [76.01461, 29.48054], [76.00536, 29.46237], [76.00003, 29.46103], [75.99688, 29.447], [76.00681, 29.44481], [76.00672, 29.44197], [76.013, 29.44233], [76.02045, 29.43724], [76.02071, 29.42723], [76.02407, 29.42591], [76.02467, 29.42403], [76.02814, 29.4225], [76.03041, 29.4272], [76.03683, 29.42697], [76.04063, 29.4305], [76.04562, 29.43222], [76.05201, 29.43974], [76.07757, 29.44132], [76.08153, 29.43998], [76.08091, 29.43842], [76.08371, 29.43644], [76.0811, 29.42947], [76.08324, 29.42461], [76.08203, 29.42278], [76.08518, 29.41112], [76.09443, 29.40361], [76.10002, 29.4039], [76.10825, 29.407], [76.11302, 29.40626], [76.11859, 29.4035], [76.12733, 29.39328], [76.13491, 29.3935], [76.13663, 29.39988], [76.14258, 29.40529], [76.14372, 29.40917], [76.15386, 29.41415], [76.15408, 29.41839], [76.15808, 29.41988], [76.16221, 29.41836], [76.16775, 29.41338], [76.18799, 29.41204], [76.19237, 29.40992], [76.1994, 29.4027], [76.19989, 29.39743], [76.20394, 29.39572], [76.20385, 29.38576], [76.20735, 29.381], [76.20628, 29.37369], [76.2078, 29.37126], [76.2074, 29.36422], [76.19894, 29.35997], [76.1791, 29.34074], [76.19218, 29.33089], [76.20038, 29.32753], [76.21012, 29.31919], [76.19928, 29.30545], [76.19648, 29.29876], [76.18912, 29.29167], [76.18752, 29.28596], [76.19894, 29.27764], [76.20786, 29.26525], [76.20363, 29.26342], [76.20702, 29.25922], [76.21454, 29.25581], [76.21546, 29.25319], [76.21245, 29.24765], [76.22889, 29.23871], [76.22408, 29.22266], [76.2263, 29.21854], [76.24085, 29.21244], [76.24879, 29.21246], [76.25993, 29.20721], [76.26978, 29.20887], [76.275, 29.20709], [76.28132, 29.20861], [76.29076, 29.19932], [76.29362, 29.19241], [76.30094, 29.18813], [76.29912, 29.18249], [76.30092, 29.17731], [76.29623, 29.17728], [76.29927, 29.15536], [76.30396, 29.14473], [76.30653, 29.14252], [76.306, 29.12669], [76.311, 29.12023], [76.31889, 29.11621], [76.31595, 29.10924], [76.30227, 29.09483], [76.30217, 29.08585], [76.31464, 29.08317], [76.32243, 29.08727], [76.33817, 29.0827], [76.3509, 29.08311], [76.35921, 29.07617], [76.38026, 29.06553], [76.38966, 29.06891], [76.39958, 29.07545], [76.40312, 29.07557], [76.4259, 29.06527], [76.43246, 29.05981], [76.44419, 29.05538], [76.44816, 29.06127], [76.45538, 29.06072], [76.46248, 29.0658], [76.46784, 29.07443], [76.47002, 29.08268], [76.47396, 29.08299], [76.47827, 29.09204], [76.48191, 29.10698], [76.48645, 29.11558], [76.48776, 29.13096], [76.49004, 29.13649], [76.49968, 29.1509], [76.50602, 29.15578], [76.51176, 29.15585], [76.51293, 29.16313], [76.49794, 29.1753], [76.4964, 29.17801], [76.49646, 29.18462], [76.49414, 29.18937], [76.49139, 29.20658], [76.47875, 29.22212], [76.47748, 29.23535], [76.47531, 29.23786], [76.48417, 29.24246], [76.48654, 29.24045], [76.51289, 29.23216], [76.52613, 29.23152], [76.52471, 29.22529], [76.52558, 29.2211], [76.53482, 29.21384], [76.54331, 29.20975], [76.55144, 29.21027], [76.5606, 29.20831], [76.56933, 29.22641], [76.56332, 29.23604], [76.56496, 29.23919], [76.56337, 29.24377], [76.55848, 29.25316], [76.55498, 29.25654], [76.56241, 29.2711], [76.59067, 29.24061], [76.59099, 29.24384], [76.59813, 29.25511], [76.60147, 29.25746], [76.60093, 29.26133], [76.60284, 29.26558], [76.57858, 29.28462], [76.58709, 29.28478], [76.59832, 29.28016], [76.60583, 29.2883], [76.61154, 29.28904], [76.62162, 29.2846], [76.63501, 29.27471], [76.64687, 29.2734], [76.65031, 29.26822], [76.65698, 29.26539], [76.66678, 29.26385], [76.67364, 29.26566], [76.67932, 29.26462], [76.68287, 29.26937], [76.68321, 29.27399], [76.67798, 29.2803], [76.67269, 29.27856], [76.6555, 29.28343], [76.64496, 29.2882], [76.63746, 29.29735], [76.64251, 29.30518], [76.63267, 29.31447], [76.63791, 29.32085], [76.64186, 29.33033], [76.64672, 29.33247], [76.64904, 29.33818], [76.64752, 29.34949], [76.65018, 29.36652], [76.65195, 29.36891], [76.66185, 29.37046], [76.67249, 29.37546], [76.68637, 29.37664], [76.68911, 29.37882], [76.68777, 29.38149], [76.69075, 29.38351], [76.71133, 29.38174], [76.7184, 29.38649], [76.73531, 29.38799], [76.73582, 29.39414], [76.74126, 29.40655], [76.7335, 29.40964], [76.7318, 29.41233], [76.74283, 29.42833], [76.74175, 29.43185], [76.74643, 29.43323], [76.7479, 29.43619], [76.75074, 29.43757], [76.74803, 29.44118], [76.7492, 29.44534], [76.75545, 29.45796], [76.7632, 29.46563], [76.75565, 29.46522], [76.74842, 29.47179], [76.74641, 29.47758], [76.73518, 29.48096], [76.71833, 29.48218], [76.71572, 29.47763], [76.71017, 29.47429], [76.69264, 29.47608], [76.68858, 29.47675], [76.68144, 29.48264], [76.67805, 29.482], [76.66646, 29.48542], [76.66264, 29.48877], [76.65551, 29.49108], [76.6499, 29.48806], [76.64296, 29.4742], [76.63387, 29.46918], [76.60853, 29.48055], [76.60545, 29.47864], [76.60582, 29.47518], [76.59578, 29.47544], [76.58499, 29.46453], [76.58371, 29.46572], [76.57444, 29.46618], [76.57058, 29.46215], [76.55721, 29.46139], [76.5356, 29.45632], [76.52376, 29.46574], [76.52909, 29.48102], [76.52255, 29.48032], [76.51887, 29.48449], [76.51001, 29.48466], [76.50373, 29.48688], [76.50437, 29.49294], [76.5017, 29.50202], [76.4988, 29.5034], [76.4967, 29.51524], [76.48821, 29.52624], [76.48962, 29.53076], [76.48685, 29.53632], [76.48658, 29.54161], [76.46334, 29.54871], [76.4546, 29.54679], [76.45282, 29.53679], [76.44885, 29.5315], [76.43986, 29.529], [76.43769, 29.52978], [76.4381, 29.53404], [76.43614, 29.53955], [76.43096, 29.54489], [76.42208, 29.54152], [76.41482, 29.5406], [76.41715, 29.53636], [76.41635, 29.5342], [76.40595, 29.53033], [76.39611, 29.5314], [76.39267, 29.52938], [76.38243, 29.52718], [76.37394, 29.52748], [76.36823, 29.53038], [76.36241, 29.53576], [76.36106, 29.54786], [76.3555, 29.55276], [76.34986, 29.55526], [76.35209, 29.56175], [76.35938, 29.56918], [76.35179, 29.57978], [76.34611, 29.58252], [76.34287, 29.57924], [76.32924, 29.57961], [76.31698, 29.58587], [76.31032, 29.58474], [76.29864, 29.58971], [76.2916, 29.57685], [76.30185, 29.5573], [76.29461, 29.5515], [76.28216, 29.54672], [76.2781, 29.54684], [76.27093, 29.5507], [76.26698, 29.55738], [76.26923, 29.5724], [76.2661, 29.57432], [76.26693, 29.5763], [76.26224, 29.58029], [76.26022, 29.58452], [76.25197, 29.5851], [76.2485, 29.58832], [76.24325, 29.58865], [76.23926, 29.59324], [76.24296, 29.59688], [76.24305, 29.60192], [76.24162, 29.60304], [76.24139, 29.6093], [76.23466, 29.61898], [76.22519, 29.61972], [76.22269, 29.62205], [76.21885, 29.62265], [76.21794, 29.62554], [76.21349, 29.62952], [76.19492, 29.64053], [76.19977, 29.64738], [76.20331, 29.66456], [76.19521, 29.67158], [76.19294, 29.67943], [76.18468, 29.68334], [76.17045, 29.68568], [76.16924, 29.68863], [76.16938, 29.69223], [76.1739, 29.69974], [76.17559, 29.70739], [76.18447, 29.71958], [76.18162, 29.72686], [76.18294, 29.73324], [76.18048, 29.73678], [76.18516, 29.73863], [76.19558, 29.74679], [76.19848, 29.74698], [76.19921, 29.75259], [76.20386, 29.7572], [76.19689, 29.76357], [76.20261, 29.76644], [76.20764, 29.77417], [76.21059, 29.77573], [76.21093, 29.7813], [76.20818, 29.7874], [76.21791, 29.79531], [76.21631, 29.79763], [76.21888, 29.80294], [76.21775, 29.80553], [76.21962, 29.80651], [76.22086, 29.81117], [76.21607, 29.81397], [76.21983, 29.81855], [76.21011, 29.82385], [76.21337, 29.83662], [76.21627, 29.8407]]]}}, {"type": "Feature", "properties": {"shapeName": "Panipat", "shapeISO": "", "shapeID": "76128533B86048662040782", "shapeGroup": "IND", "shapeType": "ADM2", "district": "Panipat"}, "geometry": {"type": "Polygon", "coordinates": [[[77.14398, 29.16681], [77.14786, 29.18034], [77.14445, 29.18301], [77.14092, 29.19199], [77.14404, 29.19434], [77.14304, 29.20338], [77.13502, 29.20989], [77.13189, 29.21727], [77.13418, 29.22335], [77.1486, 29.23026], [77.15076, 29.23284], [77.14943, 29.2394], [77.15019, 29.24938], [77.1462, 29.25735], [77.14078, 29.26098], [77.13957, 29.26774], [77.1446, 29.27651], [77.14576, 29.28323], [77.15017, 29.28798], [77.15305, 29.29744], [77.15898, 29.30276], [77.16132, 29.31214], [77.16089, 29.3157], [77.15717, 29.31916], [77.1575, 29.32508], [77.16154, 29.33002], [77.16108, 29.33539], [77.15243, 29.34098], [77.14274, 29.33964], [77.13196, 29.34114], [77.12869, 29.34413], [77.12525, 29.35131], [77.12959, 29.3568], [77.12428, 29.36712], [77.12398, 29.37021], [77.12747, 29.37345], [77.12768, 29.37548], [77.14344, 29.37711], [77.15807, 29.38716], [77.15398, 29.39049], [77.15172, 29.3898], [77.15222, 29.38737], [77.14811, 29.38769], [77.13841, 29.39509], [77.13636, 29.39969], [77.1341, 29.40095], [77.13495, 29.40473], [77.13249, 29.4127], [77.1337, 29.41863], [77.14511, 29.42642], [77.14912, 29.43394], [77.14519, 29.44528], [77.13461, 29.44737], [77.12391, 29.45523], [77.12335, 29.46876], [77.13296, 29.47804], [77.13407, 29.48248], [77.13259, 29.48487], [77.11842, 29.46989], [77.11008, 29.4655], [77.09827, 29.46367], [77.08815, 29.45808], [77.08637, 29.45363], [77.07874, 29.44896], [77.07802, 29.44515], [77.06867, 29.44075], [77.06265, 29.44099], [77.05513, 29.4493], [77.04096, 29.44899], [77.03734, 29.45182], [77.03191, 29.45096], [77.03136, 29.44956], [77.02496, 29.4475], [77.02365, 29.44527], [77.01178, 29.44705], [77.00844, 29.44596], [77.00935, 29.44933], [77.00071, 29.45023], [77.0008, 29.45195], [76.99471, 29.45553], [76.99037, 29.45173], [76.98893, 29.44564], [76.96728, 29.4427], [76.96339, 29.44321], [76.96196, 29.44434], [76.96266, 29.44577], [76.96658, 29.44821], [76.96723, 29.45166], [76.97987, 29.45612], [76.97874, 29.46135], [76.97479, 29.45976], [76.96744, 29.46137], [76.95811, 29.4681], [76.93669, 29.47646], [76.92942, 29.48235], [76.92403, 29.4833], [76.91631, 29.48255], [76.90936, 29.46915], [76.90268, 29.46991], [76.88195, 29.49195], [76.87384, 29.49041], [76.87006, 29.49112], [76.86221, 29.48892], [76.85667, 29.49009], [76.84959, 29.49475], [76.84519, 29.50066], [76.83851, 29.50271], [76.82958, 29.51193], [76.81902, 29.51387], [76.81949, 29.50743], [76.81173, 29.49027], [76.80161, 29.48012], [76.79616, 29.46652], [76.79203, 29.4657], [76.785, 29.46723], [76.77234, 29.47738], [76.77172, 29.47031], [76.76588, 29.46561], [76.7632, 29.46563], [76.75545, 29.45796], [76.7492, 29.44534], [76.74803, 29.44118], [76.75074, 29.43757], [76.7479, 29.43619], [76.74643, 29.43323], [76.74175, 29.43185], [76.74283, 29.42833], [76.7318, 29.41233], [76.7335, 29.40964], [76.74126, 29.40655], [76.73582, 29.39414], [76.73531, 29.38799], [76.7184, 29.38649], [76.71133, 29.38174], [76.69075, 29.38351], [76.68777, 29.38149], [76.68911, 29.37882], [76.68637, 29.37664], [76.67249, 29.37546], [76.66185, 29.37046], [76.65195, 29.36891], [76.65018, 29.36652], [76.64752, 29.34949], [76.64904, 29.33818], [76.64672, 29.33247], [76.64186, 29.33033], [76.63791, 29.32085], [76.63267, 29.31447], [76.64251, 29.30518], [76.63746, 29.29735], [76.64496, 29.2882], [76.6555, 29.28343], [76.67269, 29.27856], [76.67798, 29.2803], [76.68321, 29.27399], [76.68287, 29.26937], [76.70958, 29.26089], [76.71446, 29.25805], [76.71478, 29.25113], [76.71901, 29.2508], [76.72593, 29.25272], [76.72854, 29.25672], [76.73398, 29.25535], [76.75378, 29.26252], [76.77036, 29.27972], [76.7802, 29.28187], [76.78287, 29.27725], [76.79702, 29.27233], [76.79879, 29.25784], [76.79384, 29.25062], [76.7976, 29.24852], [76.79619, 29.24622], [76.80174, 29.23905], [76.8031, 29.22744], [76.81198, 29.22165], [76.81168, 29.21801], [76.81851, 29.21617], [76.81998, 29.21379], [76.82448, 29.21161], [76.84278, 29.20548], [76.85517, 29.20602], [76.86167, 29.19804], [76.87631, 29.19174], [76.88638, 29.19437], [76.89048, 29.19932], [76.89027, 29.20625], [76.89259, 29.20691], [76.89512, 29.2103], [76.90416, 29.21227], [76.90616, 29.21451], [76.91034, 29.21402], [76.91885, 29.21922], [76.9283, 29.21341], [76.93198, 29.21401], [76.93956, 29.20853], [76.94807, 29.20891], [76.96025, 29.20497], [76.96804, 29.19694], [76.96447, 29.19367], [76.97612, 29.18984], [76.98772, 29.18774], [76.9921, 29.1898], [77.00071, 29.18448], [77.00181, 29.1875], [77.00782, 29.18895], [77.00819, 29.18554], [77.01873, 29.18526], [77.02956, 29.1775], [77.05097, 29.18428], [77.05335, 29.18136], [77.05269, 29.17618], [77.06059, 29.17267], [77.06206, 29.17568], [77.07576, 29.17562], [77.07899, 29.17941], [77.08819, 29.1751], [77.09284, 29.16614], [77.09823, 29.1616], [77.11064, 29.16855], [77.11502, 29.16947], [77.14398, 29.16681]]]}}, {"type": "Feature", "properties": {"shapeName": "Mahendragarh", "shapeISO": "", "shapeID": "76128533B64161607349718", "shapeGroup": "IND", "shapeType": "ADM2", "district": "Mahendragarh"}, "geometry": {"type": "Polygon", "coordinates": [[[76.28564, 28.43151], [76.28487, 28.43086], [76.28433, 28.43073], [76.28389, 28.43074], [76.27454, 28.43352], [76.27235, 28.4343], [76.27151, 28.43429], [76.26682, 28.43526], [76.26658, 28.43731], [76.26495, 28.43692], [76.26439, 28.43724], [76.26178, 28.4378], [76.26161146041089, 28.43783370791782], [76.26148, 28.43786], [76.25981, 28.4382], [76.25979214792945, 28.438179514017392], [76.2592, 28.4375], [76.25853, 28.43736], [76.25765, 28.43747], [76.25641, 28.43783], [76.2560403898472, 28.437907812663745], [76.25603, 28.43791], [76.25494, 28.43583], [76.25306, 28.4362], [76.25242, 28.43628], [76.25071, 28.43644], [76.25071, 28.43677], [76.24814, 28.43777], [76.24808, 28.43826], [76.24696, 28.44039], [76.24683, 28.44068], [76.246, 28.44146], [76.24571, 28.44989], [76.24582, 28.45105], [76.24644, 28.45364], [76.24642, 28.4557], [76.24641, 28.45683], [76.24628, 28.45788], [76.24623063295573, 28.457884231460937], [76.24558, 28.45794], [76.24551, 28.45794], [76.24551583011046, 28.458023079074174], [76.24559, 28.45908], [76.24547977294289, 28.459135397618915], [76.24171, 28.46103], [76.23783, 28.46373], [76.23692, 28.4645], [76.23448, 28.4658], [76.23337647300008, 28.466202133000024], [76.23212, 28.46666], [76.22986, 28.46691], [76.22423, 28.46774], [76.22329501300004, 28.467880740000055], [76.22202, 28.46807], [76.22082, 28.46833], [76.21898591192632, 28.46878624081435], [76.21881, 28.46883], [76.21863, 28.46825], [76.21814, 28.46665], [76.21653, 28.46353], [76.21515, 28.4583], [76.21271, 28.44298], [76.20759, 28.44346], [76.20511, 28.44336], [76.20268, 28.44285], [76.20051, 28.44277], [76.19873, 28.4424], [76.18975, 28.44319], [76.18766, 28.43831], [76.18749, 28.43814], [76.18711, 28.43775], [76.18685, 28.43671], [76.18632, 28.43466], [76.18527, 28.43172], [76.18415, 28.42956], [76.18144, 28.42971], [76.17153, 28.43085], [76.16695, 28.43133], [76.16655, 28.44102], [76.16513, 28.4422], [76.16513, 28.4436], [76.16428, 28.44685], [76.16334, 28.44971], [76.15937, 28.45075], [76.16005, 28.4517], [76.16042, 28.45241], [76.16077, 28.45369], [76.16176, 28.45552], [76.16229, 28.45732], [76.1605, 28.45784], [76.16046, 28.46143], [76.1605, 28.46172], [76.15362, 28.4634], [76.15191, 28.45718], [76.15179, 28.45688], [76.14971, 28.45151], [76.14341, 28.45291], [76.14005, 28.45279], [76.13096, 28.45419], [76.11957, 28.45349], [76.11357, 28.45097], [76.11014, 28.44901], [76.10854, 28.44744], [76.10602, 28.43875], [76.10259, 28.43609], [76.10201, 28.43536], [76.09906, 28.43106], [76.09772, 28.43109], [76.09408, 28.42821], [76.09065, 28.42167], [76.08996, 28.41935], [76.09012, 28.41804], [76.09063, 28.41626], [76.09087, 28.41307], [76.09116, 28.41257], [76.08889, 28.41068], [76.08825, 28.41003], [76.08856, 28.40487], [76.08449, 28.40021], [76.0829, 28.39782], [76.08295, 28.39276], [76.07545, 28.3919], [76.07487, 28.39186], [76.06644, 28.39066], [76.06011, 28.38982], [76.05888, 28.3899], [76.05758, 28.39008], [76.0557, 28.39043], [76.05584, 28.39173], [76.04805, 28.39175], [76.04444, 28.39165], [76.03801, 28.38975], [76.03774, 28.38916], [76.03236, 28.38885], [76.03081, 28.38731], [76.02848, 28.38742], [76.02816, 28.38602], [76.02288, 28.386], [76.02254, 28.38565], [76.02069, 28.38559], [76.01991, 28.38557], [76.01836, 28.38602], [76.01831, 28.3864], [76.0187, 28.38763], [76.01755, 28.38787], [76.01854, 28.3915], [76.01897, 28.39379], [76.01634, 28.39468], [76.01579, 28.39574], [76.01585, 28.39628], [76.01607, 28.39802], [76.01797, 28.40384], [76.01839, 28.40523], [76.01920896600006, 28.408701300000075], [76.01927, 28.40896], [76.01593, 28.40957], [76.01531, 28.40883], [76.01497054000004, 28.40798983800005], [76.01491, 28.40784], [76.01349, 28.40795], [76.01081, 28.40857], [76.01131, 28.4134], [76.01196, 28.41691], [76.01223, 28.41838], [76.01329, 28.42448], [76.01358, 28.42753], [76.01382, 28.42931], [76.01491, 28.43209], [76.01392, 28.43249], [76.01399913976049, 28.432730936604145], [76.01437, 28.43386], [76.01412302295752, 28.433969767574435], [76.01376248200006, 28.434130008000068], [76.01302, 28.43446], [76.01204, 28.43488], [76.00907, 28.43583], [76.00542, 28.4367], [76.00426271396697, 28.43688459777214], [76.00379, 28.43696], [76.00275, 28.43712], [76.00083, 28.43716], [75.99625, 28.43927], [75.99019, 28.44061], [75.99020460500003, 28.440756054000076], [75.99035, 28.44221], [75.98586, 28.44305], [75.9823, 28.44485], [75.98103, 28.44457], [75.98053, 28.44418], [75.98008, 28.44353], [75.97961, 28.44317], [75.97776, 28.44295], [75.97732, 28.44292], [75.97352, 28.44265], [75.96816, 28.44178], [75.96133, 28.43822], [75.9553, 28.43611], [75.95426, 28.43586], [75.95285, 28.4357], [75.95179, 28.43566], [75.94837, 28.43644], [75.94377, 28.43665], [75.94321, 28.43659], [75.93024, 28.43569], [75.92611, 28.43533], [75.92035, 28.43424], [75.91405, 28.43374], [75.91156, 28.43325], [75.90439, 28.43169], [75.90521, 28.42935], [75.90415, 28.42675], [75.90118, 28.42573], [75.89953, 28.42558], [75.89871, 28.42553], [75.89821, 28.42328], [75.90138, 28.42259], [75.89853, 28.41563], [75.90448, 28.41071], [75.90274, 28.40782], [75.89977, 28.40829], [75.90142, 28.39928], [75.89717, 28.39806], [75.89722, 28.39002], [75.89604, 28.38755], [75.89847, 28.38376], [75.90016, 28.38389], [75.8993, 28.38027], [75.90108, 28.37799], [75.90148, 28.37173], [75.9057, 28.37321], [75.90926, 28.37252], [75.90939, 28.37085], [75.9191, 28.37194], [75.91756, 28.36732], [75.92324, 28.36636], [75.92441, 28.36329], [75.92799, 28.36284], [75.93098, 28.35471], [75.9294, 28.34306], [75.93286, 28.34285], [75.93383, 28.33655], [75.93936, 28.33728], [75.94872, 28.33382], [75.95588, 28.33371], [75.95586, 28.33109], [75.95318, 28.33095], [75.95312, 28.32915], [75.95766, 28.32669], [75.9587, 28.31377], [75.97335, 28.31852], [75.9743, 28.31485], [75.97892, 28.30927], [75.97881, 28.30181], [75.98266, 28.29947], [75.98707, 28.29306], [76.00383, 28.28398], [76.02717, 28.27498], [76.02338, 28.27003], [76.01385, 28.24599], [76.01407, 28.244], [76.01741, 28.24114], [76.01724, 28.23685], [76.02741, 28.2326], [76.03812, 28.22561], [76.03867, 28.22265], [76.05676, 28.22006], [76.05658, 28.21256], [76.05327, 28.20397], [76.0483, 28.20274], [76.0482, 28.19809], [76.05181, 28.19802], [76.05235, 28.19624], [76.07277, 28.19428], [76.07298, 28.19013], [76.07523, 28.19008], [76.07485, 28.17354], [76.07718, 28.1733], [76.07701, 28.1685], [76.0947, 28.15265], [76.09673, 28.14862], [76.09583, 28.14136], [76.09404, 28.14133], [76.09378, 28.13998], [76.08872, 28.13994], [76.08525, 28.13688], [76.07385, 28.13757], [76.06622, 28.14148], [76.07046, 28.15574], [76.07148, 28.1651], [76.06106, 28.16686], [76.0431, 28.16543], [76.03264, 28.16781], [76.03088, 28.16404], [76.02697, 28.16405], [76.0177, 28.15004], [76.00834, 28.1531], [76.0049, 28.14768], [76.00538, 28.14422], [76.00364, 28.14237], [76.00145, 28.13316], [76.0052, 28.13194], [75.99991, 28.12316], [75.98904, 28.125], [75.97752, 28.12471], [75.96825, 28.11378], [75.96257, 28.11476], [75.94658, 28.10727], [75.93948, 28.0879], [75.95082, 28.08605], [75.95795, 28.08229], [75.96547, 28.08043], [75.97311, 28.08323], [75.98424, 28.08131], [75.9837, 28.07661], [75.98948, 28.06897], [75.98918, 28.06625], [75.98351, 28.05737], [75.98018, 28.05789], [75.97571, 28.05095], [75.98528, 28.04705], [75.99372, 28.0463], [75.99557, 28.05217], [76.00083, 28.05721], [76.00829, 28.05865], [76.01072, 28.06759], [76.01681, 28.07346], [76.02417, 28.08597], [76.03959, 28.07819], [76.03811, 28.07594], [76.04164, 28.07401], [76.03967, 28.06929], [76.03456, 28.0633], [76.03044, 28.0614], [76.0262, 28.0542], [76.00929, 28.05852], [76.00972, 28.05523], [76.01798, 28.05267], [76.01953, 28.04197], [76.01726, 28.03047], [75.99859, 28.03298], [75.99686, 28.03825], [75.99547, 28.03848], [75.99437, 28.03517], [75.99052, 28.03579], [75.98987, 28.03356], [75.98432, 28.03135], [75.9778, 28.03134], [75.97358, 28.0236], [75.97197, 28.01604], [75.99606, 28.00875], [75.99639, 28.00686], [75.99071, 27.99536], [75.97979, 27.99998], [75.96859, 27.99998], [75.96588, 27.99629], [75.96667, 27.98358], [75.96964, 27.98091], [75.98678, 27.97859], [75.99072, 27.9823], [76.00023, 27.97713], [75.99945, 27.97545], [75.99487, 27.97544], [75.98865, 27.96781], [75.98209, 27.96451], [75.97814, 27.95427], [75.98337, 27.95105], [75.97379, 27.93215], [75.96931, 27.93207], [75.96671, 27.93545], [75.95917, 27.93609], [75.95933, 27.9389], [75.95673, 27.93967], [75.9568, 27.94185], [75.9547, 27.94399], [75.95075, 27.94457], [75.94899, 27.94686], [75.9381, 27.93967], [75.93189, 27.93028], [75.93433, 27.92897], [75.9408, 27.92234], [75.94018, 27.92102], [75.93804, 27.92208], [75.93547, 27.9187], [75.93802, 27.91796], [75.93897, 27.91447], [75.94316, 27.91337], [75.96909, 27.9141], [75.98784, 27.90371], [75.97994, 27.89552], [75.97332, 27.89167], [75.98523, 27.88243], [75.97823, 27.87426], [75.97967, 27.8659], [75.97236, 27.8603], [75.97142, 27.85229], [75.98799, 27.84214], [76.00549, 27.83442], [76.00731, 27.83905], [76.0104, 27.8415], [76.02813, 27.83851], [76.03107, 27.84003], [76.0371, 27.83738], [76.04108, 27.83892], [76.04172, 27.84126], [76.04892, 27.83497], [76.06149, 27.84827], [76.07651, 27.84346], [76.08117, 27.84563], [76.08753, 27.84458], [76.08765, 27.84794], [76.08951, 27.86064], [76.09929, 27.85661], [76.10673, 27.85608], [76.11616, 27.85045], [76.11748, 27.85194], [76.12416, 27.85101], [76.12863, 27.8437], [76.13623, 27.83927], [76.1331, 27.82446], [76.14534, 27.82271], [76.1545, 27.81972], [76.15393, 27.81528], [76.15903, 27.81474], [76.16466, 27.81186], [76.17283, 27.80538], [76.17292, 27.79962], [76.17983, 27.79722], [76.18375, 27.79776], [76.19414, 27.80913], [76.20148, 27.82143], [76.20861, 27.81864], [76.20836, 27.81703], [76.21051, 27.81614], [76.21909, 27.81664], [76.22686, 27.83324], [76.21074, 27.83989], [76.21405, 27.84632], [76.19569, 27.85938], [76.19566, 27.87526], [76.19629, 27.87729], [76.20216, 27.87811], [76.20396, 27.8872], [76.20335, 27.89242], [76.18797, 27.89886], [76.17004, 27.90326], [76.17051, 27.91515], [76.17577, 27.9297], [76.17917, 27.93025], [76.18428, 27.95181], [76.18181, 27.95275], [76.18254, 27.95701], [76.18434, 27.96188], [76.1858, 27.96154], [76.18848, 27.96537], [76.16534, 27.9733], [76.16785, 27.97679], [76.16871, 27.98275], [76.15944, 27.98709], [76.16019, 27.99129], [76.16399, 28.0013], [76.17143, 28.0073], [76.17877, 28.02143], [76.1862, 28.02025], [76.19766, 28.01544], [76.20518, 28.0279], [76.21631, 28.02622], [76.21799, 28.0354], [76.20451, 28.03775], [76.20259, 28.02931], [76.19788, 28.03027], [76.1914, 28.03433], [76.19064, 28.03649], [76.17982, 28.04548], [76.18229, 28.0544], [76.18999, 28.05323], [76.19138, 28.05633], [76.20106, 28.05559], [76.20301, 28.0583], [76.21042, 28.05583], [76.20944, 28.05223], [76.22106, 28.04886], [76.22195, 28.05019], [76.22983, 28.04803], [76.23257, 28.05101], [76.23949, 28.04953], [76.24481, 28.06424], [76.2574, 28.06764], [76.26178, 28.06749], [76.28391, 28.05733], [76.28499, 28.05146], [76.29437, 28.04917], [76.29199, 28.03454], [76.29296, 28.02584], [76.29973, 28.0225], [76.31384, 28.01882], [76.31438, 28.01704], [76.32082, 28.01528], [76.32261, 28.01577], [76.32486, 28.02141], [76.3303, 28.01827], [76.34419, 28.03044], [76.35146, 28.04575], [76.35841, 28.06735], [76.35696, 28.06798], [76.35749, 28.0706], [76.35355, 28.07174], [76.35231, 28.06984], [76.34532, 28.07008], [76.34577, 28.07129], [76.33487, 28.07671], [76.33608, 28.07979], [76.33074, 28.08755], [76.32446, 28.09081], [76.32064, 28.08869], [76.30332, 28.09774], [76.31115, 28.10806], [76.31946, 28.10764], [76.33839, 28.10238], [76.34834, 28.11244], [76.35232, 28.11407], [76.36174, 28.12479], [76.35602, 28.1277], [76.33502, 28.13344], [76.33536, 28.13612], [76.33251, 28.13691], [76.3337, 28.13915], [76.33179, 28.14263], [76.32285, 28.14844], [76.3161, 28.15047], [76.31452, 28.14707], [76.31253, 28.14721], [76.31192, 28.1455], [76.29947, 28.14899], [76.29975, 28.15199], [76.30524, 28.1547], [76.30644, 28.15929], [76.30351, 28.15845], [76.30335, 28.15988], [76.28259, 28.16541], [76.28432, 28.17115], [76.29144, 28.17006], [76.29415, 28.1791], [76.30685, 28.17555], [76.30921, 28.17888], [76.3124, 28.17802], [76.31304, 28.18522], [76.3099, 28.18708], [76.3107, 28.19089], [76.30448, 28.19322], [76.306, 28.20348], [76.3148, 28.20301], [76.31593, 28.20482], [76.32152, 28.20629], [76.32791, 28.22376], [76.34149, 28.22268], [76.34248, 28.22423], [76.34932, 28.24887], [76.3472, 28.25411], [76.34983, 28.25613], [76.35111, 28.26056], [76.34824, 28.26292], [76.34791, 28.26531], [76.34304, 28.26683], [76.34381, 28.27292], [76.34698, 28.27281], [76.35232, 28.28065], [76.35358, 28.28556], [76.3525, 28.29013], [76.35002, 28.29238], [76.35015, 28.2956], [76.34803, 28.29625], [76.3473, 28.30644], [76.34785, 28.3086], [76.34959, 28.30798], [76.35134, 28.31114], [76.35636, 28.31012], [76.35877, 28.32075], [76.36826, 28.32269], [76.36872, 28.33492], [76.35746, 28.34346], [76.35807, 28.35615], [76.35569, 28.36557], [76.34788, 28.36618], [76.33631, 28.36443], [76.33515, 28.36269], [76.32942, 28.36409], [76.3286, 28.37172], [76.30662, 28.3761], [76.29835, 28.3827], [76.29781, 28.3917], [76.30259, 28.40146], [76.28988, 28.40256], [76.28086, 28.40558], [76.28863, 28.42835], [76.28564, 28.43151]]]}}, {"type": "Feature", "properties": {"shapeName": "Fatehabad", "shapeISO": "", "shapeID": "76128533B10727492375508", "shapeGroup": "IND", "shapeType": "ADM2", "district": "Fatehabad"}, "geometry": {"type": "Polygon", "coordinates": [[[75.94698, 29.72929], [75.9347, 29.73139], [75.92551, 29.73527], [75.91469, 29.7428], [75.90882, 29.75206], [75.89081, 29.74362], [75.87531, 29.74891], [75.86576, 29.76682], [75.85519, 29.77259], [75.84229, 29.79284], [75.84087, 29.79837], [75.84369, 29.79759], [75.84573, 29.79318], [75.85008, 29.79483], [75.85153, 29.81263], [75.84938, 29.81538], [75.82941, 29.81544], [75.82134, 29.8131], [75.81469, 29.81361], [75.81303, 29.8114], [75.81443, 29.80619], [75.80763, 29.80386], [75.79484, 29.81204], [75.78323, 29.82217], [75.77501, 29.81875], [75.77219, 29.81546], [75.75987, 29.80894], [75.73754, 29.80837], [75.72141, 29.80914], [75.71744, 29.80552], [75.70886, 29.75207], [75.69882, 29.74865], [75.68971, 29.75396], [75.6776, 29.76963], [75.66782, 29.77301], [75.65229, 29.76808], [75.63675, 29.77022], [75.63396, 29.75062], [75.62455, 29.74346], [75.60405, 29.74618], [75.58008, 29.73969], [75.57655, 29.7407], [75.57348, 29.74411], [75.56773, 29.76295], [75.55549, 29.76891], [75.54151, 29.76988], [75.53527, 29.76442], [75.52675, 29.76074], [75.52551, 29.75872], [75.52239, 29.75879], [75.51761, 29.77127], [75.46296, 29.80107], [75.45199, 29.80155], [75.44675, 29.79621], [75.45441, 29.79151], [75.45505, 29.78352], [75.44587, 29.77763], [75.43098, 29.77176], [75.42119, 29.77271], [75.4084, 29.75842], [75.40794, 29.74606], [75.402, 29.736], [75.39483, 29.73143], [75.39328, 29.72447], [75.39468, 29.71771], [75.38983, 29.70871], [75.38108, 29.71048], [75.37299, 29.71032], [75.36959, 29.7032], [75.36371, 29.70194], [75.35222, 29.6927], [75.34634, 29.69133], [75.34495, 29.68548], [75.35699, 29.66885], [75.36113, 29.6567], [75.35773, 29.65631], [75.35243, 29.65957], [75.3411, 29.66975], [75.33354, 29.66989], [75.32866, 29.66819], [75.32714, 29.6583], [75.31838, 29.63005], [75.31191, 29.62457], [75.29867, 29.61728], [75.29136, 29.60763], [75.29112, 29.60077], [75.30438, 29.59515], [75.31279, 29.58945], [75.31527, 29.58594], [75.31563, 29.58105], [75.3138, 29.57651], [75.30253, 29.56059], [75.30382, 29.55942], [75.30188, 29.55578], [75.30473, 29.5496], [75.30373, 29.54169], [75.29782, 29.53791], [75.29578, 29.53361], [75.29699, 29.52971], [75.30318, 29.52401], [75.29658, 29.52342], [75.29008, 29.51835], [75.2789, 29.51488], [75.2749, 29.50909], [75.28125, 29.49991], [75.2886, 29.4935], [75.28202, 29.47972], [75.28191, 29.47351], [75.29302, 29.4525], [75.30299, 29.44211], [75.30204, 29.43912], [75.28639, 29.42264], [75.26694, 29.42247], [75.24191, 29.41833], [75.23595, 29.4186], [75.23446, 29.41147], [75.22096, 29.39758], [75.22862, 29.37969], [75.24421, 29.37627], [75.26445, 29.35999], [75.26609, 29.34557], [75.25869, 29.33987], [75.25714, 29.33681], [75.23652, 29.33565], [75.23436, 29.33188], [75.23088, 29.33067], [75.23081, 29.32859], [75.22935, 29.32887], [75.22924, 29.32722], [75.2267, 29.3258], [75.23638, 29.31004], [75.2421, 29.2969], [75.23495, 29.2686], [75.24613, 29.25013], [75.25664, 29.25169], [75.28448, 29.24967], [75.28709, 29.27165], [75.28414, 29.27152], [75.28068, 29.2765], [75.2786, 29.2766], [75.27784, 29.28238], [75.26982, 29.28928], [75.26946, 29.29179], [75.27181, 29.29303], [75.27112, 29.29757], [75.27922, 29.30153], [75.28235, 29.30477], [75.28807, 29.30489], [75.29125, 29.30985], [75.30309, 29.31379], [75.3154, 29.30844], [75.31941, 29.30534], [75.31934, 29.30317], [75.3273, 29.30825], [75.34066, 29.31108], [75.34554, 29.30711], [75.34495, 29.30551], [75.34711, 29.30495], [75.35969, 29.31001], [75.36725, 29.30989], [75.38201, 29.31238], [75.39975, 29.31776], [75.39968, 29.33727], [75.40224, 29.34234], [75.39416, 29.34399], [75.38693, 29.35449], [75.38601, 29.36289], [75.38773, 29.37145], [75.39083, 29.37701], [75.41036, 29.37897], [75.41508, 29.38172], [75.42113, 29.38186], [75.4194, 29.39681], [75.42043, 29.40476], [75.41535, 29.41452], [75.41769, 29.41469], [75.42012, 29.41251], [75.4305, 29.40885], [75.44777, 29.40832], [75.45965, 29.40185], [75.47334, 29.40112], [75.48213, 29.4029], [75.48361, 29.38935], [75.49115, 29.39292], [75.51726, 29.39793], [75.51991, 29.38684], [75.52253, 29.38509], [75.52424, 29.37544], [75.53036, 29.3623], [75.56035, 29.36013], [75.56164, 29.35688], [75.57394, 29.35995], [75.58161, 29.35861], [75.58492, 29.35466], [75.58621, 29.3417], [75.59031, 29.33689], [75.59488, 29.33599], [75.60372, 29.34028], [75.6055, 29.34455], [75.60514, 29.3537], [75.5961, 29.3609], [75.60523, 29.37117], [75.61677, 29.37078], [75.61654, 29.38346], [75.6142, 29.38507], [75.61703, 29.40147], [75.62118, 29.40305], [75.62285, 29.40772], [75.62792, 29.4108], [75.63082, 29.41581], [75.63528, 29.41651], [75.64013, 29.41463], [75.64425, 29.41858], [75.66286, 29.42438], [75.68006, 29.42549], [75.70142, 29.42406], [75.70428, 29.42434], [75.71064, 29.42972], [75.71734, 29.42902], [75.71942, 29.43721], [75.73533, 29.45012], [75.7349, 29.45572], [75.72809, 29.46685], [75.729, 29.47812], [75.74576, 29.48058], [75.75264, 29.48008], [75.75584, 29.49484], [75.75885, 29.49985], [75.76881, 29.50498], [75.77624, 29.5069], [75.78863, 29.51875], [75.79878, 29.51513], [75.80189, 29.5207], [75.80691, 29.52113], [75.81851, 29.51684], [75.82432, 29.51105], [75.8342, 29.50818], [75.83939, 29.50919], [75.84795, 29.52005], [75.85455, 29.52557], [75.85464, 29.53595], [75.85227, 29.53892], [75.85363, 29.54453], [75.85819, 29.55003], [75.87207, 29.55546], [75.87252, 29.54465], [75.87669, 29.53748], [75.89427, 29.53604], [75.89697, 29.54538], [75.89418, 29.55316], [75.89453, 29.55748], [75.91638, 29.55373], [75.92295, 29.56248], [75.92487, 29.57249], [75.92715, 29.57633], [75.93481, 29.57993], [75.94033, 29.57938], [75.94194, 29.57573], [75.9464, 29.57497], [75.94925, 29.57012], [75.9532, 29.56938], [75.96321, 29.56243], [75.96426, 29.56388], [75.96087, 29.56984], [75.96004, 29.57634], [75.96237, 29.58541], [75.9614, 29.59113], [75.95673, 29.59349], [75.94869, 29.59351], [75.95259, 29.60036], [75.95167, 29.60595], [75.95524, 29.6117], [75.95733, 29.61254], [75.95491, 29.61353], [75.9571, 29.62068], [75.95666, 29.62665], [75.94683, 29.63833], [75.94702, 29.6411], [75.94137, 29.64109], [75.9487, 29.6547], [75.94859, 29.66021], [75.95133, 29.67019], [75.94291, 29.68154], [75.93662, 29.68143], [75.93358, 29.68431], [75.94001, 29.69204], [75.94475, 29.70267], [75.94764, 29.72424], [75.94698, 29.72929]]]}}, {"type": "Feature", "properties": {"shapeName": "Faridabad", "shapeISO": "", "shapeID": "76128533B40638696154891", "shapeGroup": "IND", "shapeType": "ADM2", "district": "Faridabad"}, "geometry": {"type": "Polygon", "coordinates": [[[77.24087, 28.27596], [77.2457, 28.26847], [77.26027, 28.26048], [77.26005, 28.27244], [77.26708, 28.27291], [77.28312, 28.26993], [77.29199, 28.26383], [77.30196, 28.26452], [77.30783, 28.26212], [77.31042, 28.25735], [77.31399, 28.25575], [77.31477, 28.25819], [77.32056, 28.26143], [77.33359, 28.25716], [77.33534, 28.25168], [77.34649, 28.2445], [77.34712, 28.24022], [77.35046, 28.2357], [77.35675, 28.23463], [77.35929, 28.23567], [77.36995, 28.23156], [77.37183, 28.23455], [77.37794, 28.23563], [77.38192, 28.23259], [77.38577, 28.22056], [77.39068, 28.21669], [77.40846, 28.21026], [77.41352, 28.21023], [77.41626, 28.21166], [77.41974, 28.20581], [77.42128, 28.19907], [77.43107, 28.20582], [77.43527, 28.20368], [77.44018, 28.21038], [77.44935, 28.20779], [77.44874, 28.20582], [77.4503, 28.20403], [77.45821, 28.2046], [77.46395, 28.20237], [77.4687, 28.20744], [77.47007, 28.20775], [77.47172, 28.2052], [77.47677, 28.20551], [77.47849, 28.21073], [77.48104, 28.21128], [77.48404, 28.2092], [77.48814, 28.21478], [77.49417, 28.21497], [77.50484, 28.22825], [77.50212, 28.23049], [77.50569, 28.25055], [77.50184, 28.25204], [77.49942, 28.24715], [77.49308, 28.25185], [77.49139, 28.27119], [77.49434, 28.27454], [77.49501, 28.27264], [77.49986, 28.2787], [77.50376, 28.27986], [77.50077, 28.28124], [77.50221, 28.28358], [77.49772, 28.28556], [77.50203, 28.28665], [77.50342, 28.28881], [77.50755, 28.3054], [77.50286, 28.30775], [77.49706, 28.31447], [77.48636, 28.32163], [77.48549, 28.32568], [77.48275, 28.32511], [77.47228, 28.32844], [77.47385, 28.33202], [77.47207, 28.33486], [77.47286, 28.33649], [77.49072, 28.34331], [77.49687, 28.3491], [77.50568, 28.36235], [77.50064, 28.36534], [77.50527, 28.36962], [77.50323, 28.36958], [77.49275, 28.38435], [77.48409, 28.38746], [77.47428, 28.39687], [77.47619, 28.39923], [77.48149, 28.39906], [77.48198, 28.40478], [77.4845, 28.40892], [77.47815, 28.41885], [77.46427, 28.41502], [77.46211, 28.4174], [77.46353, 28.42437], [77.45236, 28.42472], [77.45309, 28.42686], [77.44245, 28.4285], [77.44144, 28.42942], [77.44274, 28.43096], [77.43631, 28.43123], [77.44002, 28.43507], [77.43688, 28.43797], [77.43908, 28.43863], [77.43434, 28.45499], [77.41468, 28.45246], [77.40208, 28.45561], [77.40107, 28.45602], [77.404, 28.46158], [77.40897, 28.46705], [77.40478, 28.46632], [77.39253, 28.47231], [77.38803, 28.46816], [77.38057, 28.471], [77.37911, 28.4745], [77.37554, 28.47634], [77.37087, 28.48571], [77.3726, 28.49843], [77.36897, 28.50033], [77.36425, 28.49846], [77.35849, 28.50141], [77.35565, 28.4994], [77.35152, 28.49989], [77.34792, 28.50544], [77.34843, 28.50876], [77.34349, 28.51467], [77.34286, 28.51107], [77.33609, 28.50418], [77.32651, 28.48972], [77.31684, 28.48646], [77.31699, 28.48489], [77.31363, 28.48344], [77.3089, 28.48734], [77.30037, 28.48785], [77.29914, 28.49589], [77.29147, 28.49669], [77.28782, 28.49592], [77.2867, 28.48943], [77.281, 28.48901], [77.27585, 28.48607], [77.2724, 28.48826], [77.2717, 28.48607], [77.26693, 28.48511], [77.26625, 28.48501], [77.26574, 28.48498], [77.26501947100007, 28.484970994000037], [77.26494, 28.48497], [77.25529, 28.48234], [77.25543, 28.48069], [77.25098, 28.47915], [77.24666, 28.47954], [77.24409, 28.47274], [77.23943, 28.46767], [77.24166, 28.4652], [77.24111, 28.46219], [77.24576, 28.45824], [77.24456, 28.45411], [77.24592, 28.45198], [77.24705, 28.45268], [77.24939, 28.44664], [77.24966, 28.43326], [77.25329, 28.43293], [77.25022, 28.42419], [77.23918, 28.42057], [77.2293, 28.41391], [77.21718, 28.40943], [77.21636, 28.41109], [77.1909, 28.40688], [77.18532, 28.40945], [77.17523, 28.40447], [77.17058, 28.39495], [77.16177, 28.3945], [77.15446, 28.39031], [77.15117, 28.38058], [77.15444, 28.37998], [77.15043, 28.36385], [77.15307, 28.36113], [77.15202, 28.34068], [77.1581, 28.3164], [77.163, 28.31496], [77.1627, 28.31278], [77.16707, 28.31106], [77.1669, 28.3083], [77.18248, 28.3028], [77.20089, 28.28964], [77.20538, 28.29291], [77.20823, 28.2987], [77.22379, 28.28794], [77.22857, 28.2894], [77.2418, 28.27929], [77.24087, 28.27596]]]}}, {"type": "Feature", "properties": {"shapeName": "Sirsa", "shapeISO": "", "shapeID": "76128533B84837672903805", "shapeGroup": "IND", "shapeType": "ADM2", "district": "Sirsa"}, "geometry": {"type": "Polygon", "coordinates": [[[75.30253, 29.56059], [75.30119, 29.55936], [75.28572, 29.55861], [75.27816, 29.55679], [75.26519, 29.5517], [75.24338, 29.54816], [75.23409, 29.54373], [75.23881, 29.55614], [75.22855, 29.57607], [75.22184, 29.58003], [75.23392, 29.59651], [75.23196, 29.60417], [75.2101, 29.62038], [75.19544, 29.62025], [75.18407, 29.62781], [75.18407, 29.64723], [75.16862, 29.6605], [75.1697, 29.66716], [75.18613, 29.67582], [75.19962, 29.67876], [75.20614, 29.6855], [75.20763, 29.69477], [75.19928, 29.7015], [75.19814, 29.7097], [75.20461, 29.72297], [75.20904, 29.72857], [75.21712, 29.73301], [75.22161, 29.72864], [75.22757, 29.72772], [75.23233, 29.73079], [75.24199, 29.74979], [75.22777, 29.76927], [75.22722, 29.77767], [75.22344, 29.78431], [75.21641, 29.7878], [75.20901, 29.79404], [75.20752, 29.80293], [75.20889, 29.81127], [75.21363, 29.81918], [75.21203, 29.82784], [75.19974, 29.83244], [75.19347, 29.83659], [75.18969, 29.8348], [75.18713, 29.83296], [75.18627, 29.82741], [75.17809, 29.82285], [75.17103, 29.82155], [75.16649, 29.81774], [75.15996, 29.79404], [75.16051, 29.78955], [75.16587, 29.78719], [75.17018, 29.78212], [75.16504, 29.77891], [75.15268, 29.77492], [75.14644, 29.77831], [75.1424, 29.78281], [75.13594, 29.80359], [75.11328, 29.80057], [75.10117, 29.8047], [75.10003, 29.81088], [75.10434, 29.81736], [75.11817, 29.82456], [75.11393, 29.8374], [75.10778, 29.84033], [75.0968, 29.84288], [75.0923, 29.84747], [75.09206, 29.85225], [75.09578, 29.85669], [75.1117, 29.86597], [75.11535, 29.87126], [75.11384, 29.89512], [75.10097, 29.90985], [75.09598, 29.91327], [75.08891, 29.91047], [75.07659, 29.8772], [75.07149, 29.87428], [75.06284, 29.87304], [75.04858, 29.87999], [75.03453, 29.87111], [75.02515, 29.86288], [75.01668, 29.86584], [75.00511, 29.8615], [75.00072, 29.85659], [74.99323, 29.86387], [74.97114, 29.89467], [74.9542, 29.90098], [74.94222, 29.92091], [74.9352, 29.94004], [74.92683, 29.94769], [74.90544, 29.93802], [74.89629, 29.93771], [74.90392, 29.94589], [74.90544, 29.95153], [74.8926, 29.96698], [74.88849, 29.96121], [74.88304, 29.95777], [74.87673, 29.95755], [74.87044, 29.95984], [74.8607, 29.95783], [74.84765, 29.96289], [74.83244, 29.97182], [74.82776, 29.98331], [74.82011, 29.98928], [74.81225, 29.9914], [74.80547, 29.98846], [74.78693, 29.9734], [74.77838, 29.9716], [74.76968, 29.97255], [74.74822, 29.96801], [74.73495, 29.96084], [74.70831, 29.9702], [74.70175, 29.96837], [74.6941, 29.96015], [74.69184, 29.94825], [74.67655, 29.94079], [74.65975, 29.93006], [74.65066, 29.92164], [74.64964, 29.91359], [74.65771, 29.90378], [74.65037, 29.90308], [74.63713, 29.90517], [74.59651, 29.91403], [74.58367, 29.92519], [74.57257, 29.92865], [74.56272, 29.92859], [74.55974, 29.93253], [74.54097, 29.9444], [74.53538, 29.95101], [74.52978, 29.94281], [74.52833, 29.94285], [74.51957, 29.9288], [74.51578, 29.91393], [74.51091, 29.90704], [74.52222, 29.90204], [74.54477, 29.90114], [74.5512, 29.88414], [74.56224, 29.86967], [74.55336, 29.85434], [74.54076, 29.84026], [74.51004, 29.83282], [74.49954, 29.82629], [74.48563, 29.81463], [74.48003, 29.80344], [74.47486, 29.78716], [74.47498, 29.76643], [74.478, 29.7536], [74.4782, 29.74489], [74.48542, 29.7454], [74.50774, 29.74215], [74.53502, 29.74023], [74.54374, 29.75163], [74.5503, 29.75533], [74.5687, 29.75518], [74.57756, 29.75355], [74.57509, 29.74924], [74.57853, 29.74768], [74.58032, 29.74886], [74.57902, 29.75129], [74.58195, 29.75239], [74.58796, 29.7667], [74.59604, 29.76716], [74.60215, 29.76495], [74.60398, 29.75793], [74.61671, 29.7519], [74.61055, 29.74306], [74.60917, 29.73174], [74.61084, 29.7216], [74.60574, 29.70521], [74.60119, 29.69889], [74.60223, 29.69023], [74.59418, 29.67661], [74.5865, 29.65431], [74.58757, 29.64718], [74.5924, 29.63938], [74.59032, 29.63165], [74.58259, 29.627], [74.58378, 29.62314], [74.58134, 29.61696], [74.57862, 29.59953], [74.578, 29.57166], [74.57599, 29.56417], [74.57712, 29.55982], [74.58452, 29.55594], [74.59094, 29.54776], [74.60332, 29.54378], [74.60856, 29.53884], [74.61287, 29.53835], [74.6153, 29.53519], [74.61585, 29.53102], [74.62005, 29.53243], [74.62409, 29.53084], [74.62293, 29.52221], [74.61079, 29.51154], [74.60561, 29.50304], [74.60206, 29.50093], [74.60075, 29.49384], [74.59641, 29.48902], [74.5969, 29.48026], [74.58741, 29.46491], [74.58569, 29.45835], [74.57425, 29.46496], [74.5448, 29.46783], [74.53999, 29.46358], [74.53781, 29.45942], [74.53569, 29.44758], [74.53747, 29.44307], [74.53561, 29.43512], [74.53765, 29.42441], [74.55029, 29.4246], [74.56744, 29.42035], [74.57468, 29.40634], [74.57495, 29.39981], [74.57891, 29.38837], [74.58627, 29.37839], [74.59075, 29.37651], [74.60393, 29.36478], [74.60836, 29.3561], [74.6003, 29.32733], [74.6354, 29.32949], [74.65552, 29.33281], [74.65311, 29.35116], [74.65592, 29.36245], [74.66, 29.37099], [74.6808, 29.36913], [74.69198, 29.36579], [74.70909, 29.36663], [74.72052, 29.36987], [74.74022, 29.35401], [74.7632, 29.35425], [74.77102, 29.35678], [74.78289, 29.35778], [74.78855, 29.3613], [74.82137, 29.39707], [74.8458, 29.39955], [74.85064, 29.40139], [74.85157, 29.40346], [74.86781, 29.39757], [74.87296, 29.39432], [74.87865, 29.38341], [74.90129, 29.38463], [74.91778, 29.37116], [74.93926, 29.3619], [74.94087, 29.33989], [74.95551, 29.33259], [74.95904, 29.32806], [74.96187, 29.32013], [74.95631, 29.30897], [74.94939, 29.30134], [74.95678, 29.28603], [74.96214, 29.28046], [74.97197, 29.27895], [74.98423, 29.28045], [74.99969, 29.27102], [75.0089, 29.2764], [75.02086, 29.28615], [75.03461, 29.28759], [75.05097, 29.28602], [75.06138, 29.27596], [75.06222, 29.26392], [75.07417, 29.24771], [75.07515, 29.24315], [75.07383, 29.23771], [75.07628, 29.22966], [75.12056, 29.22275], [75.1253, 29.23968], [75.13879, 29.23861], [75.16378, 29.2439], [75.17534, 29.2512], [75.16945, 29.2587], [75.17719, 29.26314], [75.18234, 29.26361], [75.18405, 29.26643], [75.18851, 29.26809], [75.19668, 29.26326], [75.19946, 29.25321], [75.20895, 29.23747], [75.21108, 29.23453], [75.21617, 29.23237], [75.23933, 29.23012], [75.24301, 29.23629], [75.24338, 29.24529], [75.24613, 29.25013], [75.23495, 29.2686], [75.2421, 29.2969], [75.23638, 29.31004], [75.2267, 29.3258], [75.22924, 29.32722], [75.22935, 29.32887], [75.23081, 29.32859], [75.23088, 29.33067], [75.23436, 29.33188], [75.23652, 29.33565], [75.25714, 29.33681], [75.25869, 29.33987], [75.26609, 29.34557], [75.26445, 29.35999], [75.24421, 29.37627], [75.22862, 29.37969], [75.22096, 29.39758], [75.23446, 29.41147], [75.23595, 29.4186], [75.24191, 29.41833], [75.26694, 29.42247], [75.28639, 29.42264], [75.30204, 29.43912], [75.30299, 29.44211], [75.29302, 29.4525], [75.28191, 29.47351], [75.28202, 29.47972], [75.2886, 29.4935], [75.28125, 29.49991], [75.2749, 29.50909], [75.2789, 29.51488], [75.29008, 29.51835], [75.29658, 29.52342], [75.30318, 29.52401], [75.29699, 29.52971], [75.29578, 29.53361], [75.29782, 29.53791], [75.30373, 29.54169], [75.30473, 29.5496], [75.30188, 29.55578], [75.30382, 29.55942], [75.30253, 29.56059]]]}}, {"type": "Feature", "properties": {"shapeName": "Hisar", "shapeISO": "", "shapeID": "76128533B22732185131019", "shapeGroup": "IND", "shapeType": "ADM2", "district": "Hisar"}, "geometry": {"type": "Polygon", "coordinates": [[[76.22801, 28.99106], [76.23339, 28.99519], [76.23705, 29.0005], [76.24008, 29.00034], [76.2475, 29.00475], [76.24597, 29.01126], [76.25069, 29.02497], [76.24989, 29.02881], [76.24453, 29.03718], [76.24391, 29.04224], [76.24024, 29.04633], [76.2404, 29.0522], [76.24555, 29.0608], [76.25395, 29.05979], [76.25708, 29.06379], [76.25905, 29.06288], [76.26565, 29.0637], [76.26645, 29.06488], [76.27195, 29.06493], [76.27264, 29.06346], [76.27583, 29.06324], [76.27928, 29.06585], [76.28397, 29.06413], [76.28682, 29.0692], [76.29278, 29.073], [76.29977, 29.08497], [76.30217, 29.08585], [76.30227, 29.09483], [76.31595, 29.10924], [76.31889, 29.11621], [76.311, 29.12023], [76.306, 29.12669], [76.30653, 29.14252], [76.30396, 29.14473], [76.29927, 29.15536], [76.29623, 29.17728], [76.30092, 29.17731], [76.29912, 29.18249], [76.30094, 29.18813], [76.29362, 29.19241], [76.29076, 29.19932], [76.28132, 29.20861], [76.275, 29.20709], [76.26978, 29.20887], [76.25993, 29.20721], [76.24879, 29.21246], [76.24085, 29.21244], [76.2263, 29.21854], [76.22408, 29.22266], [76.22889, 29.23871], [76.21245, 29.24765], [76.21546, 29.25319], [76.21454, 29.25581], [76.20702, 29.25922], [76.20363, 29.26342], [76.20786, 29.26525], [76.19894, 29.27764], [76.18752, 29.28596], [76.18912, 29.29167], [76.19648, 29.29876], [76.19928, 29.30545], [76.21012, 29.31919], [76.20038, 29.32753], [76.19218, 29.33089], [76.1791, 29.34074], [76.19894, 29.35997], [76.2074, 29.36422], [76.2078, 29.37126], [76.20628, 29.37369], [76.20735, 29.381], [76.20385, 29.38576], [76.20394, 29.39572], [76.19989, 29.39743], [76.1994, 29.4027], [76.19237, 29.40992], [76.18799, 29.41204], [76.16775, 29.41338], [76.16221, 29.41836], [76.15808, 29.41988], [76.15408, 29.41839], [76.15386, 29.41415], [76.14372, 29.40917], [76.14258, 29.40529], [76.13663, 29.39988], [76.13491, 29.3935], [76.12733, 29.39328], [76.11859, 29.4035], [76.11302, 29.40626], [76.10825, 29.407], [76.10002, 29.4039], [76.09443, 29.40361], [76.08518, 29.41112], [76.08203, 29.42278], [76.08324, 29.42461], [76.0811, 29.42947], [76.08371, 29.43644], [76.08091, 29.43842], [76.08153, 29.43998], [76.07757, 29.44132], [76.05201, 29.43974], [76.04562, 29.43222], [76.04063, 29.4305], [76.03683, 29.42697], [76.03041, 29.4272], [76.02814, 29.4225], [76.02467, 29.42403], [76.02407, 29.42591], [76.02071, 29.42723], [76.02045, 29.43724], [76.013, 29.44233], [76.00672, 29.44197], [76.00681, 29.44481], [75.99688, 29.447], [76.00003, 29.46103], [76.00536, 29.46237], [76.01461, 29.48054], [76.0065, 29.48641], [75.98899, 29.48869], [75.98238, 29.49185], [75.97637, 29.49183], [75.96148, 29.49704], [75.95793, 29.49705], [75.95062, 29.49394], [75.93404, 29.49874], [75.93394, 29.50462], [75.93677, 29.51034], [75.94265, 29.51531], [75.94945, 29.51704], [75.9601, 29.53761], [75.95935, 29.54172], [75.96352, 29.55247], [75.96321, 29.56243], [75.9532, 29.56938], [75.94925, 29.57012], [75.9464, 29.57497], [75.94194, 29.57573], [75.94033, 29.57938], [75.93481, 29.57993], [75.92715, 29.57633], [75.92487, 29.57249], [75.92295, 29.56248], [75.91638, 29.55373], [75.89453, 29.55748], [75.89418, 29.55316], [75.89697, 29.54538], [75.89427, 29.53604], [75.87669, 29.53748], [75.87252, 29.54465], [75.87207, 29.55546], [75.85819, 29.55003], [75.85363, 29.54453], [75.85227, 29.53892], [75.85464, 29.53595], [75.85455, 29.52557], [75.84795, 29.52005], [75.83939, 29.50919], [75.8342, 29.50818], [75.82432, 29.51105], [75.81851, 29.51684], [75.80691, 29.52113], [75.80189, 29.5207], [75.79878, 29.51513], [75.78863, 29.51875], [75.77624, 29.5069], [75.76881, 29.50498], [75.75885, 29.49985], [75.75584, 29.49484], [75.75264, 29.48008], [75.74576, 29.48058], [75.729, 29.47812], [75.72809, 29.46685], [75.7349, 29.45572], [75.73533, 29.45012], [75.71942, 29.43721], [75.71734, 29.42902], [75.71064, 29.42972], [75.70428, 29.42434], [75.70142, 29.42406], [75.68006, 29.42549], [75.66286, 29.42438], [75.64425, 29.41858], [75.64013, 29.41463], [75.63528, 29.41651], [75.63082, 29.41581], [75.62792, 29.4108], [75.62285, 29.40772], [75.62118, 29.40305], [75.61703, 29.40147], [75.6142, 29.38507], [75.61654, 29.38346], [75.61677, 29.37078], [75.60523, 29.37117], [75.5961, 29.3609], [75.60514, 29.3537], [75.6055, 29.34455], [75.60372, 29.34028], [75.59488, 29.33599], [75.59031, 29.33689], [75.58621, 29.3417], [75.58492, 29.35466], [75.58161, 29.35861], [75.57394, 29.35995], [75.56164, 29.35688], [75.56035, 29.36013], [75.53036, 29.3623], [75.52424, 29.37544], [75.52253, 29.38509], [75.51991, 29.38684], [75.51726, 29.39793], [75.49115, 29.39292], [75.48361, 29.38935], [75.48213, 29.4029], [75.47334, 29.40112], [75.45965, 29.40185], [75.44777, 29.40832], [75.4305, 29.40885], [75.42012, 29.41251], [75.41769, 29.41469], [75.41535, 29.41452], [75.42043, 29.40476], [75.4194, 29.39681], [75.42113, 29.38186], [75.41508, 29.38172], [75.41036, 29.37897], [75.39083, 29.37701], [75.38773, 29.37145], [75.38601, 29.36289], [75.38693, 29.35449], [75.39416, 29.34399], [75.40224, 29.34234], [75.39968, 29.33727], [75.39975, 29.31776], [75.38201, 29.31238], [75.36725, 29.30989], [75.35969, 29.31001], [75.34711, 29.30495], [75.34495, 29.30551], [75.34554, 29.30711], [75.34066, 29.31108], [75.3273, 29.30825], [75.31934, 29.30317], [75.31941, 29.30534], [75.3154, 29.30844], [75.30309, 29.31379], [75.29125, 29.30985], [75.28807, 29.30489], [75.28235, 29.30477], [75.27922, 29.30153], [75.27112, 29.29757], [75.27181, 29.29303], [75.26946, 29.29179], [75.26982, 29.28928], [75.27784, 29.28238], [75.2786, 29.2766], [75.28068, 29.2765], [75.28414, 29.27152], [75.28709, 29.27165], [75.29053, 29.27349], [75.29835, 29.2717], [75.30672, 29.27448], [75.3171, 29.28165], [75.32297, 29.28936], [75.33684, 29.28623], [75.34153, 29.28101], [75.34124, 29.27334], [75.33958, 29.27333], [75.33944, 29.27096], [75.34096, 29.2651], [75.34084, 29.26333], [75.33938, 29.26334], [75.34055, 29.25965], [75.33922, 29.25756], [75.34051, 29.25661], [75.33966, 29.25185], [75.33621, 29.24671], [75.33677, 29.24414], [75.33524, 29.24403], [75.33481, 29.24103], [75.32905, 29.23519], [75.33055, 29.23253], [75.34291, 29.22947], [75.34796, 29.22513], [75.35422, 29.22273], [75.3571, 29.223], [75.36222, 29.22929], [75.36177, 29.23932], [75.36327, 29.24431], [75.37622, 29.25523], [75.37821, 29.25458], [75.37894, 29.25671], [75.3861, 29.2579], [75.38952, 29.26111], [75.39358, 29.26123], [75.40639, 29.26042], [75.40699, 29.25689], [75.40811, 29.25817], [75.41161, 29.25535], [75.41291, 29.24263], [75.40961, 29.24177], [75.40911, 29.23413], [75.40619, 29.23139], [75.40591, 29.22808], [75.40301, 29.22698], [75.40322, 29.22231], [75.39894, 29.22337], [75.39775, 29.21741], [75.40385, 29.21312], [75.4095, 29.21319], [75.40829, 29.21094], [75.41194, 29.20733], [75.41225, 29.1938], [75.41271, 29.19102], [75.415, 29.18927], [75.41387, 29.18765], [75.4153, 29.18419], [75.41362, 29.18147], [75.41037, 29.18008], [75.4068, 29.17277], [75.4077, 29.16962], [75.39619, 29.16762], [75.38217, 29.16883], [75.38229, 29.15266], [75.38065, 29.15073], [75.37967, 29.14211], [75.37529, 29.14265], [75.37203, 29.14093], [75.37242, 29.13798], [75.38532, 29.12935], [75.40309, 29.12777], [75.40672, 29.12004], [75.39463, 29.10957], [75.39303, 29.10186], [75.39472, 29.09807], [75.39785, 29.09746], [75.3978, 29.09621], [75.39666, 29.09308], [75.3939, 29.09296], [75.39191, 29.08525], [75.39384, 29.08381], [75.39362, 29.07832], [75.39513, 29.07811], [75.39562, 29.07583], [75.39218, 29.0626], [75.41152, 29.0621], [75.43237, 29.05619], [75.44274, 29.05741], [75.44478, 29.05211], [75.44309, 29.05083], [75.44412, 29.04792], [75.44714, 29.04844], [75.44763, 29.04542], [75.45284, 29.03904], [75.45137, 29.03527], [75.44805, 29.03503], [75.44878, 29.03032], [75.44724, 29.02988], [75.44586, 29.02426], [75.44387, 29.02296], [75.44386, 29.0208], [75.4466, 29.01785], [75.44664, 29.00819], [75.46083, 29.01424], [75.46382, 29.01234], [75.47352, 29.01418], [75.48752, 29.01187], [75.49869, 29.01264], [75.5172, 29.00793], [75.52191, 29.00438], [75.52332, 28.99384], [75.52757, 28.98595], [75.52816, 28.97035], [75.54892, 28.96626], [75.5659, 28.98044], [75.58015, 28.98161], [75.58081, 28.98413], [75.58354, 28.98589], [75.58387, 28.98312], [75.58733, 28.98261], [75.59184, 28.98472], [75.59449, 28.98843], [75.59931, 28.98969], [75.61681, 28.98554], [75.62331, 28.98187], [75.62923, 28.97626], [75.6315, 28.97774], [75.63052, 28.97316], [75.63214, 28.97048], [75.63592, 28.96964], [75.63771, 28.96767], [75.63727, 28.96282], [75.64017, 28.96142], [75.64119, 28.95658], [75.6388, 28.95381], [75.64008, 28.95365], [75.64161, 28.94907], [75.64252, 28.94988], [75.64505, 28.94848], [75.64427, 28.94646], [75.64707, 28.94579], [75.64877, 28.93761], [75.65453, 28.93631], [75.65954, 28.93964], [75.66332, 28.93788], [75.66833, 28.9295], [75.67234, 28.9281], [75.67485, 28.9192], [75.6794, 28.91576], [75.68122, 28.91215], [75.69698, 28.90558], [75.71512, 28.90308], [75.72762, 28.90547], [75.75241, 28.90519], [75.77064, 28.89859], [75.77842, 28.91203], [75.77872, 28.91801], [75.79261, 28.92509], [75.80015, 28.92577], [75.81219, 28.91899], [75.8147, 28.91553], [75.83259, 28.91148], [75.8382, 28.91252], [75.84843, 28.92085], [75.85757, 28.93211], [75.85896, 28.93863], [75.85405, 28.95301], [75.8625, 28.95877], [75.8687, 28.96545], [75.87877, 28.97088], [75.88487, 28.98134], [75.88663, 28.98809], [75.89658, 28.98591], [75.89923, 28.99734], [75.89808, 29.00351], [75.90528, 29.017], [75.91079, 29.0206], [75.92307, 29.02291], [75.94823, 29.00876], [75.9518, 29.00452], [75.95664, 29.00406], [75.95976, 28.9999], [75.98027, 28.99534], [75.97796, 29.01371], [75.97912, 29.03073], [75.97533, 29.03182], [75.97417, 29.04289], [75.97005, 29.05334], [75.96872, 29.06277], [75.9768, 29.06716], [75.98453, 29.08119], [75.9911, 29.07684], [75.99871, 29.06879], [76.0128, 29.06002], [76.02303, 29.0617], [76.02853, 29.06427], [76.03226, 29.06422], [76.04019, 29.06115], [76.0448, 29.06532], [76.04614, 29.06211], [76.04434, 29.04801], [76.04587, 29.03818], [76.05317, 29.02982], [76.06927, 29.02263], [76.07642, 29.02256], [76.07557, 29.02778], [76.0772, 29.03515], [76.08128, 29.04114], [76.08839, 29.04469], [76.09849, 29.04582], [76.09904, 29.04717], [76.13261, 29.03523], [76.13329, 29.03869], [76.13782, 29.04509], [76.15121, 29.044], [76.15596, 29.04694], [76.16741, 29.05042], [76.19112, 29.05127], [76.20162, 29.04136], [76.20196, 29.03465], [76.20744, 29.0298], [76.20688, 29.02831], [76.20375, 29.02793], [76.1988, 29.01907], [76.19731, 29.01897], [76.20343, 29.01156], [76.20235, 29.00689], [76.20989, 29.00256], [76.2104, 28.99994], [76.21749, 28.99467], [76.22801, 28.99106]]]}}, {"type": "Feature", "properties": {"shapeName": "Rewari", "shapeISO": "", "shapeID": "76128533B22722327711505", "shapeGroup": "IND", "shapeType": "ADM2", "district": "Rewari"}, "geometry": {"type": "Polygon", "coordinates": [[[76.66966, 28.37898], [76.66369, 28.38239], [76.6641, 28.38652], [76.6621, 28.38987], [76.65016, 28.40193], [76.65064, 28.40295], [76.64293, 28.40547], [76.64256, 28.4101], [76.63466, 28.41386], [76.63701, 28.41571], [76.6333, 28.42109], [76.62632, 28.42564], [76.61483, 28.42924], [76.61176, 28.42707], [76.60268, 28.43217], [76.59403, 28.43486], [76.58458, 28.43636], [76.57102, 28.41396], [76.56162, 28.40457], [76.55332, 28.40763], [76.55688, 28.41283], [76.56278, 28.42863], [76.51487, 28.43583], [76.50882, 28.43127], [76.50739, 28.42831], [76.50113, 28.43032], [76.49955, 28.42876], [76.4908, 28.43238], [76.48562, 28.42759], [76.45963, 28.42578], [76.45487, 28.41802], [76.44502, 28.42163], [76.44071, 28.42475], [76.44569, 28.43705], [76.43677, 28.43987], [76.43773, 28.45218], [76.4414, 28.45606], [76.42638, 28.46235], [76.41966, 28.46344], [76.39949, 28.47281], [76.39645, 28.4679], [76.3939, 28.4451], [76.40202, 28.4414], [76.40265, 28.43233], [76.4041, 28.4321], [76.40087, 28.42608], [76.39175, 28.42576], [76.38562, 28.4227], [76.38403, 28.42428], [76.37096, 28.42606], [76.36658, 28.43203], [76.36812, 28.44622], [76.36739, 28.45499], [76.34455, 28.45961], [76.34061, 28.45369], [76.33611, 28.4403], [76.33653, 28.42981], [76.33423, 28.42013], [76.31904, 28.4216], [76.32063, 28.42426], [76.32262, 28.42392], [76.32254, 28.43126], [76.31756, 28.43068], [76.31077, 28.43268], [76.30382, 28.42161], [76.28863, 28.42835], [76.28086, 28.40558], [76.28988, 28.40256], [76.30259, 28.40146], [76.29781, 28.3917], [76.29835, 28.3827], [76.30662, 28.3761], [76.3286, 28.37172], [76.32942, 28.36409], [76.33515, 28.36269], [76.33631, 28.36443], [76.34788, 28.36618], [76.35569, 28.36557], [76.35807, 28.35615], [76.35746, 28.34346], [76.36872, 28.33492], [76.36826, 28.32269], [76.35877, 28.32075], [76.35636, 28.31012], [76.35134, 28.31114], [76.34959, 28.30798], [76.34785, 28.3086], [76.3473, 28.30644], [76.34803, 28.29625], [76.35015, 28.2956], [76.35002, 28.29238], [76.3525, 28.29013], [76.35358, 28.28556], [76.35232, 28.28065], [76.34698, 28.27281], [76.34381, 28.27292], [76.34304, 28.26683], [76.34791, 28.26531], [76.34824, 28.26292], [76.35111, 28.26056], [76.34983, 28.25613], [76.3472, 28.25411], [76.34932, 28.24887], [76.34248, 28.22423], [76.34149, 28.22268], [76.32791, 28.22376], [76.32152, 28.20629], [76.31593, 28.20482], [76.3148, 28.20301], [76.306, 28.20348], [76.30448, 28.19322], [76.3107, 28.19089], [76.3099, 28.18708], [76.31304, 28.18522], [76.3124, 28.17802], [76.33398, 28.16978], [76.33533, 28.17232], [76.34494, 28.16985], [76.35515, 28.16378], [76.35864, 28.16102], [76.35498, 28.15476], [76.35903, 28.15488], [76.35716, 28.14353], [76.36711, 28.13677], [76.38322, 28.13309], [76.38552, 28.13668], [76.3913, 28.13412], [76.39435, 28.13742], [76.39647, 28.13711], [76.40162, 28.14498], [76.42941, 28.14144], [76.42869, 28.13456], [76.4226, 28.12248], [76.42453, 28.12077], [76.42363, 28.11429], [76.43125, 28.1097], [76.43834, 28.10933], [76.43823, 28.11407], [76.44215, 28.11683], [76.44152, 28.12074], [76.43374, 28.1322], [76.43341, 28.14087], [76.43818, 28.14867], [76.4508, 28.14698], [76.46073, 28.14743], [76.46694, 28.15156], [76.47652, 28.14854], [76.47634, 28.14341], [76.47209, 28.13846], [76.47283, 28.13504], [76.47753, 28.13201], [76.47715, 28.1308], [76.48264, 28.12832], [76.48419, 28.13077], [76.4927, 28.12981], [76.48785, 28.11937], [76.49713, 28.12002], [76.50345, 28.11868], [76.50129, 28.11454], [76.50008, 28.10019], [76.48079, 28.10048], [76.47744, 28.10549], [76.47803, 28.10794], [76.46447, 28.10912], [76.45783, 28.10525], [76.45095, 28.08877], [76.45763, 28.08333], [76.46842, 28.07875], [76.47257, 28.08021], [76.47968, 28.07764], [76.50216, 28.0599], [76.49763, 28.05378], [76.49021, 28.05275], [76.47703, 28.05437], [76.47684, 28.05717], [76.47316, 28.05852], [76.46926, 28.05712], [76.46332, 28.05907], [76.459, 28.05614], [76.45892, 28.05146], [76.45545, 28.04251], [76.46232, 28.0405], [76.47443, 28.04154], [76.48195, 28.04056], [76.48305, 28.04184], [76.49767, 28.04399], [76.50335, 28.03141], [76.51084, 28.02964], [76.52118, 28.03221], [76.53102, 28.04012], [76.5444, 28.03388], [76.54196, 28.0306], [76.54004, 28.02318], [76.54357, 28.01775], [76.54623, 28.00727], [76.54482, 28.00739], [76.54148, 28.00215], [76.53715, 27.99998], [76.54351, 27.99947], [76.54219, 27.98614], [76.53669, 27.9788], [76.53885, 27.96768], [76.54548, 27.96366], [76.5489, 27.96383], [76.56448, 27.96588], [76.56609, 27.97056], [76.56435, 27.9719], [76.56532, 27.97807], [76.58115, 27.97889], [76.5845, 27.99165], [76.58874, 27.99328], [76.59072, 27.99733], [76.60183, 27.99937], [76.60687, 28.00372], [76.64143, 28.0023], [76.65849, 28.00742], [76.66891, 28.01381], [76.66377, 28.02983], [76.66026, 28.03288], [76.65514, 28.03466], [76.6594, 28.0429], [76.65932, 28.0469], [76.65634, 28.05309], [76.65267, 28.05631], [76.6524, 28.0616], [76.65633, 28.07572], [76.65791, 28.08915], [76.66415, 28.09149], [76.68797, 28.08775], [76.68897, 28.09045], [76.68746, 28.09452], [76.69515, 28.10636], [76.6982, 28.10975], [76.70241, 28.1091], [76.70573, 28.11091], [76.7128, 28.12542], [76.71642, 28.12778], [76.71932, 28.12745], [76.72065, 28.12551], [76.72604, 28.12575], [76.74434, 28.12154], [76.75388, 28.13421], [76.76463, 28.14337], [76.77128, 28.14514], [76.77799, 28.14384], [76.78337, 28.14672], [76.78552, 28.15072], [76.79119, 28.15044], [76.79592, 28.14841], [76.80155, 28.16285], [76.80123, 28.16438], [76.7968, 28.16686], [76.79857, 28.16824], [76.79585, 28.16982], [76.79658, 28.18089], [76.79351, 28.18373], [76.79696, 28.19065], [76.79934, 28.19211], [76.80121, 28.19239], [76.80268, 28.18737], [76.80787, 28.18626], [76.81351, 28.19003], [76.81415, 28.19313], [76.80581, 28.19737], [76.80599, 28.20558], [76.80928, 28.21073], [76.81463, 28.20896], [76.83212, 28.20898], [76.83908, 28.21959], [76.84285, 28.22042], [76.84671, 28.2191], [76.84785, 28.22142], [76.84959, 28.22155], [76.85367, 28.22059], [76.8591, 28.22759], [76.85908, 28.2318], [76.85821, 28.23451], [76.84916, 28.23925], [76.84397, 28.23809], [76.82486, 28.24538], [76.82296, 28.24429], [76.81998, 28.245], [76.81933, 28.24362], [76.81631, 28.24478], [76.81224, 28.24126], [76.81127, 28.24231], [76.81249, 28.24388], [76.80896, 28.24651], [76.81189, 28.25394], [76.80531, 28.25622], [76.80282, 28.25328], [76.79741, 28.25579], [76.79458, 28.2436], [76.78189, 28.22337], [76.77796, 28.22525], [76.77184, 28.23176], [76.77206, 28.23328], [76.77002, 28.23442], [76.77085, 28.23844], [76.76863, 28.2407], [76.75257, 28.24824], [76.73742, 28.25279], [76.71265, 28.26453], [76.69983, 28.25862], [76.68909, 28.26545], [76.68427, 28.2613], [76.67817, 28.26429], [76.67886, 28.2685], [76.67398, 28.27008], [76.67741, 28.27791], [76.67949, 28.28849], [76.6837, 28.29339], [76.68141, 28.29456], [76.6841, 28.2996], [76.68255, 28.30141], [76.68624, 28.31378], [76.67993, 28.3168], [76.67368, 28.31701], [76.67165, 28.30961], [76.67021, 28.30942], [76.66716, 28.30304], [76.65106, 28.30765], [76.6578, 28.33034], [76.66531, 28.34005], [76.66048, 28.34179], [76.66251, 28.34907], [76.65788, 28.35476], [76.66484, 28.36885], [76.66401, 28.37026], [76.66966, 28.37898]]]}}, {"type": "Feature", "properties": {"shapeName": "Rohtak", "shapeISO": "", "shapeID": "76128533B12244045944458", "shapeGroup": "IND", "shapeType": "ADM2", "district": "Rohtak"}, "geometry": {"type": "Polygon", "coordinates": [[[76.90198, 28.86357], [76.88966, 28.8677], [76.88628, 28.87059], [76.8796, 28.86992], [76.87368, 28.86302], [76.8708, 28.86334], [76.86548, 28.85803], [76.85973, 28.86116], [76.85054, 28.85969], [76.84263, 28.86231], [76.83903, 28.85984], [76.82321, 28.85975], [76.81085, 28.86664], [76.81049, 28.86846], [76.81661, 28.87615], [76.82659, 28.90044], [76.82659, 28.9093], [76.82853, 28.91592], [76.82663, 28.92033], [76.82236, 28.92392], [76.82263, 28.92661], [76.81966, 28.93062], [76.81387, 28.93087], [76.80182, 28.92728], [76.79684, 28.92391], [76.79386, 28.92383], [76.78464, 28.92896], [76.77909, 28.93035], [76.77836, 28.93313], [76.7716, 28.93791], [76.77524, 28.94842], [76.76326, 28.95874], [76.76032, 28.96469], [76.75319, 28.96369], [76.75188, 29.00446], [76.74865, 29.01868], [76.73508, 29.03161], [76.72991, 29.03872], [76.70334, 29.05221], [76.67302, 29.05941], [76.66139, 29.05811], [76.64717, 29.04648], [76.63792, 29.04975], [76.63778, 29.0526], [76.63462, 29.05434], [76.62589, 29.05392], [76.60237, 29.05783], [76.60007, 29.05705], [76.59374, 29.06049], [76.58549, 29.06014], [76.58051, 29.05744], [76.56781, 29.05869], [76.56446, 29.06213], [76.5621, 29.07089], [76.55144, 29.08005], [76.54684, 29.09187], [76.53864, 29.09822], [76.5301, 29.09156], [76.52766, 29.09231], [76.52196, 29.08419], [76.51673, 29.08561], [76.51074, 29.07716], [76.49649, 29.08207], [76.47827, 29.09204], [76.47396, 29.08299], [76.47002, 29.08268], [76.46784, 29.07443], [76.46248, 29.0658], [76.45538, 29.06072], [76.44816, 29.06127], [76.44419, 29.05538], [76.43246, 29.05981], [76.4259, 29.06527], [76.40312, 29.07557], [76.39958, 29.07545], [76.38966, 29.06891], [76.38026, 29.06553], [76.35921, 29.07617], [76.3509, 29.08311], [76.33817, 29.0827], [76.32243, 29.08727], [76.31464, 29.08317], [76.30217, 29.08585], [76.29977, 29.08497], [76.29278, 29.073], [76.28682, 29.0692], [76.28397, 29.06413], [76.27928, 29.06585], [76.27583, 29.06324], [76.27264, 29.06346], [76.27195, 29.06493], [76.26645, 29.06488], [76.26565, 29.0637], [76.25905, 29.06288], [76.25708, 29.06379], [76.25395, 29.05979], [76.24555, 29.0608], [76.2404, 29.0522], [76.24024, 29.04633], [76.24391, 29.04224], [76.24453, 29.03718], [76.24989, 29.02881], [76.25069, 29.02497], [76.24597, 29.01126], [76.2475, 29.00475], [76.24008, 29.00034], [76.23705, 29.0005], [76.23339, 28.99519], [76.22801, 28.99106], [76.22955, 28.98941], [76.22601, 28.98346], [76.21488, 28.97315], [76.21534, 28.96262], [76.21319, 28.95502], [76.22324, 28.95326], [76.22387, 28.9502], [76.24473, 28.94134], [76.23728, 28.92253], [76.23665, 28.91128], [76.24774, 28.90856], [76.25499, 28.90351], [76.25673, 28.90505], [76.27167, 28.90322], [76.27833, 28.90579], [76.27873, 28.90817], [76.29868, 28.90314], [76.2937, 28.89739], [76.28933, 28.87504], [76.28927, 28.87255], [76.29224, 28.87006], [76.29609, 28.86279], [76.29471, 28.85928], [76.28912, 28.85399], [76.28855, 28.85121], [76.29625, 28.84163], [76.29807, 28.83673], [76.29433, 28.82685], [76.292, 28.8079], [76.29279, 28.80659], [76.30072, 28.80985], [76.30809, 28.8088], [76.3143, 28.81401], [76.33163, 28.8138], [76.33434, 28.81349], [76.33514, 28.81092], [76.3354, 28.80927], [76.33541, 28.80885], [76.33728, 28.80718], [76.33809, 28.807], [76.34093, 28.80452], [76.34168, 28.80483], [76.34559, 28.80359], [76.35129, 28.80177], [76.35348, 28.8012], [76.35642, 28.8007], [76.35835, 28.79989], [76.3592, 28.79963], [76.36043, 28.79943], [76.36043, 28.79891], [76.35927, 28.79807], [76.3638, 28.79144], [76.3673, 28.78811], [76.37502, 28.78492], [76.37983, 28.7832], [76.38282, 28.78374], [76.38397, 28.78397], [76.38423420200007, 28.783833496000057], [76.38457, 28.78366], [76.38563, 28.78308], [76.38643, 28.78266], [76.3864513354417, 28.78258635831413], [76.38656656500007, 28.782188631000054], [76.38674, 28.78159], [76.38771, 28.7751], [76.38742, 28.77191], [76.3877, 28.77023], [76.39016, 28.76877], [76.39186, 28.76773], [76.40676, 28.75615], [76.4044, 28.74992], [76.4043, 28.74894], [76.40404, 28.74509], [76.40277, 28.73917], [76.40229, 28.73823], [76.40024, 28.73359], [76.39958, 28.73274], [76.39926, 28.73256], [76.39464, 28.73139], [76.38961, 28.72632], [76.3894, 28.72373], [76.3894, 28.7237], [76.38853, 28.72223], [76.38612, 28.71925], [76.38499114115967, 28.718234975664586], [76.38493, 28.71818], [76.38404, 28.71714], [76.38314, 28.71639], [76.38263, 28.71631], [76.38226, 28.71599], [76.38124, 28.71417], [76.3812, 28.71394], [76.38072, 28.7043], [76.38102, 28.70325], [76.38521, 28.69815], [76.40133, 28.68521], [76.4052, 28.68347], [76.40712, 28.68268], [76.42078, 28.7028], [76.41814, 28.71394], [76.41532, 28.71875], [76.41612, 28.72341], [76.42087, 28.72422], [76.42603, 28.72235], [76.4319, 28.72709], [76.44096, 28.72884], [76.44611, 28.73604], [76.47491, 28.74147], [76.49416, 28.73892], [76.50384, 28.74288], [76.5239, 28.73742], [76.53171, 28.7503], [76.5652, 28.74032], [76.5783, 28.7339], [76.57967, 28.73468], [76.58979, 28.74468], [76.59561, 28.75435], [76.59712, 28.7711], [76.59615, 28.7813], [76.60464, 28.78856], [76.60495, 28.79214], [76.61582, 28.78923], [76.62752, 28.78917], [76.63355, 28.7934], [76.64068, 28.80379], [76.6471, 28.80493], [76.64608, 28.8084], [76.6335, 28.82081], [76.63251, 28.82497], [76.633, 28.83123], [76.64416, 28.83947], [76.64617, 28.83906], [76.65308, 28.83044], [76.6564, 28.81823], [76.67034, 28.81308], [76.66963, 28.80478], [76.67135, 28.79599], [76.70076, 28.78712], [76.70968, 28.78705], [76.71096, 28.77817], [76.70905, 28.7686], [76.70696, 28.76599], [76.70442, 28.76644], [76.69868, 28.76378], [76.69365, 28.76346], [76.69202, 28.75916], [76.69122, 28.7515], [76.68755, 28.74345], [76.69493, 28.73767], [76.7002, 28.73561], [76.70961, 28.73594], [76.71617, 28.75294], [76.71503, 28.75766], [76.72217, 28.76019], [76.73017, 28.75845], [76.73672, 28.75882], [76.74129, 28.75667], [76.74874, 28.76545], [76.75522, 28.76937], [76.75925, 28.76881], [76.76734, 28.76299], [76.76747, 28.75634], [76.76504, 28.75093], [76.7801, 28.74347], [76.78902, 28.75041], [76.79329, 28.7577], [76.80609, 28.77024], [76.81974, 28.78662], [76.81932, 28.78858], [76.79123, 28.80576], [76.79424, 28.81705], [76.80719, 28.82198], [76.81289, 28.8211], [76.81869, 28.82383], [76.82649, 28.81908], [76.83476, 28.8107], [76.85092, 28.80814], [76.85544, 28.81351], [76.86383, 28.81484], [76.86885, 28.82262], [76.87245, 28.82362], [76.87647, 28.83707], [76.88373, 28.83598], [76.89208, 28.84795], [76.895, 28.85564], [76.90198, 28.86357]]]}}, {"type": "Feature", "properties": {"shapeName": "Ambala", "shapeISO": "", "shapeID": "76128533B95049353851516", "shapeGroup": "IND", "shapeType": "ADM2", "district": "Ambala"}, "geometry": {"type": "MultiPolygon", "coordinates": [[[[77.12242, 30.56267], [77.11474, 30.55224], [77.10638, 30.55957], [77.10255, 30.55587], [77.09849, 30.55769], [77.09442, 30.55641], [77.0857, 30.55672], [77.07518, 30.54074], [77.07173, 30.54112], [77.06949, 30.54348], [77.06687, 30.54192], [77.0662, 30.54321], [77.06352, 30.54284], [77.06326, 30.5441], [77.0547, 30.54276], [77.05139, 30.54903], [77.0385, 30.55023], [77.03605, 30.53657], [77.03813, 30.53328], [77.0398, 30.5336], [77.04089, 30.53014], [77.04643, 30.52914], [77.05051, 30.52171], [77.04898, 30.52198], [77.04516, 30.518], [77.04276, 30.51791], [77.04789, 30.51218], [77.04358, 30.50663], [77.04663, 30.50152], [77.0521, 30.497], [77.04931, 30.48965], [77.04224, 30.48098], [77.03774, 30.47972], [77.03484, 30.48157], [77.03195, 30.48075], [77.02065, 30.4701], [77.01621, 30.46883], [77.01385, 30.46627], [77.005, 30.47437], [76.99614, 30.47942], [76.99058, 30.47398], [76.98141, 30.48266], [76.97285, 30.48563], [76.95911, 30.47041], [76.95534, 30.47435], [76.95124, 30.47514], [76.94741, 30.47259], [76.94023, 30.47476], [76.93579, 30.4655], [76.92996, 30.46249], [76.92305, 30.46277], [76.92383, 30.45938], [76.92811, 30.45513], [76.92469, 30.45031], [76.91577, 30.45497], [76.91447, 30.45973], [76.91069, 30.45965], [76.9087, 30.45118], [76.90421, 30.44667], [76.90232, 30.43671], [76.9034, 30.43229], [76.91515, 30.42392], [76.91717, 30.42046], [76.91868, 30.40876], [76.91728, 30.40227], [76.9186, 30.40025], [76.92268, 30.39882], [76.93922, 30.39713], [76.94484, 30.3926], [76.9407, 30.38416], [76.93011, 30.37799], [76.91684, 30.36305], [76.9111, 30.35815], [76.90055, 30.35394], [76.89355, 30.35526], [76.88976, 30.35891], [76.88906, 30.36501], [76.8938, 30.37857], [76.8936, 30.3818], [76.88779, 30.38687], [76.87961, 30.39043], [76.88095, 30.39712], [76.87815, 30.4044], [76.86068, 30.41054], [76.85429, 30.4155], [76.84588, 30.42954], [76.84134, 30.42602], [76.83654, 30.41823], [76.82184, 30.40754], [76.81066, 30.41082], [76.79403, 30.41074], [76.78417, 30.41403], [76.7777, 30.42076], [76.78013, 30.43171], [76.77673, 30.43549], [76.77126, 30.43464], [76.76224, 30.4224], [76.75122, 30.42065], [76.74054, 30.41691], [76.73852, 30.41621], [76.73987, 30.40078], [76.71341, 30.3894], [76.71495, 30.38063], [76.7182, 30.37661], [76.72899, 30.37603], [76.73134, 30.37288], [76.72218, 30.36394], [76.7246, 30.36091], [76.73022, 30.36609], [76.7378, 30.36689], [76.7488, 30.36308], [76.74838, 30.36061], [76.75176, 30.35539], [76.74221, 30.34417], [76.72833, 30.33564], [76.72835, 30.32866], [76.72413, 30.32562], [76.71792, 30.32745], [76.71342, 30.32561], [76.71082, 30.32062], [76.70162, 30.32176], [76.69262, 30.31716], [76.68794, 30.32085], [76.68401, 30.31497], [76.68619, 30.30855], [76.67552, 30.29535], [76.66436, 30.29515], [76.63934, 30.27976], [76.63587, 30.28722], [76.63275, 30.28369], [76.62738, 30.27111], [76.62282, 30.26644], [76.61749, 30.2681], [76.59392, 30.26575], [76.57088, 30.26016], [76.56059, 30.26083], [76.55876, 30.25454], [76.55889, 30.23945], [76.55511, 30.23229], [76.5458, 30.228], [76.54542, 30.22305], [76.55725, 30.22676], [76.58884, 30.25173], [76.59696, 30.25239], [76.60328, 30.24997], [76.60886, 30.23978], [76.61238, 30.23617], [76.62226, 30.23071], [76.62493, 30.22678], [76.62478, 30.22143], [76.61916, 30.21578], [76.61716, 30.21098], [76.62965, 30.20685], [76.64571, 30.20578], [76.65182, 30.2017], [76.65005, 30.19271], [76.65487, 30.18943], [76.6546, 30.185], [76.65212, 30.18095], [76.63558, 30.16606], [76.6404, 30.1508], [76.6443, 30.15004], [76.65568, 30.15258], [76.67037, 30.16836], [76.67241, 30.16714], [76.67536, 30.16897], [76.6836, 30.17997], [76.68614, 30.1886], [76.69079, 30.19069], [76.69296, 30.19001], [76.69457, 30.19318], [76.69885, 30.19395], [76.6997, 30.1928], [76.71296, 30.19151], [76.71768, 30.19612], [76.71936, 30.19496], [76.72765, 30.19467], [76.73148, 30.19638], [76.7351, 30.19559], [76.73677, 30.19789], [76.75482, 30.19609], [76.76085, 30.19172], [76.76418, 30.19169], [76.76557, 30.19724], [76.76772, 30.19839], [76.76702, 30.1999], [76.77376, 30.19956], [76.77642, 30.2021], [76.77841, 30.20195], [76.77741, 30.20411], [76.78555, 30.21465], [76.78924, 30.2131], [76.79684, 30.21454], [76.80069, 30.21097], [76.80563, 30.21282], [76.81263, 30.21939], [76.81786, 30.21714], [76.82027, 30.22019], [76.81788, 30.22193], [76.8239, 30.23453], [76.8261, 30.2357], [76.82236, 30.24023], [76.81836, 30.24188], [76.8235, 30.25106], [76.82679, 30.25272], [76.83301, 30.25258], [76.83395, 30.25141], [76.83817, 30.2538], [76.84348, 30.24566], [76.85169, 30.25439], [76.86499, 30.2494], [76.86512, 30.24668], [76.86837, 30.24339], [76.86078, 30.23558], [76.85991, 30.23199], [76.86784, 30.22801], [76.87652, 30.21956], [76.89073, 30.21213], [76.88836, 30.20717], [76.88682, 30.20919], [76.88355, 30.2078], [76.88296, 30.19954], [76.88499, 30.19809], [76.90389, 30.18963], [76.90866, 30.19895], [76.9163, 30.20544], [76.92017, 30.20202], [76.92569, 30.20529], [76.93808, 30.19762], [76.9485, 30.19764], [76.953, 30.19461], [76.96166, 30.19296], [76.95802, 30.18588], [76.94577, 30.18342], [76.94133, 30.17779], [76.94011, 30.17243], [76.94137, 30.16531], [76.94778, 30.1626], [76.95126, 30.15926], [76.95796, 30.15706], [76.9624, 30.15244], [76.96453, 30.15776], [76.97641, 30.16213], [76.98257, 30.16908], [76.99088, 30.16786], [77.00248, 30.16164], [77.00858, 30.16181], [77.01235, 30.15628], [77.02111, 30.15113], [77.02316, 30.14776], [77.0319, 30.14416], [77.03765, 30.1435], [77.0366, 30.13615], [77.0501, 30.12732], [77.06046, 30.12343], [77.06335, 30.12434], [77.06995, 30.13106], [77.06597, 30.14218], [77.07186, 30.1537], [77.07241, 30.16074], [77.06944, 30.16411], [77.07161, 30.16883], [77.08368, 30.16488], [77.08555, 30.16398], [77.08471, 30.16314], [77.0988, 30.1558], [77.09816, 30.15832], [77.10032, 30.16347], [77.10331, 30.16546], [77.11074, 30.1785], [77.10718, 30.18433], [77.09848, 30.18749], [77.09072, 30.1934], [77.07745, 30.1995], [77.07842, 30.20227], [77.07312, 30.20586], [77.0783, 30.21679], [77.08498, 30.21659], [77.09399, 30.2258], [77.09251, 30.22807], [77.10696, 30.22477], [77.11438, 30.22682], [77.11672, 30.23217], [77.12173, 30.23198], [77.1275, 30.22805], [77.13091, 30.23208], [77.14206, 30.22547], [77.14174, 30.21877], [77.14342, 30.21687], [77.15088, 30.21378], [77.15717, 30.22362], [77.15919, 30.23035], [77.16226, 30.23386], [77.16394, 30.23352], [77.16425, 30.23626], [77.16052, 30.23943], [77.16148, 30.24121], [77.15295, 30.2459], [77.15028, 30.24624], [77.14559, 30.24399], [77.14233, 30.24061], [77.13283, 30.24652], [77.13409, 30.2542], [77.1402, 30.2599], [77.13643, 30.26159], [77.13828, 30.26465], [77.13387, 30.26766], [77.13913, 30.28142], [77.1423, 30.28575], [77.14642, 30.285], [77.14786, 30.2886], [77.16147, 30.29552], [77.16633, 30.29371], [77.16912, 30.30091], [77.16902, 30.30698], [77.17357, 30.30513], [77.17839, 30.30508], [77.1808, 30.3073], [77.1839, 30.30606], [77.1873, 30.30766], [77.18983, 30.30707], [77.19281, 30.31206], [77.19046, 30.31345], [77.19226, 30.31674], [77.18687, 30.31596], [77.18039, 30.32196], [77.1833, 30.32835], [77.18256, 30.3321], [77.17813, 30.33795], [77.17416, 30.33868], [77.17176, 30.34214], [77.17374, 30.35036], [77.17104, 30.35643], [77.17152, 30.35889], [77.17028, 30.35964], [77.16619, 30.35342], [77.16247, 30.35594], [77.16261, 30.36059], [77.17329, 30.36864], [77.18161, 30.36325], [77.18455, 30.36902], [77.18187, 30.37138], [77.18202, 30.37518], [77.18823, 30.38244], [77.18442, 30.38448], [77.18755, 30.39651], [77.18457, 30.40116], [77.17827, 30.40421], [77.17479, 30.41724], [77.17101, 30.42143], [77.17492, 30.42485], [77.17503, 30.43128], [77.16979, 30.44131], [77.17101, 30.4421], [77.17335, 30.44097], [77.17424, 30.44251], [77.17388, 30.44736], [77.17605, 30.45054], [77.17434, 30.45719], [77.1808, 30.45891], [77.1806, 30.46161], [77.18424, 30.46417], [77.18708, 30.47144], [77.19525, 30.48029], [77.19823, 30.48162], [77.20281, 30.47834], [77.20689, 30.48826], [77.21315, 30.49659], [77.20956, 30.50009], [77.20183, 30.51474], [77.19795, 30.51657], [77.19864, 30.51895], [77.19567, 30.52235], [77.18872, 30.52317], [77.18112, 30.52802], [77.17514, 30.52897], [77.17329, 30.52997], [77.17375, 30.53211], [77.17105, 30.53312], [77.16686, 30.53244], [77.16328, 30.53403], [77.15223, 30.53432], [77.14605, 30.53621], [77.13638, 30.54278], [77.12893, 30.55586], [77.12242, 30.56267]]], [[[76.63818, 30.14789], [76.63607, 30.14514], [76.62025, 30.13662], [76.60197, 30.11922], [76.59292, 30.11469], [76.57529, 30.10075], [76.5774, 30.09461], [76.58681, 30.08838], [76.58695, 30.08372], [76.59927, 30.08206], [76.58808, 30.06886], [76.59329, 30.06596], [76.59762, 30.07253], [76.60381, 30.07261], [76.60542, 30.07497], [76.61609, 30.0728], [76.62131, 30.08609], [76.62694, 30.09001], [76.63246, 30.09134], [76.63603, 30.09565], [76.64249, 30.09792], [76.64538, 30.10188], [76.64354, 30.10614], [76.64436, 30.10762], [76.63579, 30.11107], [76.64226, 30.11849], [76.64578, 30.12759], [76.63956, 30.13074], [76.63999, 30.13385], [76.6368, 30.13845], [76.63863, 30.14174], [76.63818, 30.14789]]]]}}, {"type": "Feature", "properties": {"shapeName": "Chandigarh", "shapeISO": "", "shapeID": "76128533B56050914259601", "shapeGroup": "IND", "shapeType": "ADM2", "district": "Chandigarh"}, "geometry": {"type": "Polygon", "coordinates": [[[76.82963, 30.76194], [76.8253, 30.76408], [76.81499, 30.75302], [76.80462, 30.76521], [76.81585, 30.77034], [76.81332, 30.7741], [76.81361, 30.77668], [76.80479, 30.77682], [76.80144, 30.77491], [76.80113, 30.7722], [76.79139, 30.76889], [76.79011, 30.77064], [76.78245, 30.77044], [76.78032, 30.77488], [76.78546, 30.78214], [76.78087, 30.78869], [76.77538, 30.79169], [76.77158, 30.79625], [76.77044, 30.77759], [76.76914, 30.77633], [76.75564, 30.78662], [76.75146, 30.78456], [76.75202, 30.78041], [76.74481, 30.77907], [76.74526, 30.77332], [76.74323, 30.76914], [76.7301, 30.76464], [76.72816, 30.76204], [76.72048, 30.76553], [76.71921, 30.76314], [76.71117, 30.76141], [76.70535, 30.75582], [76.70709, 30.754], [76.70614, 30.74753], [76.70844, 30.74087], [76.71359, 30.74243], [76.71611, 30.73963], [76.71807, 30.74086], [76.72285, 30.72934], [76.72534, 30.72747], [76.72718, 30.72852], [76.72925, 30.72385], [76.73086, 30.72366], [76.73122, 30.71725], [76.7331, 30.71528], [76.72908, 30.71175], [76.72979, 30.70754], [76.73424, 30.7054], [76.7384, 30.70735], [76.74006, 30.70528], [76.73859, 30.70054], [76.73951, 30.69277], [76.74447, 30.69341], [76.75437, 30.68144], [76.76147, 30.68608], [76.76471, 30.68452], [76.76755, 30.68741], [76.76848, 30.68582], [76.76963, 30.68809], [76.77454, 30.68212], [76.77373, 30.68079], [76.76581, 30.68294], [76.7652, 30.68161], [76.77481, 30.67793], [76.77402, 30.67463], [76.7793, 30.67261], [76.77759, 30.67045], [76.77446, 30.66974], [76.77443, 30.66819], [76.78353, 30.66852], [76.78504, 30.66215], [76.78757, 30.66262], [76.78884, 30.66125], [76.7938, 30.66534], [76.79457, 30.65887], [76.80678, 30.65984], [76.81051, 30.65649], [76.81213, 30.65684], [76.81378, 30.65846], [76.81321, 30.66044], [76.80821, 30.66421], [76.80626, 30.66416], [76.80794, 30.66753], [76.81259, 30.67102], [76.81661, 30.66811], [76.81626, 30.67166], [76.81874, 30.67218], [76.81941, 30.67475], [76.8215, 30.67561], [76.82163, 30.67872], [76.82501, 30.6809], [76.82489, 30.6878], [76.82817, 30.68938], [76.82645, 30.69144], [76.82866, 30.69299], [76.83257, 30.69274], [76.8316, 30.69599], [76.83428, 30.69857], [76.83308, 30.70123], [76.8381, 30.70571], [76.84373, 30.70815], [76.84686, 30.71184], [76.84726, 30.7167], [76.84494, 30.71689], [76.84346, 30.71883], [76.84657, 30.72235], [76.84788, 30.72148], [76.84966, 30.72286], [76.84608, 30.72983], [76.84784, 30.73071], [76.84702, 30.73149], [76.84296, 30.73113], [76.84214, 30.73251], [76.83711, 30.73331], [76.83271, 30.73831], [76.83457, 30.74148], [76.83306, 30.74945], [76.83817, 30.75175], [76.83777, 30.75425], [76.83177, 30.75848], [76.82963, 30.76194]]]}}, {"type": "Feature", "properties": {"shapeName": "Dehradun", "shapeISO": "", "shapeID": "76128533B67005208112053", "shapeGroup": "IND", "shapeType": "ADM2", "district": "Dehradun"}, "geometry": {"type": "Polygon", "coordinates": [[[77.5807, 30.39477], [77.58429, 30.39603], [77.5839, 30.3978], [77.58746, 30.40121], [77.59243, 30.40243], [77.59894, 30.40182], [77.60357, 30.39592], [77.60484, 30.39914], [77.60715, 30.39785], [77.61449, 30.39927], [77.62003, 30.39851], [77.62553, 30.40136], [77.6325, 30.39389], [77.63821, 30.39546], [77.64329, 30.39917], [77.64998, 30.40079], [77.6551, 30.39742], [77.6596, 30.39646], [77.65885, 30.39462], [77.66162, 30.38673], [77.66735, 30.38592], [77.67397, 30.38709], [77.67814, 30.38424], [77.67869, 30.3743], [77.68068, 30.37165], [77.68401, 30.37216], [77.68808, 30.37537], [77.69231, 30.37221], [77.6965, 30.36237], [77.70519, 30.35056], [77.70843, 30.34284], [77.71138, 30.34083], [77.71139, 30.33809], [77.71546, 30.33621], [77.72366, 30.32657], [77.73488, 30.32413], [77.74927, 30.31619], [77.76441, 30.31422], [77.77034, 30.30944], [77.78719, 30.30234], [77.78769, 30.30016], [77.80731, 30.28798], [77.83159, 30.27828], [77.84233, 30.27031], [77.84395, 30.27291], [77.84876, 30.27252], [77.84923, 30.26768], [77.86082, 30.26802], [77.86669, 30.26267], [77.87082, 30.26285], [77.88136, 30.25822], [77.88469, 30.25974], [77.88793, 30.26375], [77.89705, 30.26166], [77.9159, 30.25185], [77.93316, 30.24744], [77.94047, 30.24256], [77.94345, 30.23638], [77.94627, 30.23578], [77.95178, 30.23867], [77.95438, 30.24185], [77.96106, 30.24123], [77.96336, 30.23889], [77.96117, 30.23157], [77.95771, 30.22714], [77.96279, 30.22434], [77.97032, 30.21673], [77.97415, 30.21723], [77.9768, 30.21525], [77.97488, 30.21246], [77.97658, 30.20898], [77.98572, 30.20045], [77.98785, 30.20037], [77.99444, 30.18744], [78.00055, 30.18141], [78.00891, 30.16853], [78.01352, 30.15839], [78.01717, 30.14672], [78.01656, 30.14467], [78.02882, 30.1304], [78.03142, 30.11968], [78.03485, 30.11635], [78.03416, 30.1097], [78.037, 30.10693], [78.03785, 30.10055], [78.04136, 30.09931], [78.04333, 30.09588], [78.04634, 30.09532], [78.04906, 30.08838], [78.06055, 30.08423], [78.0626, 30.08033], [78.06632, 30.07876], [78.06808, 30.07464], [78.07095, 30.07265], [78.06966, 30.0692], [78.07314, 30.06583], [78.07542, 30.05699], [78.06981, 30.04669], [78.07128, 30.03966], [78.07612, 30.03967], [78.07624, 30.03653], [78.08316, 30.03338], [78.08402, 30.03029], [78.08865, 30.03013], [78.09303, 30.02664], [78.09945, 30.02531], [78.10237, 30.02288], [78.0963, 30.01185], [78.09731, 30.00892], [78.10039, 30.00851], [78.10659, 30.00342], [78.10937, 30.00744], [78.11343, 30.00576], [78.11551, 30.00681], [78.11817, 30.00494], [78.1182, 30.00128], [78.12543, 29.99503], [78.13018, 29.99798], [78.13382, 29.99592], [78.13326, 29.99137], [78.13705, 29.98744], [78.13651, 29.98276], [78.14114, 29.97783], [78.14108, 29.97497], [78.14508, 29.97533], [78.14627, 29.97087], [78.15013, 29.9681], [78.15119, 29.96407], [78.1553, 29.96352], [78.16031, 29.96527], [78.16059, 29.96346], [78.16359, 29.96157], [78.16813, 29.96282], [78.1723, 29.96066], [78.17187, 29.96727], [78.18154, 29.97518], [78.18535, 29.98793], [78.1922, 29.99272], [78.19515, 29.98526], [78.20014, 29.98509], [78.18877, 29.96937], [78.18768, 29.96614], [78.18908, 29.95967], [78.19501, 29.96211], [78.2046, 29.96208], [78.211, 29.97494], [78.21588, 29.97814], [78.21914, 29.98286], [78.22838, 29.98295], [78.23362, 29.98703], [78.2343, 29.99493], [78.22961, 30.00365], [78.22962, 30.01335], [78.23565, 30.01615], [78.24508, 30.01566], [78.25033, 30.01792], [78.24873, 30.02507], [78.24955, 30.03809], [78.25253, 30.04148], [78.25505, 30.03921], [78.25817, 30.04294], [78.26648, 30.04503], [78.28302, 30.05721], [78.28943, 30.07022], [78.2932, 30.07441], [78.29642, 30.08339], [78.29265, 30.09156], [78.29317, 30.09494], [78.29869, 30.09816], [78.3058, 30.0979], [78.3106, 30.10065], [78.31331, 30.10638], [78.31183, 30.11127], [78.30119, 30.11189], [78.30198, 30.11407], [78.28417, 30.12557], [78.27997, 30.12545], [78.25753, 30.13493], [78.25895, 30.14797], [78.26304, 30.15792], [78.24397, 30.16222], [78.23569, 30.18166], [78.2455, 30.18773], [78.24651, 30.1904], [78.24539, 30.19425], [78.24785, 30.19724], [78.2508, 30.20007], [78.25673, 30.20088], [78.25885, 30.20605], [78.26625, 30.2127], [78.27518, 30.21864], [78.28587, 30.21878], [78.29923, 30.22977], [78.3018, 30.24227], [78.2946, 30.24737], [78.28055, 30.26785], [78.2847, 30.27241], [78.28341, 30.27971], [78.28669, 30.28502], [78.28663, 30.28823], [78.26983, 30.29872], [78.26472, 30.29114], [78.26584, 30.28835], [78.25987, 30.28166], [78.24778, 30.28279], [78.24332, 30.28468], [78.23905, 30.28374], [78.23778, 30.28857], [78.23899, 30.29575], [78.23472, 30.29922], [78.22969, 30.30007], [78.22742, 30.30266], [78.21606, 30.30498], [78.21498, 30.2965], [78.21133, 30.28877], [78.20308, 30.28985], [78.19674, 30.29818], [78.1936, 30.2971], [78.19139, 30.29896], [78.18711, 30.29766], [78.18346, 30.30096], [78.17183, 30.30261], [78.16337, 30.30958], [78.15959, 30.31569], [78.15594, 30.31591], [78.15355, 30.31845], [78.14516, 30.32119], [78.14096, 30.32854], [78.14002, 30.33489], [78.13552, 30.34024], [78.14134, 30.34523], [78.1422, 30.34897], [78.14087, 30.35414], [78.14591, 30.36394], [78.15086, 30.36825], [78.15678, 30.37013], [78.16018, 30.37573], [78.16208, 30.37527], [78.16416, 30.37842], [78.17017, 30.38043], [78.17726, 30.37836], [78.18278, 30.38345], [78.18725, 30.38369], [78.18581, 30.3863], [78.19325, 30.38841], [78.19432, 30.39089], [78.20092, 30.39489], [78.21381, 30.39725], [78.22743, 30.40229], [78.23101, 30.40618], [78.23639, 30.40889], [78.24131, 30.41573], [78.24113, 30.41996], [78.2326, 30.42443], [78.2313, 30.42305], [78.22822, 30.43006], [78.22215, 30.43246], [78.21884, 30.43559], [78.21707, 30.43443], [78.20338, 30.44163], [78.19307, 30.44513], [78.18182, 30.44592], [78.17104, 30.44107], [78.16655, 30.442], [78.16254, 30.44524], [78.16185, 30.44891], [78.15214, 30.45405], [78.14253, 30.45242], [78.13906, 30.45496], [78.13431, 30.45576], [78.12449, 30.46528], [78.1174, 30.46809], [78.10863, 30.46725], [78.10642, 30.47492], [78.09747, 30.47414], [78.09644, 30.47051], [78.09329, 30.47059], [78.0916, 30.46911], [78.08691, 30.47061], [78.0824, 30.46979], [78.08268, 30.46484], [78.08414, 30.46377], [78.08291, 30.46281], [78.08211, 30.46423], [78.0772, 30.46392], [78.07433, 30.46715], [78.07205, 30.46625], [78.07208, 30.47266], [78.06966, 30.47358], [78.06769, 30.47222], [78.0618, 30.47252], [78.05835, 30.47383], [78.05812, 30.4778], [78.04718, 30.48069], [78.0413, 30.47839], [78.04204, 30.46889], [78.03772, 30.46551], [78.03869, 30.46192], [78.03449, 30.46316], [78.03237, 30.46981], [78.02363, 30.4717], [78.0253, 30.47457], [78.02343, 30.47663], [78.01648, 30.48014], [78.01053, 30.4797], [78.00721, 30.47672], [77.99989, 30.47492], [78.00165, 30.46363], [77.9978, 30.46224], [77.99256, 30.46428], [77.98978, 30.46255], [77.98603, 30.4656], [77.98303, 30.47164], [77.97827, 30.47161], [77.97559, 30.48118], [77.95905, 30.4855], [77.94064, 30.5004], [77.93918, 30.50741], [77.94155, 30.50887], [77.94712, 30.50708], [77.95074, 30.50798], [77.94915, 30.51604], [77.95103, 30.51698], [77.95273, 30.51699], [77.95903, 30.51105], [77.96512, 30.51057], [77.96948, 30.50601], [77.97202, 30.50612], [77.97722, 30.51016], [77.98101, 30.5064], [77.98378, 30.50568], [77.99036, 30.51149], [77.9893, 30.51439], [77.98153, 30.51334], [77.97905, 30.51725], [77.97824, 30.52157], [77.98187, 30.52251], [77.9871, 30.52052], [77.98844, 30.52249], [77.9863, 30.52614], [77.98354, 30.52754], [77.97772, 30.52566], [77.97691, 30.53403], [77.98337, 30.53445], [77.98527, 30.5363], [77.98477, 30.54189], [77.98663, 30.54781], [77.98316, 30.54987], [77.98291, 30.5518], [77.99085, 30.5518], [77.9933, 30.55311], [77.99233, 30.55473], [77.99413, 30.55607], [78.00226, 30.55639], [78.00647, 30.56244], [78.00512, 30.56887], [78.01253, 30.57667], [78.01092, 30.58072], [78.01268, 30.58415], [78.01126, 30.58611], [78.01268, 30.58887], [78.01554, 30.58728], [78.01663, 30.58839], [78.01584, 30.59215], [78.01236, 30.59598], [78.01559, 30.60361], [78.01485, 30.61287], [78.01042, 30.61675], [78.01054, 30.62121], [78.01472, 30.62234], [78.01592, 30.62484], [78.01555, 30.63117], [78.01277, 30.63501], [78.01184, 30.64003], [78.01298, 30.64789], [78.01866, 30.6506], [78.02285, 30.65005], [78.02725, 30.64742], [78.0309, 30.64224], [78.03421, 30.64142], [78.04492, 30.6497], [78.04614, 30.65442], [78.04984, 30.65779], [78.06365, 30.66209], [78.06851, 30.66978], [78.06916, 30.68214], [78.07602, 30.69469], [78.07435, 30.70323], [78.08171, 30.70619], [78.0862, 30.71547], [78.08596, 30.71873], [78.08147, 30.72252], [78.08019, 30.7262], [78.08137, 30.73717], [78.07052, 30.74023], [78.0712, 30.74735], [78.0672, 30.75523], [78.06398, 30.75825], [78.05605, 30.76186], [78.05508, 30.76584], [78.04982, 30.77173], [78.04339, 30.77389], [78.03265, 30.78343], [78.02584, 30.78605], [78.03028, 30.79878], [78.0286, 30.80208], [78.0254, 30.80616], [78.02107, 30.80739], [78.01432, 30.81487], [78.00324, 30.82046], [77.99815, 30.8275], [77.99309, 30.83637], [77.99116, 30.8485], [77.99353, 30.8561], [77.98913, 30.85668], [77.98471, 30.86927], [77.98675, 30.8758], [77.97661, 30.88596], [77.98176, 30.89709], [77.99097, 30.89678], [77.99542, 30.89874], [77.9994, 30.9028], [78.01838, 30.90524], [78.01889, 30.90802], [78.01666, 30.91342], [78.02254, 30.91514], [78.02149, 30.9198], [78.01506, 30.92726], [78.0122, 30.93553], [78.00263, 30.94466], [78.00236, 30.9485], [77.99692, 30.95298], [77.9887, 30.95534], [77.99219, 30.95919], [77.98629, 30.96107], [77.98472, 30.96528], [77.98092, 30.96466], [77.97671, 30.96709], [77.97115, 30.97338], [77.96447, 30.97392], [77.96148, 30.97184], [77.95843, 30.97272], [77.95381, 30.97083], [77.94055, 30.96988], [77.93468, 30.96794], [77.92931, 30.96838], [77.92615, 30.96388], [77.92225, 30.96264], [77.90655, 30.95001], [77.90225, 30.94879], [77.90128, 30.9517], [77.89951, 30.95204], [77.88718, 30.94225], [77.88202, 30.94521], [77.87238, 30.94075], [77.86968, 30.94351], [77.87059, 30.94659], [77.86939, 30.94957], [77.86573, 30.95307], [77.85637, 30.94969], [77.85541, 30.95073], [77.85692, 30.96047], [77.8494, 30.96971], [77.84574, 30.97129], [77.84602, 30.97543], [77.84111, 30.97753], [77.84268, 30.98344], [77.84089, 30.98644], [77.84418, 30.99077], [77.83357, 30.99064], [77.82822, 30.98759], [77.82571, 30.98364], [77.82812, 30.97899], [77.82817, 30.97303], [77.83132, 30.97049], [77.82732, 30.97009], [77.81642, 30.95817], [77.82622, 30.95337], [77.83346, 30.95605], [77.83603, 30.955], [77.84043, 30.95064], [77.83446, 30.94627], [77.82829, 30.94581], [77.81683, 30.94982], [77.80893, 30.95426], [77.80417, 30.95997], [77.80081, 30.96086], [77.79592, 30.96507], [77.77459, 30.97074], [77.77117, 30.97058], [77.76817, 30.96628], [77.75584, 30.9601], [77.75108, 30.94786], [77.75611, 30.93377], [77.75514, 30.93003], [77.76484, 30.92803], [77.7664, 30.92649], [77.76495, 30.91464], [77.76755, 30.91666], [77.77034, 30.91372], [77.77466, 30.9149], [77.77894, 30.91338], [77.78642, 30.91329], [77.78822, 30.91638], [77.80697, 30.91995], [77.81389, 30.91948], [77.81567, 30.91773], [77.81294, 30.91306], [77.81771, 30.90662], [77.8169, 30.90002], [77.80947, 30.89207], [77.80357, 30.89024], [77.80065, 30.86436], [77.80532, 30.8617], [77.80769, 30.84938], [77.78207, 30.85614], [77.77946, 30.85935], [77.77728, 30.87311], [77.76467, 30.87647], [77.75818, 30.86916], [77.75926, 30.8559], [77.7564, 30.85148], [77.74921, 30.84897], [77.74844, 30.84647], [77.75311, 30.83631], [77.75989, 30.83118], [77.76318, 30.82247], [77.7534, 30.81877], [77.7492, 30.81276], [77.72307, 30.7879], [77.7112, 30.77397], [77.70911, 30.75931], [77.7052, 30.74198], [77.7108, 30.73673], [77.71809, 30.73681], [77.7234, 30.7391], [77.73012, 30.73117], [77.73662, 30.7318], [77.73919, 30.72629], [77.73821, 30.721], [77.7481, 30.71666], [77.74866, 30.70986], [77.75817, 30.70327], [77.75261, 30.69663], [77.75479, 30.69316], [77.74934, 30.68984], [77.75089, 30.68292], [77.74964, 30.67649], [77.76203, 30.67199], [77.76207, 30.66955], [77.7658, 30.66761], [77.77522, 30.66555], [77.77606, 30.66195], [77.7837, 30.65629], [77.78643, 30.65616], [77.79191, 30.65904], [77.79477, 30.65446], [77.78916, 30.65226], [77.78821, 30.64848], [77.78347, 30.6429], [77.78912, 30.63863], [77.78792, 30.63384], [77.79273, 30.63082], [77.78853, 30.62751], [77.78805, 30.62133], [77.79479, 30.61759], [77.79815, 30.61006], [77.78893, 30.61099], [77.78284, 30.60948], [77.77745, 30.61038], [77.77413, 30.61346], [77.771, 30.6108], [77.77299, 30.60752], [77.77211, 30.60269], [77.77393, 30.59354], [77.76889, 30.5919], [77.76576, 30.59283], [77.75881, 30.6009], [77.75404, 30.59822], [77.7473, 30.59994], [77.74497, 30.59773], [77.74975, 30.59413], [77.74441, 30.59212], [77.74451, 30.589], [77.74959, 30.58767], [77.75859, 30.58237], [77.76292, 30.57379], [77.76905, 30.56795], [77.76934, 30.5625], [77.77542, 30.55458], [77.78022, 30.55432], [77.78496, 30.55642], [77.79611, 30.54975], [77.7989, 30.55042], [77.80169, 30.55431], [77.80794, 30.55086], [77.81603, 30.55644], [77.82006, 30.55747], [77.8248, 30.55022], [77.82216, 30.54324], [77.82988, 30.52919], [77.82955, 30.52557], [77.82807, 30.5227], [77.82232, 30.52117], [77.82079, 30.50478], [77.81893, 30.50238], [77.81052, 30.50115], [77.80249, 30.49755], [77.78916, 30.49773], [77.78462, 30.49631], [77.77832, 30.49109], [77.76877, 30.48924], [77.73767, 30.47071], [77.72178, 30.46855], [77.70963, 30.45584], [77.70058, 30.45243], [77.69249, 30.44435], [77.67302, 30.44046], [77.66425, 30.44351], [77.65528, 30.44442], [77.65108, 30.44138], [77.64935, 30.43229], [77.64605, 30.42826], [77.63894, 30.42915], [77.63429, 30.42726], [77.63005, 30.42868], [77.62916, 30.43057], [77.62478, 30.43065], [77.61312, 30.42649], [77.59535, 30.42353], [77.59405, 30.41976], [77.58585, 30.41641], [77.57593, 30.40819], [77.57852, 30.3959], [77.5794, 30.39393], [77.5807, 30.39477]]]}}, {"type": "Feature", "properties": {"shapeName": "Uttarkashi", "shapeISO": "", "shapeID": "76128533B81694682724865", "shapeGroup": "IND", "shapeType": "ADM2", "district": "Uttarkashi"}, "geometry": {"type": "Polygon", "coordinates": [[[78.31338, 31.27927], [78.31028, 31.27222], [78.31274, 31.26772], [78.30884, 31.25647], [78.30518, 31.25533], [78.29947, 31.25726], [78.29401, 31.25624], [78.28512, 31.26239], [78.28138, 31.25835], [78.27831, 31.25762], [78.27583, 31.2522], [78.27136, 31.24852], [78.27154, 31.24561], [78.26453, 31.24167], [78.26223, 31.23607], [78.25673, 31.23503], [78.25158, 31.23662], [78.25274, 31.23], [78.24687, 31.22596], [78.24366, 31.22553], [78.2336, 31.23013], [78.22692, 31.23117], [78.22116, 31.2301], [78.21701, 31.22565], [78.21569, 31.21755], [78.21334, 31.21581], [78.20992, 31.21641], [78.20156, 31.21341], [78.19782, 31.21476], [78.19295, 31.22118], [78.18808, 31.22322], [78.18012, 31.22177], [78.17468, 31.22301], [78.1676, 31.22078], [78.16104, 31.22157], [78.15876, 31.21491], [78.15514, 31.21491], [78.14934, 31.21006], [78.1486, 31.20679], [78.13401, 31.20441], [78.1295, 31.19713], [78.1245, 31.19649], [78.12125, 31.19338], [78.11476, 31.1906], [78.10476, 31.18164], [78.09821, 31.18037], [78.08887, 31.18334], [78.06739, 31.18362], [78.05188, 31.17619], [78.04875, 31.17661], [78.04346, 31.17486], [78.04163, 31.16917], [78.03473, 31.16615], [78.03044, 31.1607], [78.02984, 31.15699], [78.03285, 31.15138], [78.03095, 31.14689], [78.02209, 31.1472], [78.00932, 31.15693], [78.00204, 31.15798], [77.99418, 31.15678], [77.98717, 31.15332], [77.98279, 31.1586], [77.97547, 31.16263], [77.9702, 31.16914], [77.96331, 31.16785], [77.95593, 31.16159], [77.95491, 31.15808], [77.94669, 31.15793], [77.93736, 31.15117], [77.92679, 31.14652], [77.92468, 31.14628], [77.91945, 31.15003], [77.91205, 31.15043], [77.90534, 31.14873], [77.9023, 31.14621], [77.90327, 31.14062], [77.901, 31.13518], [77.89701, 31.13062], [77.89111, 31.12824], [77.89404, 31.11791], [77.88514, 31.11527], [77.88334, 31.11134], [77.88114, 31.11339], [77.87593, 31.11208], [77.87099, 31.10909], [77.86999, 31.10684], [77.86615, 31.10574], [77.86254, 31.09879], [77.86582, 31.08914], [77.8631, 31.08731], [77.86121, 31.082], [77.85213, 31.07056], [77.83863, 31.06914], [77.83797, 31.06569], [77.83036, 31.05393], [77.82264, 31.05135], [77.82517, 31.05493], [77.81387, 31.05563], [77.82008, 31.05283], [77.81807, 31.04712], [77.82414, 31.04301], [77.82397, 31.03905], [77.82981, 31.0273], [77.83363, 31.02537], [77.833, 31.02226], [77.835, 31.01911], [77.83601, 31.01189], [77.83306, 31.00764], [77.83609, 31.00637], [77.83709, 31.00233], [77.83958, 31.00068], [77.84039, 30.99493], [77.84507, 30.99197], [77.84418, 30.99077], [77.84089, 30.98644], [77.84268, 30.98344], [77.84111, 30.97753], [77.84602, 30.97543], [77.84574, 30.97129], [77.8494, 30.96971], [77.85692, 30.96047], [77.85541, 30.95073], [77.85637, 30.94969], [77.86573, 30.95307], [77.86939, 30.94957], [77.87059, 30.94659], [77.86968, 30.94351], [77.87238, 30.94075], [77.88202, 30.94521], [77.88718, 30.94225], [77.89951, 30.95204], [77.90128, 30.9517], [77.90225, 30.94879], [77.90655, 30.95001], [77.92225, 30.96264], [77.92615, 30.96388], [77.92931, 30.96838], [77.93468, 30.96794], [77.94055, 30.96988], [77.95381, 30.97083], [77.95843, 30.97272], [77.96148, 30.97184], [77.96447, 30.97392], [77.97115, 30.97338], [77.97671, 30.96709], [77.98092, 30.96466], [77.98472, 30.96528], [77.98629, 30.96107], [77.99219, 30.95919], [77.9887, 30.95534], [77.99692, 30.95298], [78.00236, 30.9485], [78.00263, 30.94466], [78.0122, 30.93553], [78.01506, 30.92726], [78.02149, 30.9198], [78.02254, 30.91514], [78.01666, 30.91342], [78.01889, 30.90802], [78.01838, 30.90524], [77.9994, 30.9028], [77.99542, 30.89874], [77.99097, 30.89678], [77.98176, 30.89709], [77.97661, 30.88596], [77.98675, 30.8758], [77.98471, 30.86927], [77.98913, 30.85668], [77.99353, 30.8561], [77.99116, 30.8485], [77.99309, 30.83637], [77.99815, 30.8275], [78.00324, 30.82046], [78.01432, 30.81487], [78.02107, 30.80739], [78.0254, 30.80616], [78.0286, 30.80208], [78.03028, 30.79878], [78.02584, 30.78605], [78.03265, 30.78343], [78.04339, 30.77389], [78.04982, 30.77173], [78.05508, 30.76584], [78.05605, 30.76186], [78.06398, 30.75825], [78.0672, 30.75523], [78.0712, 30.74735], [78.07052, 30.74023], [78.08137, 30.73717], [78.08019, 30.7262], [78.08147, 30.72252], [78.08596, 30.71873], [78.0862, 30.71547], [78.08171, 30.70619], [78.07435, 30.70323], [78.07602, 30.69469], [78.06916, 30.68214], [78.06851, 30.66978], [78.06365, 30.66209], [78.04984, 30.65779], [78.04614, 30.65442], [78.04492, 30.6497], [78.03421, 30.64142], [78.0309, 30.64224], [78.02725, 30.64742], [78.02285, 30.65005], [78.01866, 30.6506], [78.01298, 30.64789], [78.01184, 30.64003], [78.01277, 30.63501], [78.01555, 30.63117], [78.01592, 30.62484], [78.01472, 30.62234], [78.01054, 30.62121], [78.01042, 30.61675], [78.01485, 30.61287], [78.0279, 30.60909], [78.03323, 30.60628], [78.04204, 30.59764], [78.04603, 30.59742], [78.0529, 30.59852], [78.0572, 30.60087], [78.06083, 30.60139], [78.06457, 30.60005], [78.06946, 30.60233], [78.07706, 30.60323], [78.07749, 30.60446], [78.0686, 30.6146], [78.06913, 30.61803], [78.06732, 30.61963], [78.06989, 30.61952], [78.07637, 30.62307], [78.0795, 30.62687], [78.08459, 30.62734], [78.08899, 30.63038], [78.09539, 30.62816], [78.10201, 30.62996], [78.10316, 30.63161], [78.10873, 30.62991], [78.11712, 30.63049], [78.12135, 30.63344], [78.12615, 30.63442], [78.12701, 30.63679], [78.13495, 30.63054], [78.14252, 30.62835], [78.15634, 30.63185], [78.16527, 30.62273], [78.16433, 30.6168], [78.16766, 30.6137], [78.17281, 30.60062], [78.16642, 30.59667], [78.16655, 30.58468], [78.17153, 30.58414], [78.17718, 30.58141], [78.18526, 30.58267], [78.19093, 30.57997], [78.19528, 30.57993], [78.20742, 30.574], [78.22068, 30.57931], [78.23833, 30.58319], [78.24179, 30.58941], [78.24576, 30.5925], [78.24288, 30.59709], [78.25071, 30.60768], [78.26035, 30.60345], [78.26409, 30.60422], [78.27017, 30.60997], [78.279, 30.60873], [78.29835, 30.59032], [78.3012, 30.59058], [78.30051, 30.58595], [78.30335, 30.5836], [78.30183, 30.58155], [78.29484, 30.57844], [78.29032, 30.56874], [78.29821, 30.56554], [78.3013, 30.56183], [78.30397, 30.56092], [78.299, 30.55888], [78.28837, 30.56015], [78.28693, 30.55682], [78.28891, 30.54936], [78.29214, 30.54832], [78.29599, 30.55241], [78.29984, 30.5521], [78.30457, 30.5539], [78.30894, 30.55322], [78.31424, 30.55567], [78.31574, 30.55772], [78.31472, 30.56042], [78.3056, 30.56814], [78.30646, 30.56887], [78.31534, 30.569], [78.3194, 30.57045], [78.32696, 30.55687], [78.33075, 30.55729], [78.32983, 30.55526], [78.33498, 30.56012], [78.34104, 30.56026], [78.3411, 30.54908], [78.34745, 30.54675], [78.34473, 30.54224], [78.35158, 30.52983], [78.35861, 30.53093], [78.35923, 30.52859], [78.35676, 30.52616], [78.36127, 30.52212], [78.36237, 30.51863], [78.36922, 30.51749], [78.37294, 30.51439], [78.37752, 30.5146], [78.38297, 30.50937], [78.39565, 30.50249], [78.39404, 30.49511], [78.39832, 30.4929], [78.39849, 30.49038], [78.40441, 30.48937], [78.40638, 30.48705], [78.40584, 30.48039], [78.40889, 30.47674], [78.40753, 30.46749], [78.41639, 30.46432], [78.4125, 30.47055], [78.41809, 30.48642], [78.42493, 30.4899], [78.42584, 30.49172], [78.42707, 30.50223], [78.42449, 30.50472], [78.42843, 30.50793], [78.42664, 30.5127], [78.42852, 30.51382], [78.42865, 30.51698], [78.42705, 30.52308], [78.43202, 30.52626], [78.43381, 30.53947], [78.43752, 30.5405], [78.44083, 30.54959], [78.43952, 30.55987], [78.43654, 30.56033], [78.43596, 30.56564], [78.43097, 30.56972], [78.42914, 30.57926], [78.43243, 30.5884], [78.43168, 30.59534], [78.43371, 30.60223], [78.43695, 30.60918], [78.44185, 30.61282], [78.44278, 30.61535], [78.4479, 30.61684], [78.4556, 30.61575], [78.4646, 30.61689], [78.47653, 30.62455], [78.48507, 30.61812], [78.49133, 30.61671], [78.50083, 30.60914], [78.50965, 30.59874], [78.51075, 30.59407], [78.51518, 30.59132], [78.51119, 30.58635], [78.51116, 30.58382], [78.50721, 30.58278], [78.50165, 30.57702], [78.50136, 30.56259], [78.49842, 30.55365], [78.50015, 30.54885], [78.49761, 30.53736], [78.49951, 30.53558], [78.49846, 30.53371], [78.49985, 30.52728], [78.50547, 30.52811], [78.50872, 30.52598], [78.51235, 30.52679], [78.52083, 30.5242], [78.53186, 30.52789], [78.54178, 30.52372], [78.54875, 30.52963], [78.54804, 30.54193], [78.54604, 30.54809], [78.55076, 30.55516], [78.55145, 30.56158], [78.55008, 30.56368], [78.55172, 30.56997], [78.55595, 30.57187], [78.55865, 30.57583], [78.55947, 30.57946], [78.56196, 30.58118], [78.5618, 30.58559], [78.56641, 30.58781], [78.57163, 30.59399], [78.57946, 30.59849], [78.5754, 30.60279], [78.58413, 30.61217], [78.58659, 30.61849], [78.59688, 30.62313], [78.59942, 30.62715], [78.59829, 30.64544], [78.60224, 30.66804], [78.60059, 30.66984], [78.59655, 30.67055], [78.59432, 30.67446], [78.58718, 30.67702], [78.58843, 30.68133], [78.5918, 30.68509], [78.59795, 30.68793], [78.60405, 30.6879], [78.60999, 30.6831], [78.61341, 30.68242], [78.6156, 30.68476], [78.6226, 30.6875], [78.62515, 30.68489], [78.62953, 30.68665], [78.6327, 30.68583], [78.63895, 30.68086], [78.64883, 30.68465], [78.65821, 30.68595], [78.66054, 30.68911], [78.65878, 30.6987], [78.66206, 30.70114], [78.66265, 30.70345], [78.6838, 30.70986], [78.69711, 30.71189], [78.70055, 30.71063], [78.71106, 30.72021], [78.71638, 30.7229], [78.72148, 30.73011], [78.72998, 30.72639], [78.73278, 30.72169], [78.73838, 30.71776], [78.74225, 30.71235], [78.75405, 30.70708], [78.75878, 30.71053], [78.76035, 30.7146], [78.77277, 30.71841], [78.77926, 30.71804], [78.78005, 30.71916], [78.7874, 30.71997], [78.80462, 30.71952], [78.80756, 30.72125], [78.80995, 30.71599], [78.81383, 30.72118], [78.83242, 30.72844], [78.83819, 30.73524], [78.84974, 30.73378], [78.85194, 30.73515], [78.85374, 30.74387], [78.85696, 30.74852], [78.85511, 30.76816], [78.85208, 30.77498], [78.85485, 30.78671], [78.85846, 30.79222], [78.8564, 30.80287], [78.86461, 30.81289], [78.86163, 30.82014], [78.85784, 30.82234], [78.85713, 30.82698], [78.85291, 30.83239], [78.85176, 30.84354], [78.86148, 30.85464], [78.87114, 30.85902], [78.87105, 30.86336], [78.87506, 30.87193], [78.88456, 30.87409], [78.89289, 30.87107], [78.89798, 30.86735], [78.90573, 30.86976], [78.90975, 30.86904], [78.91961, 30.87441], [78.92711, 30.87464], [78.92796, 30.87029], [78.93438, 30.87011], [78.94139, 30.86481], [78.94781, 30.85012], [78.95378, 30.85194], [78.97193, 30.84909], [78.97886, 30.84988], [78.98323, 30.85282], [78.99693, 30.85755], [79.0138, 30.84483], [79.0196, 30.8295], [79.03313, 30.806], [79.0475, 30.80799], [79.06539, 30.80589], [79.07448, 30.79713], [79.08439, 30.78187], [79.0955, 30.77551], [79.11131, 30.77396], [79.12927, 30.7677], [79.13358, 30.75768], [79.141, 30.74636], [79.14413, 30.74399], [79.15838, 30.75211], [79.1666, 30.75282], [79.18468, 30.74634], [79.19492, 30.73845], [79.19918, 30.73725], [79.20151, 30.7298], [79.20432, 30.73012], [79.20977, 30.73379], [79.24429, 30.72912], [79.24651, 30.73029], [79.25081, 30.72859], [79.25532, 30.72393], [79.25769, 30.71875], [79.26529, 30.71822], [79.27017, 30.72055], [79.27694, 30.72001], [79.28219, 30.72733], [79.28178, 30.73425], [79.29136, 30.74625], [79.23278, 30.79875], [79.22563, 30.81407], [79.26312, 30.86675], [79.27804, 30.87762], [79.27491, 30.89892], [79.27742, 30.91199], [79.28524, 30.93581], [79.27691, 30.94045], [79.26979, 30.95458], [79.27655, 30.9606], [79.29842, 30.968], [79.31779, 30.96114], [79.32454, 30.96834], [79.32846, 30.98025], [79.32236, 30.99621], [79.31039, 31.00185], [79.31054, 31.01], [79.31808, 31.01461], [79.32465, 31.02207], [79.33773, 31.02383], [79.34517, 31.02752], [79.35358, 31.02715], [79.36667, 31.03369], [79.36952, 31.03586], [79.37273, 31.04427], [79.3784, 31.04961], [79.38681, 31.05205], [79.38703, 31.05941], [79.3914, 31.06389], [79.39703, 31.06574], [79.40208, 31.06491], [79.40692, 31.07459], [79.41961, 31.08063], [79.41659, 31.10304], [79.41041, 31.10979], [79.3926, 31.11368], [79.37828, 31.10973], [79.37065, 31.11401], [79.36691, 31.11975], [79.35407, 31.11843], [79.35193, 31.12099], [79.34484, 31.1227], [79.34176, 31.12913], [79.33076, 31.12908], [79.3239, 31.13509], [79.31216, 31.15036], [79.31087, 31.16022], [79.30675, 31.16592], [79.31117, 31.17033], [79.30776, 31.17788], [79.30844, 31.18383], [79.30629, 31.1862], [79.30773, 31.19213], [79.30508, 31.2091], [79.30255, 31.21247], [79.30253, 31.21603], [79.29834, 31.21892], [79.29679, 31.222], [79.29125, 31.22319], [79.29191, 31.22663], [79.2893, 31.23287], [79.28527, 31.23564], [79.27544, 31.23578], [79.27061, 31.23439], [79.26445, 31.23661], [79.26176, 31.23588], [79.26115, 31.2382], [79.25825, 31.23921], [79.25264, 31.24476], [79.24173, 31.24618], [79.23737, 31.24991], [79.22574, 31.25445], [79.22365, 31.25685], [79.22462, 31.2594], [79.23028, 31.26329], [79.23725, 31.26523], [79.24473, 31.27099], [79.24568, 31.27645], [79.24786, 31.27885], [79.24884, 31.28776], [79.2452, 31.29107], [79.22784, 31.29766], [79.22443, 31.30561], [79.21913, 31.30871], [79.22262, 31.32023], [79.23506, 31.33001], [79.22715, 31.33619], [79.22201, 31.33744], [79.21467, 31.34584], [79.20298, 31.34707], [79.19567, 31.3495], [79.19051, 31.34909], [79.18089, 31.35433], [79.1735, 31.35507], [79.16942, 31.3571], [79.16881, 31.36997], [79.17593, 31.37956], [79.17037, 31.38722], [79.17048, 31.39269], [79.16549, 31.39412], [79.15618, 31.39985], [79.15452, 31.40424], [79.14691, 31.41001], [79.14105, 31.42223], [79.14131, 31.42969], [79.11831, 31.4333], [79.11427, 31.43652], [79.10693, 31.4385], [79.10493, 31.44283], [79.10052, 31.44483], [79.09815, 31.44788], [79.08521, 31.44229], [79.07927, 31.44642], [79.07783, 31.45014], [79.07584, 31.44972], [79.0736, 31.4523], [79.06803, 31.44301], [79.06927, 31.43396], [79.06176, 31.42602], [79.0607, 31.42255], [79.0532, 31.42301], [79.04935, 31.41884], [79.04364, 31.42588], [79.03914, 31.42619], [79.0363, 31.42458], [79.02477, 31.42329], [79.02363, 31.41908], [79.02089, 31.42082], [79.01815, 31.41975], [79.0151, 31.40365], [79.01768, 31.3848], [79.01651, 31.38176], [79.01183, 31.379], [79.00977, 31.37464], [79.01073, 31.36673], [79.01544, 31.3565], [79.02036, 31.35373], [79.01764, 31.35087], [79.01811, 31.34386], [79.00066, 31.33587], [78.98554, 31.33564], [78.96512, 31.32228], [78.94372, 31.29111], [78.92267, 31.25333], [78.9173, 31.24368], [78.92011, 31.23825], [78.92312, 31.22111], [78.92692, 31.21935], [78.92675, 31.21645], [78.93044, 31.21271], [78.94846, 31.21305], [78.94935, 31.2094], [78.94462, 31.20277], [78.94786, 31.19903], [78.94885, 31.19457], [78.95889, 31.1869], [78.95816, 31.18308], [78.97366, 31.17613], [78.97968, 31.1755], [78.98202, 31.17211], [78.98517, 31.17183], [78.99125, 31.15733], [78.98901, 31.15038], [78.99156, 31.14434], [78.98823, 31.13994], [78.99164, 31.13433], [79.00506, 31.13005], [79.00752, 31.12801], [79.00924, 31.12284], [79.00621, 31.11345], [78.99901, 31.10623], [78.97376, 31.10439], [78.95987, 31.09575], [78.95255, 31.09412], [78.94541, 31.09701], [78.93815, 31.09792], [78.93318, 31.09694], [78.92674, 31.10578], [78.92247, 31.10702], [78.9139, 31.10425], [78.91319, 31.09823], [78.90971, 31.09524], [78.90127, 31.09598], [78.89174, 31.09306], [78.8838, 31.09608], [78.88178, 31.09892], [78.87754, 31.10084], [78.86577, 31.11624], [78.85365, 31.11837], [78.8487, 31.12124], [78.84155, 31.12664], [78.83897, 31.13438], [78.83183, 31.13699], [78.82804, 31.14884], [78.82356, 31.15402], [78.82565, 31.1599], [78.81866, 31.16415], [78.81381, 31.16522], [78.81162, 31.16805], [78.81133, 31.17692], [78.81495, 31.18379], [78.818, 31.1858], [78.81717, 31.19065], [78.81084, 31.19448], [78.79831, 31.19293], [78.77703, 31.18414], [78.76616, 31.18198], [78.75757, 31.18417], [78.74938, 31.1839], [78.62001, 31.21677], [78.58826, 31.21855], [78.54577, 31.20944], [78.50078, 31.1944], [78.48608, 31.1956], [78.48183, 31.2108], [78.47495, 31.21504], [78.4639, 31.23265], [78.4598, 31.23447], [78.45782, 31.23777], [78.45213, 31.23721], [78.44564, 31.241], [78.43871, 31.25061], [78.43485, 31.25075], [78.4284, 31.24116], [78.42316, 31.24078], [78.41786, 31.23671], [78.41492, 31.23622], [78.40898, 31.2389], [78.40504, 31.2448], [78.4093, 31.25259], [78.39933, 31.26344], [78.3984, 31.27164], [78.39378, 31.27147], [78.38831, 31.26813], [78.38526, 31.27927], [78.37219, 31.28251], [78.36505, 31.28128], [78.35438, 31.27703], [78.34702, 31.27707], [78.34207, 31.2789], [78.33421, 31.27392], [78.32036, 31.27533], [78.3192, 31.2777], [78.31338, 31.27927]]]}}, {"type": "Feature", "properties": {"shapeName": "Hardwar", "shapeISO": "", "shapeID": "76128533B87833640460819", "shapeGroup": "IND", "shapeType": "ADM2", "district": "Hardwar"}, "geometry": {"type": "Polygon", "coordinates": [[[77.96336, 30.23889], [77.95895, 30.23797], [77.94889, 30.23056], [77.94746, 30.22672], [77.94272, 30.22411], [77.93448, 30.21156], [77.92046, 30.20752], [77.91941, 30.19982], [77.91551, 30.19106], [77.91688, 30.18853], [77.91435, 30.18375], [77.91464, 30.17958], [77.91222, 30.17609], [77.90383, 30.17035], [77.88368, 30.14606], [77.87938, 30.1371], [77.86899, 30.12253], [77.86821, 30.11705], [77.86156, 30.10938], [77.84993, 30.1003], [77.84768, 30.10161], [77.84251, 30.09823], [77.84056, 30.09928], [77.83777, 30.09794], [77.83807, 30.09405], [77.83531, 30.09059], [77.83612, 30.08587], [77.83315, 30.0834], [77.82893, 30.08353], [77.8277, 30.0819], [77.8212, 30.08211], [77.81192, 30.09025], [77.80302, 30.09165], [77.80036, 30.08049], [77.79733, 30.07737], [77.79824, 30.07666], [77.7776, 30.05104], [77.77323, 30.04218], [77.77307, 30.03871], [77.77499, 30.03841], [77.77752, 30.03441], [77.7841, 30.02961], [77.78142, 30.02731], [77.79, 30.02152], [77.78664, 30.01488], [77.78399, 30.01194], [77.77765, 30.01407], [77.77642, 30.01148], [77.77366, 30.0118], [77.76583, 30.00603], [77.76429, 30.00264], [77.7658, 30.00133], [77.75773, 29.99557], [77.76194, 29.99225], [77.76168, 29.99088], [77.75781, 29.9899], [77.7523, 29.98244], [77.75091, 29.98287], [77.74571, 29.97956], [77.74939, 29.97695], [77.7627, 29.96078], [77.75703, 29.95195], [77.75276, 29.95102], [77.74757, 29.94465], [77.74969, 29.94236], [77.74479, 29.93977], [77.74506, 29.93729], [77.74288, 29.93869], [77.73292, 29.92881], [77.73449, 29.92918], [77.7364, 29.92606], [77.73985, 29.92593], [77.74488, 29.92295], [77.74623, 29.91336], [77.75031, 29.90745], [77.73889, 29.90321], [77.7411, 29.89983], [77.73614, 29.89805], [77.73641, 29.89636], [77.73172, 29.89731], [77.73101, 29.8939], [77.73403, 29.88979], [77.73324, 29.88815], [77.7313, 29.88897], [77.72556, 29.8852], [77.7252, 29.88099], [77.72085, 29.88408], [77.71704, 29.88078], [77.71945, 29.87449], [77.7231, 29.87219], [77.71718, 29.86916], [77.71617, 29.86697], [77.72061, 29.86209], [77.71898, 29.85924], [77.72575, 29.85174], [77.72864, 29.85238], [77.72919, 29.85057], [77.74441, 29.848], [77.74623, 29.84394], [77.74392, 29.84269], [77.74638, 29.83537], [77.74263, 29.83121], [77.75795, 29.82142], [77.75604, 29.81683], [77.76114, 29.81461], [77.75746, 29.80816], [77.75496, 29.80853], [77.75355, 29.80712], [77.76512, 29.79909], [77.76706, 29.7925], [77.77651, 29.78686], [77.77689, 29.78525], [77.7743, 29.78257], [77.77605, 29.78048], [77.77445, 29.77651], [77.77999, 29.77118], [77.77514, 29.76524], [77.78287, 29.76153], [77.77292, 29.74665], [77.77183, 29.74706], [77.77215, 29.74077], [77.78424, 29.73178], [77.7714, 29.71394], [77.7739, 29.71007], [77.78494, 29.70518], [77.78741, 29.70638], [77.79388, 29.70602], [77.80106, 29.70257], [77.8002, 29.70106], [77.81197, 29.69822], [77.80069, 29.68229], [77.80765, 29.67767], [77.81675, 29.67468], [77.82447, 29.66816], [77.83222, 29.66384], [77.83305, 29.66579], [77.83542, 29.6643], [77.83853, 29.66698], [77.84067, 29.666], [77.84222, 29.66886], [77.84382, 29.66815], [77.84574, 29.67122], [77.84933, 29.67209], [77.85307, 29.67744], [77.85462, 29.67667], [77.85637, 29.67795], [77.85802, 29.67674], [77.86525, 29.68547], [77.8769, 29.68391], [77.88158, 29.68968], [77.88216, 29.69499], [77.88066, 29.69613], [77.88436, 29.69869], [77.89265, 29.69512], [77.89777, 29.69851], [77.90396, 29.69771], [77.9149, 29.69247], [77.91571, 29.69403], [77.92238, 29.69556], [77.91811, 29.69913], [77.91949, 29.70294], [77.92224, 29.70222], [77.92875, 29.7107], [77.93211, 29.71149], [77.93644, 29.7089], [77.94077, 29.71116], [77.94351, 29.70804], [77.94794, 29.70929], [77.9488, 29.70325], [77.95379, 29.69581], [77.95629, 29.68323], [77.96345, 29.6787], [77.96359, 29.67215], [77.96574, 29.66976], [77.96846, 29.66862], [77.97193, 29.66985], [77.97946, 29.66108], [77.98705, 29.6572], [77.98716, 29.65275], [77.99152, 29.64802], [77.98981, 29.6389], [77.99333, 29.63478], [77.99258, 29.62874], [77.9845, 29.61728], [77.98427, 29.61349], [77.98113, 29.61174], [77.9799, 29.60782], [77.96977, 29.59509], [77.97013, 29.59056], [77.96865, 29.58789], [77.96751, 29.58707], [77.96591, 29.58869], [77.9636, 29.5858], [77.97552, 29.57708], [77.97664, 29.58137], [77.98555, 29.5799], [77.98845, 29.58065], [77.99778, 29.59245], [78.02222, 29.55555], [78.03323, 29.53847], [78.0455, 29.54101], [78.04884, 29.54415], [78.04732, 29.54901], [78.04815, 29.55683], [78.04519, 29.56192], [78.0488, 29.56883], [78.04684, 29.57244], [78.0402, 29.57745], [78.03994, 29.58591], [78.04421, 29.58968], [78.0441, 29.59334], [78.04913, 29.59906], [78.06228, 29.60452], [78.06989, 29.60584], [78.07588, 29.60278], [78.08331, 29.60321], [78.08769, 29.60724], [78.08837, 29.61541], [78.09331, 29.62091], [78.09229, 29.62477], [78.09354, 29.6241], [78.0961, 29.62729], [78.10283, 29.63046], [78.1056, 29.63456], [78.12421, 29.64073], [78.12666, 29.64278], [78.13014, 29.64334], [78.1353, 29.64118], [78.1418, 29.64461], [78.14723, 29.6508], [78.14773, 29.65722], [78.14472, 29.66319], [78.14606, 29.67022], [78.15592, 29.67786], [78.17424, 29.68232], [78.18084, 29.67846], [78.19637, 29.68148], [78.19987, 29.68675], [78.20241, 29.69513], [78.20143, 29.71292], [78.20298, 29.71905], [78.20848, 29.72789], [78.20711, 29.73265], [78.20981, 29.73402], [78.21394, 29.73278], [78.2149, 29.73656], [78.21764, 29.73756], [78.22403, 29.73489], [78.2265, 29.73718], [78.23313, 29.73126], [78.23465, 29.73387], [78.24079, 29.7371], [78.24342, 29.73392], [78.24838, 29.73267], [78.24932, 29.73049], [78.25399, 29.73062], [78.25715, 29.73404], [78.2634, 29.73389], [78.26631, 29.73658], [78.26466, 29.73965], [78.27019, 29.74271], [78.27278, 29.74749], [78.27751, 29.75149], [78.28132, 29.75158], [78.28506, 29.75502], [78.28867, 29.75356], [78.29149, 29.76017], [78.2981, 29.75876], [78.30687, 29.77108], [78.31538, 29.77329], [78.31567, 29.77737], [78.3179, 29.77789], [78.32119, 29.78213], [78.33656, 29.78583], [78.34328, 29.78911], [78.33416, 29.79478], [78.33166, 29.7989], [78.32892, 29.81095], [78.32672, 29.81355], [78.32139, 29.83042], [78.31669, 29.86161], [78.29899, 29.87261], [78.29296, 29.87795], [78.28619, 29.88105], [78.28231, 29.88499], [78.27794, 29.89329], [78.27176, 29.89482], [78.26796, 29.90048], [78.27333, 29.91256], [78.27702, 29.91663], [78.27549, 29.91989], [78.27364, 29.92185], [78.26339, 29.92264], [78.25192, 29.92577], [78.24475, 29.93245], [78.23362, 29.9392], [78.22988, 29.94423], [78.22472, 29.94631], [78.2046, 29.96208], [78.19501, 29.96211], [78.18908, 29.95967], [78.18768, 29.96614], [78.18877, 29.96937], [78.20014, 29.98509], [78.19515, 29.98526], [78.1922, 29.99272], [78.18535, 29.98793], [78.18154, 29.97518], [78.17187, 29.96727], [78.1723, 29.96066], [78.16813, 29.96282], [78.16359, 29.96157], [78.16059, 29.96346], [78.16031, 29.96527], [78.1553, 29.96352], [78.15119, 29.96407], [78.15013, 29.9681], [78.14627, 29.97087], [78.14508, 29.97533], [78.14108, 29.97497], [78.14114, 29.97783], [78.13651, 29.98276], [78.13705, 29.98744], [78.13326, 29.99137], [78.13382, 29.99592], [78.13018, 29.99798], [78.12543, 29.99503], [78.1182, 30.00128], [78.11817, 30.00494], [78.11551, 30.00681], [78.11343, 30.00576], [78.10937, 30.00744], [78.10659, 30.00342], [78.10039, 30.00851], [78.09731, 30.00892], [78.0963, 30.01185], [78.10237, 30.02288], [78.09945, 30.02531], [78.09303, 30.02664], [78.08865, 30.03013], [78.08402, 30.03029], [78.08316, 30.03338], [78.07624, 30.03653], [78.07612, 30.03967], [78.07128, 30.03966], [78.06981, 30.04669], [78.07542, 30.05699], [78.07314, 30.06583], [78.06966, 30.0692], [78.07095, 30.07265], [78.06808, 30.07464], [78.06632, 30.07876], [78.0626, 30.08033], [78.06055, 30.08423], [78.04906, 30.08838], [78.04634, 30.09532], [78.04333, 30.09588], [78.04136, 30.09931], [78.03785, 30.10055], [78.037, 30.10693], [78.03416, 30.1097], [78.03485, 30.11635], [78.03142, 30.11968], [78.02882, 30.1304], [78.01656, 30.14467], [78.01717, 30.14672], [78.01352, 30.15839], [78.00891, 30.16853], [78.00055, 30.18141], [77.99444, 30.18744], [77.98785, 30.20037], [77.98572, 30.20045], [77.97658, 30.20898], [77.97488, 30.21246], [77.9768, 30.21525], [77.97415, 30.21723], [77.97032, 30.21673], [77.96279, 30.22434], [77.95771, 30.22714], [77.96117, 30.23157], [77.96336, 30.23889]]]}}, {"type": "Feature", "properties": {"shapeName": "Tehri Garhwal", "shapeISO": "", "shapeID": "76128533B61134942989820", "shapeGroup": "IND", "shapeType": "ADM2", "district": "Tehri Garhwal"}, "geometry": {"type": "Polygon", "coordinates": [[[78.31183, 30.11127], [78.31166, 30.11423], [78.31736, 30.12002], [78.32382, 30.1222], [78.33132, 30.12043], [78.33359, 30.12849], [78.34112, 30.13133], [78.34439, 30.13093], [78.35104, 30.12556], [78.3754, 30.1132], [78.38341, 30.11811], [78.39283, 30.11857], [78.39492, 30.12359], [78.39365, 30.13166], [78.4028, 30.13389], [78.40926, 30.13357], [78.42095, 30.12586], [78.42427, 30.11881], [78.42554, 30.11068], [78.43848, 30.10993], [78.44103, 30.10815], [78.43586, 30.09523], [78.43628, 30.07759], [78.45332, 30.06573], [78.46964, 30.06087], [78.47955, 30.06241], [78.48213, 30.05168], [78.49078, 30.05511], [78.49508, 30.06835], [78.49871, 30.07182], [78.5016, 30.07196], [78.50304, 30.06997], [78.50119, 30.05985], [78.50959, 30.05262], [78.51329, 30.0517], [78.5164, 30.05473], [78.5166, 30.06277], [78.5253, 30.06259], [78.52515, 30.06787], [78.52828, 30.07154], [78.53508, 30.0723], [78.5521, 30.06694], [78.5609, 30.06726], [78.56517, 30.06552], [78.5681, 30.05832], [78.57593, 30.05979], [78.58027, 30.05898], [78.58592, 30.04976], [78.59065, 30.04917], [78.59202, 30.05037], [78.59145, 30.05943], [78.59339, 30.06261], [78.60194, 30.0612], [78.60437, 30.0646], [78.59168, 30.06886], [78.58508, 30.06841], [78.58552, 30.07256], [78.59364, 30.08051], [78.59455, 30.08308], [78.58185, 30.0977], [78.58136, 30.10026], [78.5834, 30.10245], [78.58832, 30.10138], [78.59069, 30.10429], [78.59123, 30.10851], [78.58871, 30.11542], [78.58961, 30.11829], [78.60006, 30.12041], [78.60344, 30.12304], [78.59819, 30.1284], [78.60048, 30.1417], [78.59933, 30.14849], [78.60543, 30.14682], [78.60936, 30.14181], [78.6107, 30.14523], [78.61849, 30.14622], [78.62242, 30.15283], [78.62138, 30.16009], [78.62357, 30.16459], [78.62371, 30.17536], [78.62749, 30.17867], [78.63386, 30.18057], [78.64739, 30.19111], [78.64504, 30.19994], [78.64924, 30.20411], [78.66634, 30.21246], [78.68153, 30.2138], [78.68542, 30.2174], [78.68387, 30.22036], [78.6853, 30.22294], [78.6826, 30.22575], [78.68212, 30.22881], [78.68457, 30.23502], [78.68864, 30.23537], [78.69379, 30.2311], [78.7013, 30.23259], [78.70414, 30.22904], [78.70766, 30.22791], [78.71417, 30.22886], [78.71803, 30.23349], [78.7205, 30.22907], [78.74931, 30.20977], [78.75677, 30.21403], [78.76316, 30.21375], [78.76601, 30.22374], [78.76853, 30.22526], [78.78046, 30.22484], [78.78765, 30.22803], [78.79156, 30.22648], [78.79987, 30.21922], [78.80974, 30.21922], [78.80966, 30.22531], [78.8179, 30.22668], [78.82241, 30.22905], [78.8201, 30.23678], [78.82724, 30.24274], [78.83125, 30.24031], [78.83235, 30.23795], [78.84617, 30.23854], [78.84899, 30.23981], [78.84857, 30.24212], [78.85047, 30.24318], [78.8614, 30.23976], [78.87825, 30.25001], [78.87979, 30.25607], [78.88211, 30.25756], [78.88478, 30.25731], [78.8991, 30.24683], [78.89955, 30.25101], [78.89616, 30.2548], [78.8955, 30.26221], [78.88338, 30.26546], [78.88543, 30.26863], [78.87897, 30.27114], [78.87478, 30.27496], [78.87576, 30.28228], [78.86816, 30.28712], [78.86004, 30.29686], [78.86274, 30.30465], [78.86042, 30.30958], [78.86131, 30.31272], [78.8704, 30.31974], [78.87382, 30.3271], [78.87631, 30.34981], [78.83736, 30.35369], [78.84047, 30.36015], [78.83847, 30.36745], [78.8408, 30.37244], [78.83701, 30.38052], [78.83816, 30.38716], [78.83681, 30.38913], [78.82865, 30.39086], [78.81772, 30.39783], [78.84633, 30.42551], [78.84861, 30.43389], [78.84561, 30.44636], [78.84993, 30.4513], [78.85308, 30.45264], [78.84643, 30.45958], [78.84448, 30.46378], [78.82369, 30.48082], [78.83418, 30.48054], [78.84087, 30.48766], [78.84694, 30.4867], [78.85285, 30.48754], [78.86202, 30.49576], [78.87101, 30.50913], [78.86844, 30.51349], [78.87154, 30.51449], [78.86458, 30.52617], [78.8651, 30.53792], [78.86119, 30.54816], [78.86531, 30.55129], [78.86865, 30.55732], [78.86541, 30.56236], [78.87342, 30.56852], [78.87566, 30.57499], [78.88977, 30.58016], [78.89191, 30.58233], [78.89199, 30.58731], [78.89378, 30.5904], [78.88882, 30.59949], [78.89961, 30.60983], [78.90486, 30.61182], [78.90602, 30.61898], [78.91263, 30.62618], [78.91, 30.63029], [78.90985, 30.6464], [78.90822, 30.65073], [78.91283, 30.66044], [78.91145, 30.66487], [78.91479, 30.67234], [78.91288, 30.6863], [78.91829, 30.69085], [78.91874, 30.69765], [78.9268, 30.71208], [78.93289, 30.71629], [78.94657, 30.71758], [78.95086, 30.72106], [78.95433, 30.72973], [78.9633, 30.7316], [78.97459, 30.727], [78.98719, 30.73042], [78.99432, 30.72815], [78.99767, 30.7302], [78.99768, 30.7349], [79.00066, 30.73969], [79.00522, 30.74045], [79.00221, 30.74524], [79.01256, 30.74485], [79.02059, 30.74628], [79.02989, 30.76267], [79.03313, 30.806], [79.0196, 30.8295], [79.0138, 30.84483], [78.99693, 30.85755], [78.98323, 30.85282], [78.97886, 30.84988], [78.97193, 30.84909], [78.95378, 30.85194], [78.94781, 30.85012], [78.94139, 30.86481], [78.93438, 30.87011], [78.92796, 30.87029], [78.92711, 30.87464], [78.91961, 30.87441], [78.90975, 30.86904], [78.90573, 30.86976], [78.89798, 30.86735], [78.89289, 30.87107], [78.88456, 30.87409], [78.87506, 30.87193], [78.87105, 30.86336], [78.87114, 30.85902], [78.86148, 30.85464], [78.85176, 30.84354], [78.85291, 30.83239], [78.85713, 30.82698], [78.85784, 30.82234], [78.86163, 30.82014], [78.86461, 30.81289], [78.8564, 30.80287], [78.85846, 30.79222], [78.85485, 30.78671], [78.85208, 30.77498], [78.85511, 30.76816], [78.85696, 30.74852], [78.85374, 30.74387], [78.85194, 30.73515], [78.84974, 30.73378], [78.83819, 30.73524], [78.83242, 30.72844], [78.81383, 30.72118], [78.80995, 30.71599], [78.80756, 30.72125], [78.80462, 30.71952], [78.7874, 30.71997], [78.78005, 30.71916], [78.77926, 30.71804], [78.77277, 30.71841], [78.76035, 30.7146], [78.75878, 30.71053], [78.75405, 30.70708], [78.74225, 30.71235], [78.73838, 30.71776], [78.73278, 30.72169], [78.72998, 30.72639], [78.72148, 30.73011], [78.71638, 30.7229], [78.71106, 30.72021], [78.70055, 30.71063], [78.69711, 30.71189], [78.6838, 30.70986], [78.66265, 30.70345], [78.66206, 30.70114], [78.65878, 30.6987], [78.66054, 30.68911], [78.65821, 30.68595], [78.64883, 30.68465], [78.63895, 30.68086], [78.6327, 30.68583], [78.62953, 30.68665], [78.62515, 30.68489], [78.6226, 30.6875], [78.6156, 30.68476], [78.61341, 30.68242], [78.60999, 30.6831], [78.60405, 30.6879], [78.59795, 30.68793], [78.5918, 30.68509], [78.58843, 30.68133], [78.58718, 30.67702], [78.59432, 30.67446], [78.59655, 30.67055], [78.60059, 30.66984], [78.60224, 30.66804], [78.59829, 30.64544], [78.59942, 30.62715], [78.59688, 30.62313], [78.58659, 30.61849], [78.58413, 30.61217], [78.5754, 30.60279], [78.57946, 30.59849], [78.57163, 30.59399], [78.56641, 30.58781], [78.5618, 30.58559], [78.56196, 30.58118], [78.55947, 30.57946], [78.55865, 30.57583], [78.55595, 30.57187], [78.55172, 30.56997], [78.55008, 30.56368], [78.55145, 30.56158], [78.55076, 30.55516], [78.54604, 30.54809], [78.54804, 30.54193], [78.54875, 30.52963], [78.54178, 30.52372], [78.53186, 30.52789], [78.52083, 30.5242], [78.51235, 30.52679], [78.50872, 30.52598], [78.50547, 30.52811], [78.49985, 30.52728], [78.49846, 30.53371], [78.49951, 30.53558], [78.49761, 30.53736], [78.50015, 30.54885], [78.49842, 30.55365], [78.50136, 30.56259], [78.50165, 30.57702], [78.50721, 30.58278], [78.51116, 30.58382], [78.51119, 30.58635], [78.51518, 30.59132], [78.51075, 30.59407], [78.50965, 30.59874], [78.50083, 30.60914], [78.49133, 30.61671], [78.48507, 30.61812], [78.47653, 30.62455], [78.4646, 30.61689], [78.4556, 30.61575], [78.4479, 30.61684], [78.44278, 30.61535], [78.44185, 30.61282], [78.43695, 30.60918], [78.43371, 30.60223], [78.43168, 30.59534], [78.43243, 30.5884], [78.42914, 30.57926], [78.43097, 30.56972], [78.43596, 30.56564], [78.43654, 30.56033], [78.43952, 30.55987], [78.44083, 30.54959], [78.43752, 30.5405], [78.43381, 30.53947], [78.43202, 30.52626], [78.42705, 30.52308], [78.42865, 30.51698], [78.42852, 30.51382], [78.42664, 30.5127], [78.42843, 30.50793], [78.42449, 30.50472], [78.42707, 30.50223], [78.42584, 30.49172], [78.42493, 30.4899], [78.41809, 30.48642], [78.4125, 30.47055], [78.41639, 30.46432], [78.40753, 30.46749], [78.40889, 30.47674], [78.40584, 30.48039], [78.40638, 30.48705], [78.40441, 30.48937], [78.39849, 30.49038], [78.39832, 30.4929], [78.39404, 30.49511], [78.39565, 30.50249], [78.38297, 30.50937], [78.37752, 30.5146], [78.37294, 30.51439], [78.36922, 30.51749], [78.36237, 30.51863], [78.36127, 30.52212], [78.35676, 30.52616], [78.35923, 30.52859], [78.35861, 30.53093], [78.35158, 30.52983], [78.34473, 30.54224], [78.34745, 30.54675], [78.3411, 30.54908], [78.34104, 30.56026], [78.33498, 30.56012], [78.32983, 30.55526], [78.33075, 30.55729], [78.32696, 30.55687], [78.3194, 30.57045], [78.31534, 30.569], [78.30646, 30.56887], [78.3056, 30.56814], [78.31472, 30.56042], [78.31574, 30.55772], [78.31424, 30.55567], [78.30894, 30.55322], [78.30457, 30.5539], [78.29984, 30.5521], [78.29599, 30.55241], [78.29214, 30.54832], [78.28891, 30.54936], [78.28693, 30.55682], [78.28837, 30.56015], [78.299, 30.55888], [78.30397, 30.56092], [78.3013, 30.56183], [78.29821, 30.56554], [78.29032, 30.56874], [78.29484, 30.57844], [78.30183, 30.58155], [78.30335, 30.5836], [78.30051, 30.58595], [78.3012, 30.59058], [78.29835, 30.59032], [78.279, 30.60873], [78.27017, 30.60997], [78.26409, 30.60422], [78.26035, 30.60345], [78.25071, 30.60768], [78.24288, 30.59709], [78.24576, 30.5925], [78.24179, 30.58941], [78.23833, 30.58319], [78.22068, 30.57931], [78.20742, 30.574], [78.19528, 30.57993], [78.19093, 30.57997], [78.18526, 30.58267], [78.17718, 30.58141], [78.17153, 30.58414], [78.16655, 30.58468], [78.16642, 30.59667], [78.17281, 30.60062], [78.16766, 30.6137], [78.16433, 30.6168], [78.16527, 30.62273], [78.15634, 30.63185], [78.14252, 30.62835], [78.13495, 30.63054], [78.12701, 30.63679], [78.12615, 30.63442], [78.12135, 30.63344], [78.11712, 30.63049], [78.10873, 30.62991], [78.10316, 30.63161], [78.10201, 30.62996], [78.09539, 30.62816], [78.08899, 30.63038], [78.08459, 30.62734], [78.0795, 30.62687], [78.07637, 30.62307], [78.06989, 30.61952], [78.06732, 30.61963], [78.06913, 30.61803], [78.0686, 30.6146], [78.07749, 30.60446], [78.07706, 30.60323], [78.06946, 30.60233], [78.06457, 30.60005], [78.06083, 30.60139], [78.0572, 30.60087], [78.0529, 30.59852], [78.04603, 30.59742], [78.04204, 30.59764], [78.03323, 30.60628], [78.0279, 30.60909], [78.01485, 30.61287], [78.01559, 30.60361], [78.01236, 30.59598], [78.01584, 30.59215], [78.01663, 30.58839], [78.01554, 30.58728], [78.01268, 30.58887], [78.01126, 30.58611], [78.01268, 30.58415], [78.01092, 30.58072], [78.01253, 30.57667], [78.00512, 30.56887], [78.00647, 30.56244], [78.00226, 30.55639], [77.99413, 30.55607], [77.99233, 30.55473], [77.9933, 30.55311], [77.99085, 30.5518], [77.98291, 30.5518], [77.98316, 30.54987], [77.98663, 30.54781], [77.98477, 30.54189], [77.98527, 30.5363], [77.98337, 30.53445], [77.97691, 30.53403], [77.97772, 30.52566], [77.98354, 30.52754], [77.9863, 30.52614], [77.98844, 30.52249], [77.9871, 30.52052], [77.98187, 30.52251], [77.97824, 30.52157], [77.97905, 30.51725], [77.98153, 30.51334], [77.9893, 30.51439], [77.99036, 30.51149], [77.98378, 30.50568], [77.98101, 30.5064], [77.97722, 30.51016], [77.97202, 30.50612], [77.96948, 30.50601], [77.96512, 30.51057], [77.95903, 30.51105], [77.95273, 30.51699], [77.95103, 30.51698], [77.94915, 30.51604], [77.95074, 30.50798], [77.94712, 30.50708], [77.94155, 30.50887], [77.93918, 30.50741], [77.94064, 30.5004], [77.95905, 30.4855], [77.97559, 30.48118], [77.97827, 30.47161], [77.98303, 30.47164], [77.98603, 30.4656], [77.98978, 30.46255], [77.99256, 30.46428], [77.9978, 30.46224], [78.00165, 30.46363], [77.99989, 30.47492], [78.00721, 30.47672], [78.01053, 30.4797], [78.01648, 30.48014], [78.02343, 30.47663], [78.0253, 30.47457], [78.02363, 30.4717], [78.03237, 30.46981], [78.03449, 30.46316], [78.03869, 30.46192], [78.03772, 30.46551], [78.04204, 30.46889], [78.0413, 30.47839], [78.04718, 30.48069], [78.05812, 30.4778], [78.05835, 30.47383], [78.0618, 30.47252], [78.06769, 30.47222], [78.06966, 30.47358], [78.07208, 30.47266], [78.07205, 30.46625], [78.07433, 30.46715], [78.0772, 30.46392], [78.08211, 30.46423], [78.08291, 30.46281], [78.08414, 30.46377], [78.08268, 30.46484], [78.0824, 30.46979], [78.08691, 30.47061], [78.0916, 30.46911], [78.09329, 30.47059], [78.09644, 30.47051], [78.09747, 30.47414], [78.10642, 30.47492], [78.10863, 30.46725], [78.1174, 30.46809], [78.12449, 30.46528], [78.13431, 30.45576], [78.13906, 30.45496], [78.14253, 30.45242], [78.15214, 30.45405], [78.16185, 30.44891], [78.16254, 30.44524], [78.16655, 30.442], [78.17104, 30.44107], [78.18182, 30.44592], [78.19307, 30.44513], [78.20338, 30.44163], [78.21707, 30.43443], [78.21884, 30.43559], [78.22215, 30.43246], [78.22822, 30.43006], [78.2313, 30.42305], [78.2326, 30.42443], [78.24113, 30.41996], [78.24131, 30.41573], [78.23639, 30.40889], [78.23101, 30.40618], [78.22743, 30.40229], [78.21381, 30.39725], [78.20092, 30.39489], [78.19432, 30.39089], [78.19325, 30.38841], [78.18581, 30.3863], [78.18725, 30.38369], [78.18278, 30.38345], [78.17726, 30.37836], [78.17017, 30.38043], [78.16416, 30.37842], [78.16208, 30.37527], [78.16018, 30.37573], [78.15678, 30.37013], [78.15086, 30.36825], [78.14591, 30.36394], [78.14087, 30.35414], [78.1422, 30.34897], [78.14134, 30.34523], [78.13552, 30.34024], [78.14002, 30.33489], [78.14096, 30.32854], [78.14516, 30.32119], [78.15355, 30.31845], [78.15594, 30.31591], [78.15959, 30.31569], [78.16337, 30.30958], [78.17183, 30.30261], [78.18346, 30.30096], [78.18711, 30.29766], [78.19139, 30.29896], [78.1936, 30.2971], [78.19674, 30.29818], [78.20308, 30.28985], [78.21133, 30.28877], [78.21498, 30.2965], [78.21606, 30.30498], [78.22742, 30.30266], [78.22969, 30.30007], [78.23472, 30.29922], [78.23899, 30.29575], [78.23778, 30.28857], [78.23905, 30.28374], [78.24332, 30.28468], [78.24778, 30.28279], [78.25987, 30.28166], [78.26584, 30.28835], [78.26472, 30.29114], [78.26983, 30.29872], [78.28663, 30.28823], [78.28669, 30.28502], [78.28341, 30.27971], [78.2847, 30.27241], [78.28055, 30.26785], [78.2946, 30.24737], [78.3018, 30.24227], [78.29923, 30.22977], [78.28587, 30.21878], [78.27518, 30.21864], [78.26625, 30.2127], [78.25885, 30.20605], [78.25673, 30.20088], [78.2508, 30.20007], [78.24785, 30.19724], [78.24539, 30.19425], [78.24651, 30.1904], [78.2455, 30.18773], [78.23569, 30.18166], [78.24397, 30.16222], [78.26304, 30.15792], [78.25895, 30.14797], [78.25753, 30.13493], [78.27997, 30.12545], [78.28417, 30.12557], [78.30198, 30.11407], [78.30119, 30.11189], [78.31183, 30.11127]]]}}, {"type": "Feature", "properties": {"shapeName": "Pathankot", "shapeISO": "", "shapeID": "76128533B19630094725383", "shapeGroup": "IND", "shapeType": "ADM2", "district": "Pathankot"}, "geometry": {"type": "Polygon", "coordinates": [[[75.85321, 32.51605], [75.84183, 32.50865], [75.82109, 32.4865], [75.80686, 32.47826], [75.79558, 32.47453], [75.76262, 32.47591], [75.76042, 32.46865], [75.74633, 32.44461], [75.72808, 32.41771], [75.70146, 32.4002], [75.66451, 32.38845], [75.60906, 32.38146], [75.58338, 32.37163], [75.56148, 32.36066], [75.54382, 32.34556], [75.54055, 32.3399], [75.53202, 32.2978], [75.51738, 32.27586], [75.5151, 32.27515], [75.51085, 32.27674], [75.50617, 32.28784], [75.50831, 32.30267], [75.50642, 32.3101], [75.49613, 32.31026], [75.48396, 32.31751], [75.48977, 32.33916], [75.4885, 32.34002], [75.48286, 32.33883], [75.468, 32.33177], [75.44878, 32.32673], [75.43117, 32.32435], [75.3947, 32.32897], [75.34795, 32.34499], [75.34146, 32.34316], [75.3256, 32.33517], [75.32656, 32.32804], [75.33354, 32.32573], [75.3376, 32.32058], [75.33637, 32.3167], [75.33251, 32.31612], [75.33003, 32.31252], [75.33378, 32.31162], [75.32379, 32.30226], [75.32078, 32.29725], [75.34836, 32.29078], [75.34976, 32.28847], [75.34391, 32.2786], [75.37161, 32.27949], [75.37786, 32.27311], [75.37827, 32.27023], [75.38138, 32.26876], [75.37919, 32.2668], [75.37461, 32.26867], [75.37051, 32.25781], [75.37038, 32.24356], [75.3722, 32.23941], [75.37017, 32.23337], [75.37343, 32.22918], [75.37261, 32.22476], [75.36865, 32.22622], [75.36582, 32.22376], [75.36548, 32.21977], [75.36231, 32.21906], [75.34239, 32.21701], [75.33677, 32.21954], [75.33133, 32.21959], [75.32825, 32.21549], [75.36451, 32.19401], [75.37939, 32.18961], [75.38063, 32.18347], [75.38452, 32.18395], [75.39094, 32.18874], [75.40202, 32.18985], [75.40482, 32.18788], [75.4048, 32.17933], [75.41572, 32.17692], [75.41454, 32.17177], [75.41756, 32.1702], [75.41757, 32.16699], [75.4227, 32.16445], [75.4254, 32.16447], [75.43225, 32.16885], [75.4453, 32.16669], [75.44453, 32.1629], [75.43598, 32.16412], [75.43611, 32.16116], [75.44003, 32.15853], [75.43701, 32.15711], [75.43578, 32.14869], [75.43836, 32.14824], [75.44299, 32.15293], [75.44839, 32.15017], [75.45038, 32.15036], [75.45077, 32.15274], [75.4543, 32.15255], [75.45462, 32.15081], [75.45959, 32.15172], [75.45984, 32.15755], [75.46548, 32.15487], [75.47079, 32.15719], [75.47671, 32.15705], [75.47819, 32.15948], [75.48336, 32.15965], [75.48267, 32.15377], [75.48721, 32.15157], [75.49806, 32.15289], [75.49998, 32.14923], [75.50633, 32.14512], [75.50923, 32.14449], [75.51026, 32.14605], [75.51233, 32.14577], [75.51215, 32.14794], [75.51501, 32.14877], [75.51519, 32.14623], [75.51662, 32.14597], [75.51749, 32.14844], [75.52362, 32.14794], [75.52505, 32.14628], [75.52998, 32.14651], [75.53292, 32.14464], [75.53676, 32.146], [75.54245, 32.14568], [75.54525, 32.14453], [75.54392, 32.14056], [75.54975, 32.14029], [75.55005, 32.13869], [75.55308, 32.13814], [75.55202, 32.13396], [75.55677, 32.13247], [75.56859, 32.1354], [75.57213, 32.13404], [75.57185, 32.13569], [75.578, 32.1363], [75.58161, 32.13921], [75.58813, 32.13823], [75.5882, 32.13188], [75.59056, 32.12829], [75.5902, 32.11817], [75.5865, 32.11718], [75.58413, 32.10872], [75.58577, 32.10567], [75.59455, 32.11147], [75.5963, 32.11067], [75.59799, 32.10395], [75.59824, 32.09477], [75.6016, 32.09339], [75.60428, 32.09491], [75.61434, 32.09524], [75.61629, 32.09327], [75.62642, 32.09895], [75.64704, 32.11878], [75.67146, 32.14536], [75.67783, 32.16398], [75.67219, 32.17596], [75.66562, 32.17905], [75.6498, 32.18219], [75.6462, 32.1911], [75.63984, 32.19109], [75.63622, 32.18527], [75.63439, 32.19647], [75.63224, 32.19797], [75.63489, 32.2041], [75.6366, 32.22194], [75.63833, 32.22175], [75.64056, 32.23581], [75.65024, 32.24417], [75.65668, 32.24683], [75.66862, 32.25489], [75.6921, 32.26343], [75.72113, 32.2666], [75.75267, 32.27305], [75.77099, 32.28536], [75.77821, 32.29539], [75.7797, 32.30143], [75.86043, 32.37852], [75.88854, 32.39763], [75.92775, 32.4083], [75.93386, 32.43035], [75.923, 32.43722], [75.92108, 32.45521], [75.91216, 32.46108], [75.90389, 32.47128], [75.87207, 32.49893], [75.8637, 32.5096], [75.86175, 32.51488], [75.85321, 32.51605]]]}}, {"type": "Feature", "properties": {"shapeName": "Gurdaspur", "shapeISO": "", "shapeID": "76128533B51331331726928", "shapeGroup": "IND", "shapeType": "ADM2", "district": "Gurdaspur"}, "geometry": {"type": "Polygon", "coordinates": [[[75.61629, 32.09327], [75.61434, 32.09524], [75.60428, 32.09491], [75.6016, 32.09339], [75.59824, 32.09477], [75.59799, 32.10395], [75.5963, 32.11067], [75.59455, 32.11147], [75.58577, 32.10567], [75.58413, 32.10872], [75.5865, 32.11718], [75.5902, 32.11817], [75.59056, 32.12829], [75.5882, 32.13188], [75.58813, 32.13823], [75.58161, 32.13921], [75.578, 32.1363], [75.57185, 32.13569], [75.57213, 32.13404], [75.56859, 32.1354], [75.55677, 32.13247], [75.55202, 32.13396], [75.55308, 32.13814], [75.55005, 32.13869], [75.54975, 32.14029], [75.54392, 32.14056], [75.54525, 32.14453], [75.54245, 32.14568], [75.53676, 32.146], [75.53292, 32.14464], [75.52998, 32.14651], [75.52505, 32.14628], [75.52362, 32.14794], [75.51749, 32.14844], [75.51662, 32.14597], [75.51519, 32.14623], [75.51501, 32.14877], [75.51215, 32.14794], [75.51233, 32.14577], [75.51026, 32.14605], [75.50923, 32.14449], [75.50633, 32.14512], [75.49998, 32.14923], [75.49806, 32.15289], [75.48721, 32.15157], [75.48267, 32.15377], [75.48336, 32.15965], [75.47819, 32.15948], [75.47671, 32.15705], [75.47079, 32.15719], [75.46548, 32.15487], [75.45984, 32.15755], [75.45959, 32.15172], [75.45462, 32.15081], [75.4543, 32.15255], [75.45077, 32.15274], [75.45038, 32.15036], [75.44839, 32.15017], [75.44299, 32.15293], [75.43836, 32.14824], [75.43578, 32.14869], [75.43701, 32.15711], [75.44003, 32.15853], [75.43611, 32.16116], [75.43598, 32.16412], [75.44453, 32.1629], [75.4453, 32.16669], [75.43225, 32.16885], [75.4254, 32.16447], [75.4227, 32.16445], [75.41757, 32.16699], [75.41756, 32.1702], [75.41454, 32.17177], [75.41572, 32.17692], [75.4048, 32.17933], [75.40482, 32.18788], [75.40202, 32.18985], [75.39094, 32.18874], [75.38452, 32.18395], [75.38063, 32.18347], [75.37939, 32.18961], [75.36451, 32.19401], [75.32825, 32.21549], [75.31981, 32.2084], [75.31616, 32.20805], [75.32004, 32.20415], [75.31206, 32.19955], [75.31024, 32.19673], [75.31362, 32.1894], [75.31831, 32.18751], [75.31627, 32.1809], [75.32113, 32.17964], [75.32056, 32.17847], [75.31379, 32.17202], [75.30483, 32.16669], [75.29945, 32.15334], [75.28789, 32.15295], [75.28539, 32.15161], [75.27742, 32.13686], [75.28344, 32.13182], [75.27945, 32.11785], [75.27238, 32.11283], [75.26279, 32.11194], [75.26179, 32.11039], [75.2662, 32.10886], [75.26654, 32.10731], [75.26126, 32.10136], [75.24776, 32.09978], [75.23584, 32.10162], [75.21954, 32.11341], [75.21038, 32.11419], [75.20671, 32.12009], [75.20267, 32.12011], [75.20583, 32.10259], [75.20416, 32.09663], [75.19795, 32.09847], [75.19664, 32.08568], [75.19817, 32.08288], [75.18931, 32.08239], [75.18222, 32.07821], [75.17755, 32.07429], [75.17438, 32.06837], [75.16626, 32.0715], [75.15763, 32.08185], [75.14481, 32.08144], [75.14248, 32.0802], [75.12287, 32.08146], [75.12162, 32.08013], [75.12268, 32.0774], [75.11442, 32.07211], [75.1083, 32.07107], [75.10241, 32.06584], [75.09161, 32.06582], [75.08394, 32.06006], [75.07508, 32.05903], [75.06907, 32.06359], [75.0715, 32.0655], [75.07037, 32.06706], [75.06418, 32.06563], [75.06808, 32.0624], [75.06387, 32.05698], [75.05875, 32.05282], [75.0537, 32.05437], [75.05066, 32.05272], [75.05178, 32.0511], [75.0408, 32.04265], [75.03686, 32.04437], [75.03258, 32.05113], [75.02386, 32.04766], [75.02156, 32.0486], [75.01882, 32.047], [75.01786, 32.04211], [75.01671, 32.04299], [75.0124, 32.03569], [75.00494, 32.03759], [75.00299, 32.04367], [75.00113, 32.04112], [74.98542, 32.04152], [74.97846, 32.03889], [74.97234, 32.04077], [74.9718, 32.04248], [74.97826, 32.04842], [74.97395, 32.05343], [74.95303, 32.06011], [74.95201, 32.05823], [74.94862, 32.05921], [74.94945, 32.06232], [74.94507, 32.06368], [74.92559, 32.0665], [74.91877, 32.06228], [74.91768, 32.05797], [74.91226, 32.05602], [74.91271, 32.05389], [74.92503, 32.04108], [74.93115, 32.02664], [74.93234, 32.01948], [74.93741, 32.01495], [74.93755, 32.01286], [74.93407, 32.01198], [74.9326, 32.0094], [74.93827, 32.00796], [74.93642, 32.00455], [74.93329, 32.00521], [74.92139, 31.98941], [74.9163, 31.97691], [74.92594, 31.97322], [74.9311, 31.96718], [74.93886, 31.96317], [74.95055, 31.96476], [74.94911, 31.97137], [74.96239, 31.973], [74.97515, 31.97644], [74.97356, 31.9679], [74.97431, 31.96135], [74.94, 31.94745], [74.94166, 31.94288], [74.93043, 31.94039], [74.9223, 31.94389], [74.91095, 31.93963], [74.90262, 31.93352], [74.89643, 31.93558], [74.88958, 31.93258], [74.90629, 31.90449], [74.90716, 31.89681], [74.9207, 31.89419], [74.9188, 31.88197], [74.9279, 31.87741], [74.939, 31.86917], [74.94308, 31.87267], [74.94751, 31.87151], [74.9463, 31.86087], [74.95504, 31.85874], [74.96467, 31.85434], [74.96836, 31.84584], [74.96979, 31.83393], [74.98446, 31.83346], [74.99485, 31.82764], [75.00993, 31.82432], [75.01352, 31.81734], [75.02679, 31.82282], [75.02797, 31.81727], [75.02675, 31.81344], [75.03124, 31.81042], [75.03546, 31.81055], [75.03985, 31.80383], [75.0467, 31.8026], [75.05653, 31.8077], [75.07781, 31.80574], [75.08784, 31.79052], [75.09541, 31.78989], [75.10395, 31.78302], [75.11401, 31.77965], [75.11524, 31.77394], [75.1113, 31.76826], [75.10713, 31.76591], [75.10116, 31.76698], [75.0995, 31.76013], [75.11849, 31.75002], [75.12089, 31.75745], [75.1275, 31.75309], [75.13481, 31.7527], [75.14586, 31.75787], [75.15235, 31.74824], [75.16567, 31.74511], [75.17019, 31.74734], [75.17676, 31.74764], [75.18202, 31.74016], [75.18698, 31.742], [75.19167, 31.74088], [75.18988, 31.73554], [75.1941, 31.73436], [75.20389, 31.72751], [75.20398, 31.72174], [75.19979, 31.71785], [75.19449, 31.71689], [75.19471, 31.71194], [75.20315, 31.70729], [75.2135, 31.70511], [75.21802, 31.70058], [75.21517, 31.69529], [75.22553, 31.69236], [75.22775, 31.68515], [75.23707, 31.68619], [75.2416, 31.68278], [75.24341, 31.6895], [75.24922, 31.68711], [75.25242, 31.6928], [75.27543, 31.69485], [75.28304, 31.69873], [75.28638, 31.69733], [75.28736, 31.69468], [75.2851, 31.6821], [75.28874, 31.6767], [75.29241, 31.681], [75.2995, 31.67923], [75.30127, 31.6756], [75.30938, 31.67613], [75.31353, 31.66827], [75.30991, 31.66127], [75.30467, 31.65882], [75.30184, 31.65146], [75.31019, 31.64819], [75.32929, 31.63484], [75.3347, 31.63936], [75.33873, 31.64043], [75.35326, 31.63023], [75.37126, 31.62325], [75.37582, 31.62351], [75.37905, 31.61843], [75.38617, 31.61366], [75.39427, 31.60164], [75.40582, 31.5941], [75.41438, 31.59911], [75.41734, 31.61198], [75.42046, 31.61189], [75.41922, 31.61744], [75.42637, 31.62679], [75.43069, 31.62958], [75.43438, 31.62707], [75.46889, 31.63428], [75.47133, 31.64575], [75.47661, 31.6511], [75.47722, 31.65985], [75.4857, 31.67066], [75.48247, 31.67281], [75.49287, 31.67985], [75.49724, 31.69965], [75.51766, 31.71619], [75.52368, 31.72469], [75.53763, 31.73705], [75.54048, 31.74725], [75.53898, 31.77206], [75.55033, 31.77463], [75.56901, 31.77509], [75.57451, 31.7781], [75.57579, 31.78502], [75.57257, 31.79461], [75.56672, 31.79901], [75.57008, 31.80926], [75.5717, 31.82352], [75.56787, 31.82545], [75.56617, 31.82821], [75.56557, 31.83789], [75.56566, 31.84124], [75.57368, 31.85514], [75.57161, 31.86291], [75.56605, 31.87318], [75.5613, 31.88065], [75.55455, 31.88596], [75.55369, 31.89247], [75.55572, 31.89997], [75.55329, 31.91998], [75.53886, 31.92836], [75.53931, 31.93982], [75.53668, 31.94256], [75.53136, 31.94323], [75.53648, 31.96479], [75.54054, 31.9686], [75.54399, 31.9779], [75.54276, 31.98219], [75.54844, 31.98434], [75.55914, 31.99573], [75.56012, 32.00011], [75.55818, 32.00478], [75.55153, 32.00691], [75.5445, 32.02152], [75.54022, 32.0222], [75.53702, 32.03129], [75.5405, 32.03452], [75.5592, 32.03333], [75.56284, 32.03577], [75.57848, 32.07333], [75.59453, 32.08107], [75.61629, 32.09327]]]}}, {"type": "Feature", "properties": {"shapeName": "Patiala", "shapeISO": "", "shapeID": "76128533B39368211148513", "shapeGroup": "IND", "shapeType": "ADM2", "district": "Patiala"}, "geometry": {"type": "MultiPolygon", "coordinates": [[[[76.46667, 30.09628], [76.47417, 30.09493], [76.4961, 30.09545], [76.50342, 30.09303], [76.50778, 30.08826], [76.50761, 30.08295], [76.51371, 30.07249], [76.52091, 30.07515], [76.54626, 30.0786], [76.57529, 30.10075], [76.59292, 30.11469], [76.60197, 30.11922], [76.62025, 30.13662], [76.63607, 30.14514], [76.63818, 30.14789], [76.6404, 30.1508], [76.63558, 30.16606], [76.65212, 30.18095], [76.6546, 30.185], [76.65487, 30.18943], [76.65005, 30.19271], [76.65182, 30.2017], [76.64571, 30.20578], [76.62965, 30.20685], [76.61716, 30.21098], [76.61916, 30.21578], [76.62478, 30.22143], [76.62493, 30.22678], [76.62226, 30.23071], [76.61238, 30.23617], [76.60886, 30.23978], [76.60328, 30.24997], [76.59696, 30.25239], [76.58884, 30.25173], [76.55725, 30.22676], [76.54542, 30.22305], [76.5458, 30.228], [76.55511, 30.23229], [76.55889, 30.23945], [76.55876, 30.25454], [76.56059, 30.26083], [76.57088, 30.26016], [76.59392, 30.26575], [76.61749, 30.2681], [76.62282, 30.26644], [76.62738, 30.27111], [76.63275, 30.28369], [76.63587, 30.28722], [76.63934, 30.27976], [76.66436, 30.29515], [76.67552, 30.29535], [76.68619, 30.30855], [76.68401, 30.31497], [76.68794, 30.32085], [76.69262, 30.31716], [76.70162, 30.32176], [76.71082, 30.32062], [76.71342, 30.32561], [76.71792, 30.32745], [76.72413, 30.32562], [76.72835, 30.32866], [76.72833, 30.33564], [76.74221, 30.34417], [76.75176, 30.35539], [76.74838, 30.36061], [76.7488, 30.36308], [76.7378, 30.36689], [76.73022, 30.36609], [76.7246, 30.36091], [76.72218, 30.36394], [76.73134, 30.37288], [76.72899, 30.37603], [76.7182, 30.37661], [76.71495, 30.38063], [76.71341, 30.3894], [76.73987, 30.40078], [76.73852, 30.41621], [76.74054, 30.41691], [76.73986, 30.41897], [76.74361, 30.42666], [76.74499, 30.43746], [76.74394, 30.44682], [76.75426, 30.44984], [76.75877, 30.45635], [76.75666, 30.45687], [76.75452, 30.4603], [76.75286, 30.46703], [76.75546, 30.4712], [76.77093, 30.47657], [76.77398, 30.48208], [76.7726, 30.49017], [76.77509, 30.49319], [76.78143, 30.49356], [76.78629, 30.49548], [76.78927, 30.49994], [76.7762, 30.50521], [76.76918, 30.51153], [76.77059, 30.51626], [76.77733, 30.51279], [76.78212, 30.51938], [76.77745, 30.52355], [76.77271, 30.52303], [76.76655, 30.52849], [76.76909, 30.53061], [76.76964, 30.53395], [76.76346, 30.53422], [76.75791, 30.53789], [76.75404, 30.53755], [76.75124, 30.55119], [76.75555, 30.55556], [76.76847, 30.55747], [76.76764, 30.56211], [76.77165, 30.56536], [76.77763, 30.57454], [76.77856, 30.58069], [76.77645, 30.58803], [76.78234, 30.59514], [76.79082, 30.59938], [76.78481, 30.61152], [76.77456, 30.61105], [76.77112, 30.60722], [76.76323, 30.60418], [76.75969, 30.59783], [76.76086, 30.59621], [76.77314, 30.59112], [76.76494, 30.58717], [76.75704, 30.58641], [76.7492, 30.58987], [76.74509, 30.58601], [76.73891, 30.57547], [76.7326, 30.57082], [76.7221, 30.58022], [76.72231, 30.58483], [76.71913, 30.58865], [76.71247, 30.58596], [76.70427, 30.58654], [76.7065, 30.57548], [76.69889, 30.56954], [76.69262, 30.56885], [76.68501, 30.57738], [76.68923, 30.58926], [76.68882, 30.59281], [76.66863, 30.58338], [76.66397, 30.58284], [76.66227, 30.58616], [76.66857, 30.59405], [76.66483, 30.5995], [76.66519, 30.61074], [76.6593, 30.61149], [76.65127, 30.62568], [76.64568, 30.62688], [76.6407, 30.62508], [76.63584, 30.62022], [76.63432, 30.6171], [76.62565, 30.61123], [76.61804, 30.6089], [76.61288, 30.59968], [76.60483, 30.59101], [76.60112, 30.59435], [76.59826, 30.59225], [76.58647, 30.57418], [76.583, 30.57336], [76.58236, 30.57088], [76.58012, 30.57166], [76.57926, 30.56844], [76.57292, 30.56446], [76.56715, 30.56718], [76.54135, 30.55685], [76.53698, 30.55813], [76.53351, 30.55751], [76.53225, 30.56105], [76.52824, 30.56096], [76.51886, 30.56387], [76.51338, 30.56732], [76.51091, 30.56489], [76.50699, 30.56544], [76.50183, 30.56094], [76.50628, 30.55327], [76.50347, 30.55193], [76.50096, 30.5474], [76.50065, 30.53596], [76.50326, 30.52971], [76.49293, 30.51431], [76.49685, 30.50644], [76.49311, 30.50051], [76.48978, 30.49898], [76.49753, 30.49393], [76.49818, 30.48965], [76.49644, 30.48413], [76.49126, 30.48423], [76.48457, 30.48102], [76.47592, 30.4819], [76.47436, 30.48096], [76.4718, 30.47784], [76.47175, 30.47379], [76.46906, 30.47196], [76.46629, 30.46648], [76.47218, 30.45993], [76.47058, 30.45675], [76.46926, 30.45573], [76.46001, 30.45693], [76.45445, 30.45307], [76.47261, 30.44422], [76.46878, 30.43681], [76.46285, 30.43375], [76.44777, 30.44805], [76.43677, 30.44159], [76.42331, 30.44358], [76.43107, 30.45367], [76.419, 30.46522], [76.41585, 30.45766], [76.41092, 30.45193], [76.40781, 30.45079], [76.40504, 30.4553], [76.40043, 30.45698], [76.39939, 30.46053], [76.38823, 30.47292], [76.38291, 30.47113], [76.37616, 30.47657], [76.36983, 30.46774], [76.35546, 30.45924], [76.34732, 30.47608], [76.34419, 30.47587], [76.3366, 30.47875], [76.34611, 30.47952], [76.34906, 30.48426], [76.33859, 30.49509], [76.33338, 30.49514], [76.33206, 30.49763], [76.33163, 30.499], [76.33442, 30.50139], [76.3345, 30.5068], [76.32878, 30.52351], [76.32385, 30.52919], [76.32712, 30.53667], [76.32532, 30.5422], [76.31826, 30.54607], [76.31593, 30.54325], [76.31035, 30.54256], [76.29153, 30.54659], [76.29084, 30.54468], [76.28798, 30.54381], [76.28582, 30.54725], [76.27215, 30.553], [76.26988, 30.55674], [76.26176, 30.55679], [76.2562, 30.56257], [76.25034, 30.5516], [76.2443, 30.54865], [76.24051, 30.5488], [76.23949, 30.56556], [76.22876, 30.56953], [76.22512, 30.56532], [76.22041, 30.56441], [76.20946, 30.55007], [76.20015, 30.54625], [76.18967, 30.54339], [76.18, 30.54294], [76.17236, 30.5477], [76.16438, 30.53926], [76.15344, 30.5434], [76.1455, 30.53727], [76.14714, 30.533], [76.13952, 30.52537], [76.13393, 30.53345], [76.12958, 30.5345], [76.12826, 30.53831], [76.12254, 30.54267], [76.11838, 30.53972], [76.1097, 30.528], [76.10591, 30.52795], [76.10235, 30.53061], [76.09534, 30.53239], [76.09258, 30.53594], [76.08758, 30.53329], [76.09008, 30.53044], [76.08371, 30.52035], [76.07917, 30.50656], [76.08064, 30.50166], [76.07899, 30.49937], [76.06643, 30.49262], [76.06412, 30.48773], [76.06405, 30.48217], [76.06555, 30.47851], [76.08119, 30.47149], [76.08166, 30.4586], [76.09039, 30.45552], [76.07959, 30.44743], [76.07579, 30.44668], [76.06992, 30.44995], [76.06183, 30.44114], [76.04953, 30.43343], [76.05384, 30.42086], [76.04863, 30.41849], [76.0445, 30.41146], [76.0323, 30.40757], [76.03668, 30.39985], [76.03158, 30.39286], [76.0255, 30.38914], [76.02404, 30.37868], [76.01627, 30.38165], [76.01581, 30.37795], [76.01021, 30.37139], [76.00915, 30.36805], [76.01091, 30.36547], [76.0097, 30.36387], [76.00086, 30.36548], [75.99349, 30.37032], [75.98938, 30.36262], [75.98586, 30.36056], [75.9915, 30.34298], [75.99121, 30.33763], [76.00853, 30.33524], [76.01041, 30.33098], [76.02138, 30.32785], [76.03349, 30.33646], [76.04367, 30.3345], [76.04927, 30.33657], [76.05844, 30.32831], [76.06278, 30.3201], [76.06763, 30.31613], [76.08822, 30.30881], [76.09234, 30.31273], [76.09889, 30.31575], [76.11, 30.31805], [76.11739, 30.31776], [76.131, 30.31241], [76.14407, 30.31378], [76.14887, 30.3181], [76.15728, 30.31353], [76.16806, 30.31892], [76.1708, 30.31507], [76.16688, 30.30884], [76.168, 30.30132], [76.17516, 30.30457], [76.18379, 30.30571], [76.18891, 30.29709], [76.19868, 30.29446], [76.20423, 30.28389], [76.20292, 30.27954], [76.19876, 30.27452], [76.19065, 30.27271], [76.18681, 30.27462], [76.18373, 30.27323], [76.17845, 30.26363], [76.18088, 30.25546], [76.17573, 30.25077], [76.17381, 30.24538], [76.16811, 30.23971], [76.16898, 30.24522], [76.1669, 30.25097], [76.15613, 30.25385], [76.14649, 30.24864], [76.14736, 30.24566], [76.14154, 30.24065], [76.13776, 30.24677], [76.13201, 30.24266], [76.12647, 30.24337], [76.12083, 30.23813], [76.11721, 30.23845], [76.11646, 30.22989], [76.10136, 30.22542], [76.08863, 30.22719], [76.08438, 30.22522], [76.08068, 30.23035], [76.06428, 30.21277], [76.0672, 30.20516], [76.05463, 30.19039], [76.0512, 30.1883], [76.05641, 30.17811], [76.05715, 30.168], [76.06858, 30.15619], [76.07345, 30.15396], [76.07061, 30.1476], [76.06371, 30.14836], [76.06247, 30.14564], [76.06337, 30.14269], [76.06807, 30.14391], [76.07235, 30.14054], [76.08093, 30.13788], [76.08141, 30.13418], [76.0755, 30.1325], [76.07265, 30.12679], [76.07501, 30.12468], [76.08548, 30.12508], [76.08559, 30.12206], [76.08009, 30.11697], [76.09752, 30.1218], [76.10374, 30.1175], [76.10832, 30.11203], [76.10345, 30.10035], [76.09585, 30.0896], [76.09431, 30.0797], [76.08665, 30.07334], [76.0916, 30.0636], [76.08483, 30.06381], [76.07463, 30.06684], [76.06923, 30.06273], [76.06777, 30.06388], [76.06691, 30.07115], [76.06131, 30.07398], [76.05855, 30.07366], [76.05584, 30.06805], [76.04749, 30.06115], [76.05269, 30.05825], [76.05294, 30.05658], [76.04332, 30.0549], [76.04, 30.04999], [76.04049, 30.04823], [76.03463, 30.04498], [76.03468, 30.04317], [76.03892, 30.03892], [76.03746, 30.0355], [76.02511, 30.02408], [76.02243, 30.02321], [76.01759, 30.0243], [76.01489, 30.02226], [76.0133, 30.01764], [76.017, 30.01575], [76.01871, 30.01124], [76.00598, 30.00349], [76.02261, 29.98088], [76.02359, 29.97497], [76.02994, 29.97088], [76.03236, 29.9643], [76.02588, 29.95111], [76.0169, 29.94391], [76.00092, 29.94703], [75.99211, 29.94727], [75.98629, 29.93474], [75.98872, 29.92079], [75.9835, 29.90673], [75.99702, 29.89672], [76.00092, 29.89691], [76.02059, 29.89087], [76.02264, 29.88791], [76.02409, 29.87408], [76.02823, 29.86764], [76.04192, 29.87581], [76.0475, 29.87262], [76.05139, 29.87389], [76.05513, 29.86863], [76.05765, 29.86958], [76.06102, 29.86825], [76.06025, 29.85481], [76.0688, 29.84257], [76.08047, 29.84099], [76.09079, 29.84551], [76.10639, 29.84698], [76.11495, 29.85527], [76.11953, 29.85661], [76.12378, 29.85627], [76.12671, 29.85416], [76.12311, 29.83571], [76.11382, 29.82387], [76.11112, 29.81813], [76.10382, 29.81079], [76.10237, 29.80709], [76.10618, 29.80782], [76.11504, 29.80466], [76.12527, 29.79594], [76.13322, 29.79569], [76.14396, 29.80825], [76.15066, 29.81132], [76.15113, 29.81296], [76.165, 29.81245], [76.17855, 29.81449], [76.18539, 29.82047], [76.19775, 29.82738], [76.20132, 29.83661], [76.20614, 29.84111], [76.21627, 29.8407], [76.22307, 29.83934], [76.22169, 29.84608], [76.22375, 29.84927], [76.2349, 29.85169], [76.24051, 29.85063], [76.24387, 29.85246], [76.24702, 29.85469], [76.24997, 29.86154], [76.25406, 29.86511], [76.25073, 29.87199], [76.2445, 29.87743], [76.23735, 29.88118], [76.22911, 29.88032], [76.22016, 29.88265], [76.20942, 29.88018], [76.19666, 29.88476], [76.19475, 29.89007], [76.19567, 29.91192], [76.19409, 29.91944], [76.18357, 29.91944], [76.17835, 29.92489], [76.18173, 29.9328], [76.19104, 29.94249], [76.21555, 29.94044], [76.21696, 29.94296], [76.21562, 29.94827], [76.20691, 29.96189], [76.21119, 29.96939], [76.20799, 29.98673], [76.20161, 30.00044], [76.20319, 30.01267], [76.20574, 30.01564], [76.22175, 30.01897], [76.22775, 30.02336], [76.22744, 30.02586], [76.21121, 30.03108], [76.2107, 30.03418], [76.22097, 30.04562], [76.24758, 30.08344], [76.25699, 30.09237], [76.26338, 30.09328], [76.26747, 30.1008], [76.26195, 30.10344], [76.24115, 30.10559], [76.2259, 30.11474], [76.21718, 30.12417], [76.20308, 30.1313], [76.20346, 30.13541], [76.20659, 30.13711], [76.21827, 30.13008], [76.22043, 30.12945], [76.22443, 30.13136], [76.22515, 30.13314], [76.21993, 30.1398], [76.21446, 30.1509], [76.2164, 30.15523], [76.22306, 30.1524], [76.23879, 30.1366], [76.25549, 30.12373], [76.25706, 30.11811], [76.26364, 30.11523], [76.27461, 30.11458], [76.28452, 30.11055], [76.29236, 30.10983], [76.30559, 30.1148], [76.32522, 30.10467], [76.33539, 30.10444], [76.34091, 30.10563], [76.35045, 30.11196], [76.36148, 30.12376], [76.36088, 30.12776], [76.34336, 30.13924], [76.33846, 30.14539], [76.35568, 30.14957], [76.36096, 30.14664], [76.37075, 30.12939], [76.37634, 30.12362], [76.3873, 30.11979], [76.39698, 30.11988], [76.40261, 30.12358], [76.40094, 30.13438], [76.39719, 30.14187], [76.39879, 30.1443], [76.40516, 30.14632], [76.41429, 30.15377], [76.39572, 30.17511], [76.3937, 30.17934], [76.39944, 30.18307], [76.41158, 30.19507], [76.42294, 30.19835], [76.43275, 30.19392], [76.44131, 30.17582], [76.44171, 30.16901], [76.4351, 30.15902], [76.43493, 30.15471], [76.43754, 30.15063], [76.43872, 30.14357], [76.444, 30.1367], [76.44897, 30.13302], [76.45368, 30.13194], [76.45912, 30.13309], [76.45711, 30.11885], [76.45925, 30.10718], [76.4617, 30.10074], [76.46466, 30.09665], [76.46667, 30.09628]]], [[[75.97507, 29.91375], [75.97128, 29.9179], [75.97355, 29.92303], [75.97113, 29.93254], [75.97055, 29.93073], [75.96757, 29.92978], [75.96901, 29.92641], [75.9636, 29.9185], [75.96711, 29.91352], [75.96222, 29.91375], [75.95974, 29.91812], [75.95481, 29.92057], [75.94699, 29.92111], [75.93785, 29.91748], [75.93118, 29.90809], [75.93442, 29.90643], [75.93609, 29.90218], [75.94639, 29.89587], [75.95221, 29.89494], [75.95563, 29.89169], [75.9616, 29.89095], [75.96614, 29.89242], [75.97003, 29.89074], [75.97646, 29.89567], [75.98157, 29.90497], [75.97693, 29.90873], [75.97507, 29.91375]]]]}}, {"type": "Feature", "properties": {"shapeName": "Tarn Taran", "shapeISO": "", "shapeID": "76128533B54652028494758", "shapeGroup": "IND", "shapeType": "ADM2", "district": "Tarn Taran"}, "geometry": {"type": "Polygon", "coordinates": [[[74.95018, 31.14957], [74.9901, 31.15876], [74.99777, 31.16603], [74.99947, 31.17079], [75.01328, 31.17264], [75.03626, 31.18741], [75.05178, 31.19161], [75.05511, 31.1973], [75.05322, 31.19911], [75.05358, 31.20204], [75.06267, 31.2107], [75.06426, 31.21666], [75.0641, 31.22443], [75.05938, 31.22426], [75.07126, 31.23789], [75.08232, 31.24769], [75.08182, 31.26071], [75.08475, 31.26609], [75.08295, 31.26718], [75.08515, 31.27209], [75.10486, 31.27794], [75.09473, 31.28337], [75.10033, 31.29432], [75.11179, 31.3098], [75.10905, 31.316], [75.1214, 31.31905], [75.1347, 31.31084], [75.1473, 31.32168], [75.14519, 31.33081], [75.14702, 31.33394], [75.17367, 31.36288], [75.16464, 31.3606], [75.16219, 31.36383], [75.16452, 31.38134], [75.17127, 31.37843], [75.18456, 31.39595], [75.18277, 31.40036], [75.1909, 31.40757], [75.19378, 31.40501], [75.19582, 31.40802], [75.18995, 31.41385], [75.18851, 31.41763], [75.19301, 31.43155], [75.19617, 31.43532], [75.20428, 31.43792], [75.21163, 31.43759], [75.21759, 31.4229], [75.22839, 31.42368], [75.23158, 31.44248], [75.23833, 31.46022], [75.24732, 31.45569], [75.2512, 31.46257], [75.26339, 31.47586], [75.27347, 31.48171], [75.28067, 31.48274], [75.26138, 31.49635], [75.25707, 31.49561], [75.25546, 31.498], [75.25668, 31.49977], [75.2515, 31.50224], [75.24129, 31.49808], [75.23658, 31.49875], [75.23364, 31.4976], [75.2305, 31.49318], [75.22677, 31.49149], [75.2148, 31.49553], [75.21206, 31.49812], [75.20693, 31.49868], [75.20448, 31.50303], [75.20186, 31.50299], [75.19727, 31.49993], [75.18556, 31.50886], [75.19122, 31.51507], [75.18999, 31.51853], [75.19232, 31.52022], [75.18178, 31.5292], [75.17048, 31.52469], [75.16923, 31.51592], [75.16133, 31.51091], [75.1517, 31.50658], [75.14756, 31.50626], [75.14166, 31.50812], [75.13664, 31.50693], [75.13349, 31.50526], [75.12617, 31.49577], [75.12415, 31.49598], [75.12394, 31.49863], [75.11277, 31.51178], [75.11004, 31.51825], [75.10036, 31.52264], [75.08852, 31.52053], [75.08339, 31.52138], [75.07531, 31.52657], [75.07103, 31.52407], [75.06385, 31.51316], [75.06159, 31.51257], [75.0569, 31.51289], [75.058, 31.52041], [75.04855, 31.52304], [75.04648, 31.52741], [75.04298, 31.52876], [75.03272, 31.52924], [75.02938, 31.52678], [75.01738, 31.52391], [75.01046, 31.52558], [75.0076, 31.52336], [75.00832, 31.52026], [74.99995, 31.51165], [74.99662, 31.50519], [74.99295, 31.50609], [74.99508, 31.50883], [74.99127, 31.51682], [74.99505, 31.5182], [74.99383, 31.52076], [74.99142, 31.52063], [74.98704, 31.52548], [74.98409, 31.52609], [74.97809, 31.51914], [74.98103, 31.51669], [74.9809, 31.51365], [74.9734, 31.51225], [74.96759, 31.51294], [74.96224, 31.5004], [74.95948, 31.497], [74.95422, 31.49535], [74.95259, 31.49662], [74.95397, 31.49707], [74.95439, 31.50103], [74.94226, 31.50913], [74.94301, 31.51803], [74.93745, 31.52387], [74.9222, 31.52574], [74.9201, 31.52771], [74.90641, 31.5246], [74.90069, 31.5272], [74.89956, 31.53506], [74.90111, 31.53802], [74.8996, 31.54227], [74.90171, 31.54834], [74.8991, 31.55327], [74.89029, 31.55336], [74.88312, 31.54592], [74.87902, 31.53688], [74.87537, 31.53629], [74.87066, 31.53812], [74.86377, 31.53483], [74.84693, 31.53099], [74.8372, 31.53743], [74.83255, 31.53903], [74.82716, 31.53821], [74.82378, 31.53917], [74.82095, 31.54332], [74.82086, 31.55487], [74.81959, 31.55692], [74.81552, 31.55939], [74.8131, 31.55743], [74.80879, 31.55697], [74.80136, 31.56266], [74.7978, 31.57058], [74.79545, 31.57081], [74.78833, 31.56385], [74.78477, 31.56303], [74.78345, 31.56508], [74.77891, 31.56376], [74.77495, 31.56039], [74.76115, 31.56244], [74.74533, 31.56747], [74.73122, 31.56606], [74.7287, 31.56161], [74.72181, 31.55857], [74.72073, 31.55493], [74.71804, 31.55598], [74.71532, 31.55515], [74.7128, 31.55195], [74.71404, 31.54668], [74.70937, 31.54316], [74.70349, 31.54425], [74.70186, 31.54264], [74.69959, 31.54329], [74.69923, 31.54639], [74.69447, 31.5477], [74.69143, 31.55096], [74.68286, 31.55224], [74.6796, 31.55058], [74.67739, 31.54191], [74.67352, 31.54172], [74.67505, 31.53738], [74.66948, 31.53425], [74.66628, 31.53918], [74.66341, 31.5402], [74.64941, 31.53983], [74.64811, 31.53591], [74.63224, 31.52739], [74.62988, 31.51341], [74.62573, 31.50995], [74.62059, 31.50891], [74.61799, 31.501], [74.61359, 31.49474], [74.61526, 31.48813], [74.61881, 31.48505], [74.62238, 31.48518], [74.62301, 31.4816], [74.62367, 31.48329], [74.626, 31.48262], [74.62512, 31.48584], [74.63219, 31.4865], [74.63672, 31.48475], [74.63155, 31.48126], [74.62963, 31.48409], [74.6278, 31.47685], [74.63635, 31.47766], [74.63868, 31.47253], [74.64772, 31.46553], [74.65294, 31.45591], [74.65134, 31.45188], [74.64326, 31.45014], [74.63992, 31.44756], [74.63867, 31.44421], [74.63954, 31.44058], [74.64222, 31.43917], [74.643, 31.43658], [74.65469, 31.42591], [74.65196, 31.42641], [74.64823, 31.42367], [74.64347, 31.41606], [74.63368, 31.41871], [74.63138, 31.42556], [74.62898, 31.42606], [74.62751, 31.4294], [74.62256, 31.43012], [74.61934, 31.41983], [74.60904, 31.42359], [74.60716, 31.42046], [74.6013, 31.41995], [74.60269, 31.41565], [74.59653, 31.41627], [74.59413, 31.40776], [74.59064, 31.401], [74.58721, 31.39791], [74.58613, 31.38515], [74.5835, 31.37901], [74.57792, 31.37597], [74.57831, 31.37482], [74.57234, 31.37346], [74.57163, 31.37148], [74.56753, 31.37193], [74.55385, 31.36647], [74.55175, 31.36439], [74.55016, 31.35851], [74.55315, 31.35631], [74.54596, 31.34072], [74.54878, 31.33484], [74.54372, 31.3352], [74.53688, 31.33013], [74.53747, 31.32681], [74.53384, 31.32497], [74.53435, 31.32205], [74.53794, 31.31928], [74.53396, 31.31604], [74.53541, 31.31503], [74.53484, 31.3135], [74.53209, 31.31287], [74.52909, 31.31414], [74.52639, 31.31243], [74.52858, 31.30886], [74.53277, 31.30738], [74.53436, 31.30488], [74.54074, 31.30601], [74.54212, 31.30378], [74.5376, 31.30099], [74.53114, 31.28428], [74.52644, 31.27677], [74.52115, 31.27209], [74.52064, 31.26888], [74.52387, 31.2616], [74.53211, 31.25227], [74.53272, 31.24966], [74.52819, 31.24], [74.52571, 31.23765], [74.52322, 31.23762], [74.51902, 31.23337], [74.51986, 31.23189], [74.51718, 31.22839], [74.51724, 31.2268], [74.52088, 31.22507], [74.52466, 31.22022], [74.52364, 31.21797], [74.52612, 31.21186], [74.52381, 31.20816], [74.52522, 31.20359], [74.5215, 31.20269], [74.52163, 31.19696], [74.52001, 31.19427], [74.52156, 31.19062], [74.51967, 31.18425], [74.5119, 31.18245], [74.51046, 31.18001], [74.50996, 31.17346], [74.513, 31.16414], [74.51083, 31.15777], [74.51378, 31.15589], [74.51294, 31.15354], [74.51532, 31.15107], [74.51371, 31.14849], [74.5138, 31.13965], [74.51039, 31.13199], [74.52478, 31.12928], [74.54341, 31.1211], [74.54549, 31.12244], [74.54847, 31.12195], [74.54773, 31.11468], [74.54972, 31.11282], [74.55049, 31.08889], [74.55241, 31.0859], [74.56087, 31.08278], [74.57002, 31.08177], [74.57377, 31.08579], [74.58869, 31.08763], [74.58655, 31.09116], [74.58914, 31.09246], [74.59082, 31.09243], [74.59133, 31.08862], [74.60064, 31.08795], [74.59937, 31.093], [74.60419, 31.09309], [74.60405, 31.095], [74.60749, 31.0951], [74.61056, 31.0991], [74.61, 31.11174], [74.60552, 31.11447], [74.59662, 31.12721], [74.59707, 31.12926], [74.59898, 31.12885], [74.60339, 31.13366], [74.60497, 31.13262], [74.60989, 31.13375], [74.6139, 31.1316], [74.61862, 31.13135], [74.62198, 31.13299], [74.62686, 31.13109], [74.63094, 31.13271], [74.63251, 31.1313], [74.63099, 31.12803], [74.6324, 31.12153], [74.63652, 31.11813], [74.64091, 31.12009], [74.64703, 31.12702], [74.6531, 31.1294], [74.65912, 31.13397], [74.66651, 31.12439], [74.67325, 31.12353], [74.68286, 31.12726], [74.68921, 31.12789], [74.68996, 31.11739], [74.69265, 31.11724], [74.69826, 31.11239], [74.69808, 31.10379], [74.74016, 31.10455], [74.74659, 31.10916], [74.74594, 31.11553], [74.75112, 31.11265], [74.75687, 31.11714], [74.76346, 31.11865], [74.76566, 31.12853], [74.7918, 31.13047], [74.79312, 31.1254], [74.80337, 31.11391], [74.81117, 31.12264], [74.81041, 31.13255], [74.81247, 31.13382], [74.81995, 31.13546], [74.83337, 31.13314], [74.85131, 31.13395], [74.88437, 31.15129], [74.89784, 31.16037], [74.90845, 31.15591], [74.9157, 31.15559], [74.92235, 31.16094], [74.95018, 31.14957]]]}}, {"type": "Feature", "properties": {"shapeName": "Kapurthala", "shapeISO": "", "shapeID": "76128533B37199077904074", "shapeGroup": "IND", "shapeType": "ADM2", "district": "Kapurthala"}, "geometry": {"type": "MultiPolygon", "coordinates": [[[[75.40582, 31.5941], [75.39965, 31.58161], [75.38942, 31.58183], [75.37661, 31.57937], [75.34604, 31.5564], [75.34422, 31.5567], [75.34747, 31.5497], [75.33337, 31.5387], [75.32028, 31.52062], [75.31159, 31.51786], [75.2993, 31.50282], [75.28661, 31.48279], [75.28067, 31.48274], [75.27347, 31.48171], [75.26339, 31.47586], [75.2512, 31.46257], [75.24732, 31.45569], [75.23833, 31.46022], [75.23158, 31.44248], [75.22839, 31.42368], [75.21759, 31.4229], [75.21163, 31.43759], [75.20428, 31.43792], [75.19617, 31.43532], [75.19301, 31.43155], [75.18851, 31.41763], [75.18995, 31.41385], [75.19582, 31.40802], [75.19378, 31.40501], [75.1909, 31.40757], [75.18277, 31.40036], [75.18456, 31.39595], [75.17127, 31.37843], [75.16452, 31.38134], [75.16219, 31.36383], [75.16464, 31.3606], [75.17367, 31.36288], [75.14702, 31.33394], [75.14519, 31.33081], [75.1473, 31.32168], [75.1347, 31.31084], [75.1214, 31.31905], [75.10905, 31.316], [75.11179, 31.3098], [75.10033, 31.29432], [75.09473, 31.28337], [75.10486, 31.27794], [75.08515, 31.27209], [75.08295, 31.26718], [75.08475, 31.26609], [75.08182, 31.26071], [75.08232, 31.24769], [75.07126, 31.23789], [75.05938, 31.22426], [75.0641, 31.22443], [75.06426, 31.21666], [75.06267, 31.2107], [75.05358, 31.20204], [75.05322, 31.19911], [75.05511, 31.1973], [75.05178, 31.19161], [75.03626, 31.18741], [75.01328, 31.17264], [74.99947, 31.17079], [74.99777, 31.16603], [74.9901, 31.15876], [74.95018, 31.14957], [74.98527, 31.13563], [74.99947, 31.12405], [75.00179, 31.12566], [75.0093, 31.11955], [75.01291, 31.12223], [75.01562, 31.12794], [75.01493, 31.13405], [75.00844, 31.14447], [75.00935, 31.14552], [75.01671, 31.14566], [75.01778, 31.1495], [75.02411, 31.14773], [75.02431, 31.14877], [75.02504, 31.14745], [75.0316, 31.14582], [75.04125, 31.14563], [75.04257, 31.14805], [75.04111, 31.15426], [75.04253, 31.15705], [75.03904, 31.16047], [75.04007, 31.16151], [75.05152, 31.15905], [75.05081, 31.15274], [75.06003, 31.15248], [75.06824, 31.1463], [75.07505, 31.14408], [75.08219, 31.15246], [75.08531, 31.15131], [75.09244, 31.14986], [75.10583, 31.15053], [75.11564, 31.15705], [75.12053, 31.15716], [75.12576, 31.16668], [75.13131, 31.16899], [75.14522, 31.16811], [75.14785, 31.16536], [75.15921, 31.16659], [75.1788, 31.16446], [75.18895, 31.16668], [75.18956, 31.1721], [75.1963, 31.18166], [75.20432, 31.1849], [75.21363, 31.18522], [75.22673, 31.17405], [75.22992, 31.16769], [75.23026, 31.15514], [75.23429, 31.15276], [75.25516, 31.15329], [75.27113, 31.14814], [75.27663, 31.1504], [75.27725, 31.15947], [75.27372, 31.16094], [75.27348, 31.16473], [75.27637, 31.16839], [75.27353, 31.17326], [75.27365, 31.17814], [75.27763, 31.18711], [75.28751, 31.18472], [75.29215, 31.18689], [75.29515, 31.19324], [75.3002, 31.19375], [75.30353, 31.20639], [75.30739, 31.20631], [75.30963, 31.20805], [75.32023, 31.20716], [75.32468, 31.20887], [75.3298, 31.21623], [75.33664, 31.21697], [75.34089, 31.22501], [75.3436, 31.2259], [75.34345, 31.22791], [75.34732, 31.2321], [75.36736, 31.22591], [75.36746, 31.2296], [75.36447, 31.23625], [75.36929, 31.23963], [75.3737, 31.238], [75.37466, 31.23426], [75.38473, 31.2333], [75.38601, 31.2382], [75.39307, 31.24557], [75.40603, 31.24756], [75.4093, 31.24597], [75.41496, 31.24635], [75.4192, 31.24852], [75.4242, 31.24878], [75.42602, 31.24569], [75.42239, 31.24169], [75.42346, 31.23436], [75.42704, 31.22859], [75.43575, 31.22969], [75.43893, 31.23892], [75.44378, 31.24233], [75.44775, 31.24255], [75.456, 31.23611], [75.46311, 31.23783], [75.49216, 31.2709], [75.45652, 31.28469], [75.46152, 31.30252], [75.45416, 31.31339], [75.46163, 31.31805], [75.47137, 31.32134], [75.49047, 31.32277], [75.49443, 31.3277], [75.50062, 31.34193], [75.50361, 31.36725], [75.50148, 31.36997], [75.49279, 31.36532], [75.48333, 31.36589], [75.47687, 31.37404], [75.51157, 31.37714], [75.51499, 31.38987], [75.49218, 31.40159], [75.489, 31.39144], [75.47675, 31.387], [75.45311, 31.38842], [75.44783, 31.3965], [75.45714, 31.40888], [75.44239, 31.41753], [75.44454, 31.42904], [75.45355, 31.43756], [75.4616, 31.43449], [75.4642, 31.43692], [75.45584, 31.45109], [75.46796, 31.44932], [75.4731, 31.44994], [75.47321, 31.45097], [75.47159, 31.45581], [75.44671, 31.49084], [75.44753, 31.50085], [75.4622, 31.50443], [75.48256, 31.50209], [75.48721, 31.49623], [75.49744, 31.49561], [75.50367, 31.48405], [75.52125, 31.47292], [75.52792, 31.47923], [75.51844, 31.48875], [75.52707, 31.49382], [75.52391, 31.50518], [75.52479, 31.51654], [75.52294, 31.53094], [75.53507, 31.53115], [75.54122, 31.5266], [75.55065, 31.53038], [75.55093, 31.53495], [75.54273, 31.54652], [75.53595, 31.55141], [75.53938, 31.55567], [75.54766, 31.55629], [75.55863, 31.55226], [75.56235, 31.54756], [75.56978, 31.55046], [75.58336, 31.55299], [75.58158, 31.55645], [75.58354, 31.56751], [75.58692, 31.57151], [75.60093, 31.56644], [75.60586, 31.5762], [75.59841, 31.5856], [75.60008, 31.59332], [75.59594, 31.60451], [75.57725, 31.60921], [75.57565, 31.61721], [75.57365, 31.61662], [75.57237, 31.6101], [75.56961, 31.611], [75.5709, 31.62748], [75.57391, 31.63596], [75.57163, 31.63786], [75.55763, 31.64025], [75.55719, 31.63771], [75.55246, 31.6344], [75.54911, 31.63633], [75.54928, 31.64048], [75.54607, 31.64835], [75.54278, 31.65069], [75.53403, 31.6496], [75.53177, 31.63917], [75.53306, 31.63607], [75.52646, 31.63442], [75.52704, 31.63661], [75.52339, 31.64113], [75.51584, 31.64097], [75.51214, 31.64348], [75.49918, 31.64172], [75.4842, 31.65073], [75.47661, 31.6511], [75.47133, 31.64575], [75.46889, 31.63428], [75.43438, 31.62707], [75.43069, 31.62958], [75.42637, 31.62679], [75.41922, 31.61744], [75.42046, 31.61189], [75.41734, 31.61198], [75.41438, 31.59911], [75.40582, 31.5941]]], [[[75.89248, 31.27591], [75.8894, 31.27619], [75.88571, 31.29104], [75.881, 31.29183], [75.87846, 31.28606], [75.86775, 31.28217], [75.86656, 31.28982], [75.86081, 31.28997], [75.85678, 31.29186], [75.8551, 31.29542], [75.86814, 31.31069], [75.86774, 31.31826], [75.87763, 31.3278], [75.8782, 31.32371], [75.88176, 31.32183], [75.88695, 31.33486], [75.89494, 31.33754], [75.90708, 31.33734], [75.90916, 31.34547], [75.89739, 31.33996], [75.89221, 31.34121], [75.89039, 31.34714], [75.87945, 31.35581], [75.87188, 31.35496], [75.85916, 31.35101], [75.85614, 31.36464], [75.85011, 31.37017], [75.84224, 31.36389], [75.83333, 31.36402], [75.83212, 31.36121], [75.82402, 31.35876], [75.81785, 31.36119], [75.81251, 31.37039], [75.80851, 31.37004], [75.80529, 31.37376], [75.80134, 31.37375], [75.79541, 31.37035], [75.78925, 31.36974], [75.78854, 31.36294], [75.77538, 31.35442], [75.76985, 31.35463], [75.76666, 31.35208], [75.76376, 31.34648], [75.76392, 31.3413], [75.76141, 31.3376], [75.76038, 31.33006], [75.75725, 31.3283], [75.74959, 31.32937], [75.74042, 31.32519], [75.7396, 31.32927], [75.72959, 31.34345], [75.72404, 31.34635], [75.71283, 31.34873], [75.70171, 31.34706], [75.72354, 31.32207], [75.72108, 31.31571], [75.68714, 31.31912], [75.68467, 31.31243], [75.68695, 31.30691], [75.69793, 31.29913], [75.70359, 31.28834], [75.70066, 31.28803], [75.69861, 31.28554], [75.6797, 31.29398], [75.67993, 31.29023], [75.67618, 31.28717], [75.67485, 31.27086], [75.68148, 31.26589], [75.67839, 31.25827], [75.68029, 31.25407], [75.67491, 31.25186], [75.67411, 31.25024], [75.6798, 31.24532], [75.67349, 31.24558], [75.67231, 31.24033], [75.67648, 31.23361], [75.68441, 31.23198], [75.69376, 31.23686], [75.69765, 31.24598], [75.7007, 31.24698], [75.70646, 31.23998], [75.71328, 31.2223], [75.7106, 31.21564], [75.70613, 31.21608], [75.70144, 31.21243], [75.69306, 31.21193], [75.69112, 31.20133], [75.68829, 31.19682], [75.69851, 31.18868], [75.69746, 31.17614], [75.70293, 31.17202], [75.70375, 31.16852], [75.7077, 31.166], [75.72267, 31.16457], [75.72738, 31.16649], [75.73898, 31.16298], [75.74495, 31.16381], [75.75514, 31.16224], [75.76218, 31.1636], [75.76639, 31.16103], [75.77251, 31.16058], [75.77986, 31.16534], [75.77739, 31.18267], [75.77828, 31.189], [75.78151, 31.19564], [75.7888, 31.19834], [75.78585, 31.20434], [75.7954, 31.20996], [75.79831, 31.21419], [75.80588, 31.21887], [75.81298, 31.22178], [75.82462, 31.22252], [75.82993, 31.22721], [75.84494, 31.23141], [75.85137, 31.2346], [75.85497, 31.23323], [75.85855, 31.23468], [75.85923, 31.24482], [75.85355, 31.25269], [75.85264, 31.25914], [75.84691, 31.26263], [75.84083, 31.27677], [75.84343, 31.28338], [75.85493, 31.28299], [75.85647, 31.27907], [75.87273, 31.27354], [75.87666, 31.26705], [75.87606, 31.26118], [75.87218, 31.25897], [75.87246, 31.24959], [75.87091, 31.24516], [75.87623, 31.24345], [75.8894, 31.24954], [75.89252, 31.2549], [75.90292, 31.25562], [75.91161, 31.26216], [75.90837, 31.26537], [75.89893, 31.26614], [75.89248, 31.27591]]]]}}, {"type": "Feature", "properties": {"shapeName": "Fatehgarh Sahib", "shapeISO": "", "shapeID": "76128533B99919205026025", "shapeGroup": "IND", "shapeType": "ADM2", "district": "Fatehgarh Sahib"}, "geometry": {"type": "Polygon", "coordinates": [[[76.63584, 30.62022], [76.63411, 30.62004], [76.63045, 30.62588], [76.63151, 30.63636], [76.627, 30.64351], [76.62355, 30.64152], [76.61251, 30.64519], [76.60064, 30.65499], [76.59885, 30.66127], [76.58996, 30.66613], [76.58032, 30.66648], [76.57726, 30.6678], [76.57435, 30.67038], [76.56497, 30.68807], [76.56238, 30.69014], [76.55403, 30.69136], [76.55082, 30.70002], [76.53685, 30.70568], [76.53783, 30.70877], [76.53072, 30.71324], [76.52949, 30.71481], [76.53034, 30.72315], [76.52281, 30.72933], [76.52417, 30.73362], [76.53248, 30.73915], [76.53125, 30.74451], [76.52536, 30.75317], [76.52568, 30.75934], [76.50834, 30.74925], [76.4958, 30.7454], [76.48373, 30.75007], [76.47183, 30.74546], [76.46562, 30.75342], [76.46419, 30.75403], [76.46074, 30.75208], [76.44689, 30.75919], [76.44609, 30.77957], [76.44339, 30.78252], [76.44335, 30.7956], [76.44295, 30.79704], [76.43802, 30.7982], [76.43671, 30.79985], [76.4373, 30.81214], [76.43327, 30.81834], [76.42775, 30.82162], [76.42201, 30.81807], [76.4118, 30.81742], [76.4072, 30.8296], [76.41491, 30.83856], [76.41019, 30.84544], [76.4044, 30.84576], [76.39845, 30.84359], [76.38303, 30.85002], [76.38488, 30.856], [76.38417, 30.86068], [76.38152, 30.86058], [76.37654, 30.86526], [76.37257, 30.86536], [76.36686, 30.87284], [76.35422, 30.86851], [76.34857, 30.87205], [76.34625, 30.87878], [76.33597, 30.8763], [76.32369, 30.8791], [76.32029, 30.87801], [76.31798, 30.87409], [76.31515, 30.87329], [76.31397, 30.86919], [76.30633, 30.86707], [76.30034, 30.86332], [76.3015, 30.85842], [76.31052, 30.84334], [76.31077, 30.83786], [76.29424, 30.82916], [76.28499, 30.82249], [76.28333, 30.81499], [76.28667, 30.80382], [76.27427, 30.7961], [76.26945, 30.79656], [76.26149, 30.78311], [76.26243, 30.77962], [76.26779, 30.77637], [76.27405, 30.77606], [76.28392, 30.77824], [76.28906, 30.77677], [76.30944, 30.75885], [76.31029, 30.75396], [76.30832, 30.74945], [76.29803, 30.74164], [76.29807, 30.73399], [76.28762, 30.72899], [76.28555, 30.72324], [76.29075, 30.71491], [76.29687, 30.71353], [76.30735, 30.70105], [76.31673, 30.69925], [76.32585, 30.69135], [76.32738, 30.68889], [76.32659, 30.6866], [76.31115, 30.6827], [76.30409, 30.67861], [76.28256, 30.68056], [76.27352, 30.67494], [76.26633, 30.67444], [76.26014, 30.67627], [76.25545, 30.67958], [76.24453, 30.6787], [76.24097, 30.67577], [76.23505, 30.67398], [76.22633, 30.67444], [76.21835, 30.67807], [76.20912, 30.67428], [76.19895, 30.67388], [76.18633, 30.66601], [76.18261, 30.67069], [76.18311, 30.67691], [76.18024, 30.67904], [76.1747, 30.67769], [76.17201, 30.67388], [76.17191, 30.66505], [76.16812, 30.65987], [76.15334, 30.65279], [76.15209, 30.63769], [76.13038, 30.62976], [76.12613, 30.62436], [76.12686, 30.62158], [76.11583, 30.6133], [76.12294, 30.60345], [76.12071, 30.59936], [76.12475, 30.59618], [76.1208, 30.59241], [76.1139, 30.58937], [76.11237, 30.58426], [76.11383, 30.57874], [76.10845, 30.57497], [76.10798, 30.562], [76.10185, 30.55974], [76.0966, 30.5616], [76.09269, 30.56643], [76.08959, 30.56691], [76.08441, 30.56155], [76.07774, 30.54457], [76.08557, 30.5376], [76.08758, 30.53329], [76.09258, 30.53594], [76.09534, 30.53239], [76.10235, 30.53061], [76.10591, 30.52795], [76.1097, 30.528], [76.11838, 30.53972], [76.12254, 30.54267], [76.12826, 30.53831], [76.12958, 30.5345], [76.13393, 30.53345], [76.13952, 30.52537], [76.14714, 30.533], [76.1455, 30.53727], [76.15344, 30.5434], [76.16438, 30.53926], [76.17236, 30.5477], [76.18, 30.54294], [76.18967, 30.54339], [76.20015, 30.54625], [76.20946, 30.55007], [76.22041, 30.56441], [76.22512, 30.56532], [76.22876, 30.56953], [76.23949, 30.56556], [76.24051, 30.5488], [76.2443, 30.54865], [76.25034, 30.5516], [76.2562, 30.56257], [76.26176, 30.55679], [76.26988, 30.55674], [76.27215, 30.553], [76.28582, 30.54725], [76.28798, 30.54381], [76.29084, 30.54468], [76.29153, 30.54659], [76.31035, 30.54256], [76.31593, 30.54325], [76.31826, 30.54607], [76.32532, 30.5422], [76.32712, 30.53667], [76.32385, 30.52919], [76.32878, 30.52351], [76.3345, 30.5068], [76.33442, 30.50139], [76.33163, 30.499], [76.33206, 30.49763], [76.33338, 30.49514], [76.33859, 30.49509], [76.34906, 30.48426], [76.34611, 30.47952], [76.3366, 30.47875], [76.34419, 30.47587], [76.34732, 30.47608], [76.35546, 30.45924], [76.36983, 30.46774], [76.37616, 30.47657], [76.38291, 30.47113], [76.38823, 30.47292], [76.39939, 30.46053], [76.40043, 30.45698], [76.40504, 30.4553], [76.40781, 30.45079], [76.41092, 30.45193], [76.41585, 30.45766], [76.419, 30.46522], [76.43107, 30.45367], [76.42331, 30.44358], [76.43677, 30.44159], [76.44777, 30.44805], [76.46285, 30.43375], [76.46878, 30.43681], [76.47261, 30.44422], [76.45445, 30.45307], [76.46001, 30.45693], [76.46926, 30.45573], [76.47058, 30.45675], [76.47218, 30.45993], [76.46629, 30.46648], [76.46906, 30.47196], [76.47175, 30.47379], [76.4718, 30.47784], [76.47436, 30.48096], [76.47592, 30.4819], [76.48457, 30.48102], [76.49126, 30.48423], [76.49644, 30.48413], [76.49818, 30.48965], [76.49753, 30.49393], [76.48978, 30.49898], [76.49311, 30.50051], [76.49685, 30.50644], [76.49293, 30.51431], [76.50326, 30.52971], [76.50065, 30.53596], [76.50096, 30.5474], [76.50347, 30.55193], [76.50628, 30.55327], [76.50183, 30.56094], [76.50699, 30.56544], [76.51091, 30.56489], [76.51338, 30.56732], [76.51886, 30.56387], [76.52824, 30.56096], [76.53225, 30.56105], [76.53351, 30.55751], [76.53698, 30.55813], [76.54135, 30.55685], [76.56715, 30.56718], [76.57292, 30.56446], [76.57926, 30.56844], [76.58012, 30.57166], [76.58236, 30.57088], [76.583, 30.57336], [76.58647, 30.57418], [76.59826, 30.59225], [76.60112, 30.59435], [76.60483, 30.59101], [76.61288, 30.59968], [76.61804, 30.6089], [76.62565, 30.61123], [76.63432, 30.6171], [76.63584, 30.62022]]]}}, {"type": "Feature", "properties": {"shapeName": "Sangrur", "shapeISO": "", "shapeID": "76128533B82601690264832", "shapeGroup": "IND", "shapeType": "ADM2", "district": "Sangrur"}, "geometry": {"type": "Polygon", "coordinates": [[[76.10237, 29.80709], [76.10382, 29.81079], [76.11112, 29.81813], [76.11382, 29.82387], [76.12311, 29.83571], [76.12671, 29.85416], [76.12378, 29.85627], [76.11953, 29.85661], [76.11495, 29.85527], [76.10639, 29.84698], [76.09079, 29.84551], [76.08047, 29.84099], [76.0688, 29.84257], [76.06025, 29.85481], [76.06102, 29.86825], [76.05765, 29.86958], [76.05513, 29.86863], [76.05139, 29.87389], [76.0475, 29.87262], [76.04192, 29.87581], [76.02823, 29.86764], [76.02409, 29.87408], [76.02264, 29.88791], [76.02059, 29.89087], [76.00092, 29.89691], [75.99702, 29.89672], [75.9835, 29.90673], [75.98872, 29.92079], [75.98629, 29.93474], [75.99211, 29.94727], [76.00092, 29.94703], [76.0169, 29.94391], [76.02588, 29.95111], [76.03236, 29.9643], [76.02994, 29.97088], [76.02359, 29.97497], [76.02261, 29.98088], [76.00598, 30.00349], [76.01871, 30.01124], [76.017, 30.01575], [76.0133, 30.01764], [76.01489, 30.02226], [76.01759, 30.0243], [76.02243, 30.02321], [76.02511, 30.02408], [76.03746, 30.0355], [76.03892, 30.03892], [76.03468, 30.04317], [76.03463, 30.04498], [76.04049, 30.04823], [76.04, 30.04999], [76.04332, 30.0549], [76.05294, 30.05658], [76.05269, 30.05825], [76.04749, 30.06115], [76.05584, 30.06805], [76.05855, 30.07366], [76.06131, 30.07398], [76.06691, 30.07115], [76.06777, 30.06388], [76.06923, 30.06273], [76.07463, 30.06684], [76.08483, 30.06381], [76.0916, 30.0636], [76.08665, 30.07334], [76.09431, 30.0797], [76.09585, 30.0896], [76.10345, 30.10035], [76.10832, 30.11203], [76.10374, 30.1175], [76.09752, 30.1218], [76.08009, 30.11697], [76.08559, 30.12206], [76.08548, 30.12508], [76.07501, 30.12468], [76.07265, 30.12679], [76.0755, 30.1325], [76.08141, 30.13418], [76.08093, 30.13788], [76.07235, 30.14054], [76.06807, 30.14391], [76.06337, 30.14269], [76.06247, 30.14564], [76.06371, 30.14836], [76.07061, 30.1476], [76.07345, 30.15396], [76.06858, 30.15619], [76.05715, 30.168], [76.05641, 30.17811], [76.0512, 30.1883], [76.05463, 30.19039], [76.0672, 30.20516], [76.06428, 30.21277], [76.08068, 30.23035], [76.08438, 30.22522], [76.08863, 30.22719], [76.10136, 30.22542], [76.11646, 30.22989], [76.11721, 30.23845], [76.12083, 30.23813], [76.12647, 30.24337], [76.13201, 30.24266], [76.13776, 30.24677], [76.14154, 30.24065], [76.14736, 30.24566], [76.14649, 30.24864], [76.15613, 30.25385], [76.1669, 30.25097], [76.16898, 30.24522], [76.16811, 30.23971], [76.17381, 30.24538], [76.17573, 30.25077], [76.18088, 30.25546], [76.17845, 30.26363], [76.18373, 30.27323], [76.18681, 30.27462], [76.19065, 30.27271], [76.19876, 30.27452], [76.20292, 30.27954], [76.20423, 30.28389], [76.19868, 30.29446], [76.18891, 30.29709], [76.18379, 30.30571], [76.17516, 30.30457], [76.168, 30.30132], [76.16688, 30.30884], [76.1708, 30.31507], [76.16806, 30.31892], [76.15728, 30.31353], [76.14887, 30.3181], [76.14407, 30.31378], [76.131, 30.31241], [76.11739, 30.31776], [76.11, 30.31805], [76.09889, 30.31575], [76.09234, 30.31273], [76.08822, 30.30881], [76.06763, 30.31613], [76.06278, 30.3201], [76.05844, 30.32831], [76.04927, 30.33657], [76.04367, 30.3345], [76.03349, 30.33646], [76.02138, 30.32785], [76.01041, 30.33098], [76.00853, 30.33524], [75.99121, 30.33763], [75.9915, 30.34298], [75.98586, 30.36056], [75.98938, 30.36262], [75.99349, 30.37032], [76.00086, 30.36548], [76.0097, 30.36387], [76.01091, 30.36547], [76.00915, 30.36805], [76.01021, 30.37139], [76.01581, 30.37795], [76.01627, 30.38165], [76.02404, 30.37868], [76.0255, 30.38914], [76.03158, 30.39286], [76.03668, 30.39985], [76.0323, 30.40757], [76.0445, 30.41146], [76.04863, 30.41849], [76.05384, 30.42086], [76.04953, 30.43343], [76.06183, 30.44114], [76.06992, 30.44995], [76.07579, 30.44668], [76.07959, 30.44743], [76.09039, 30.45552], [76.08166, 30.4586], [76.08119, 30.47149], [76.06555, 30.47851], [76.06405, 30.48217], [76.06412, 30.48773], [76.06643, 30.49262], [76.07899, 30.49937], [76.08064, 30.50166], [76.07917, 30.50656], [76.08371, 30.52035], [76.09008, 30.53044], [76.08758, 30.53329], [76.08557, 30.5376], [76.07774, 30.54457], [76.08441, 30.56155], [76.07752, 30.564], [76.07233, 30.56355], [76.0696, 30.56568], [76.0667, 30.56932], [76.06868, 30.57968], [76.06594, 30.58183], [76.06004, 30.57876], [76.0465, 30.58617], [76.03863, 30.58694], [76.03636, 30.589], [76.03314, 30.59949], [76.03292, 30.60721], [76.03111, 30.60881], [76.03108, 30.61313], [76.02887, 30.61462], [76.00791, 30.61069], [76.00447, 30.60199], [75.99297, 30.59779], [75.98449, 30.59664], [75.97581, 30.59157], [75.96355, 30.5874], [75.96123, 30.58499], [75.95836, 30.57588], [75.9514, 30.57162], [75.93855, 30.56874], [75.92957, 30.57566], [75.92788, 30.58609], [75.92437, 30.58839], [75.93179, 30.59547], [75.92666, 30.60527], [75.91958, 30.60885], [75.9129, 30.60833], [75.90634, 30.60413], [75.89666, 30.60535], [75.89118, 30.60984], [75.89101, 30.62008], [75.88155, 30.62504], [75.87672, 30.62977], [75.87726, 30.63801], [75.89748, 30.64618], [75.89842, 30.65379], [75.89579, 30.65978], [75.88719, 30.66353], [75.88495, 30.67148], [75.88164, 30.67476], [75.87323, 30.67626], [75.86018, 30.66992], [75.85441, 30.67033], [75.84389, 30.68605], [75.83911, 30.6871], [75.83916, 30.69477], [75.83117, 30.69125], [75.83008, 30.69505], [75.82026, 30.69178], [75.81808, 30.68786], [75.81115, 30.68994], [75.80837, 30.68512], [75.80845, 30.67517], [75.81247, 30.67354], [75.81245, 30.66595], [75.81534, 30.66419], [75.80849, 30.66455], [75.79213, 30.65941], [75.78655, 30.65901], [75.78795, 30.66385], [75.78564, 30.67104], [75.77862, 30.67184], [75.7712, 30.67196], [75.76655, 30.66533], [75.76655, 30.65583], [75.77655, 30.65745], [75.78204, 30.64288], [75.80103, 30.6312], [75.78989, 30.623], [75.78686, 30.62336], [75.78236, 30.629], [75.767, 30.63469], [75.76363, 30.63751], [75.76104, 30.6344], [75.75295, 30.63036], [75.7413, 30.62857], [75.73215, 30.61554], [75.72894, 30.61748], [75.72494, 30.6141], [75.71696, 30.61111], [75.693, 30.61145], [75.68196, 30.60912], [75.68235, 30.60535], [75.67859, 30.59938], [75.67966, 30.59486], [75.68292, 30.59289], [75.68428, 30.58899], [75.67829, 30.58536], [75.67631, 30.58191], [75.67727, 30.57985], [75.66839, 30.56665], [75.66241, 30.56402], [75.66225, 30.56001], [75.6654, 30.55714], [75.66659, 30.55326], [75.66572, 30.55128], [75.66163, 30.55099], [75.65382, 30.54368], [75.65336, 30.54126], [75.65938, 30.53193], [75.66444, 30.52868], [75.6674, 30.52381], [75.67536, 30.52109], [75.68147, 30.52136], [75.67868, 30.51723], [75.68155, 30.51164], [75.68135, 30.50693], [75.67307, 30.49981], [75.67318, 30.4977], [75.66978, 30.49571], [75.6615, 30.49516], [75.66266, 30.4925], [75.6578, 30.47911], [75.65817, 30.47693], [75.6618, 30.47683], [75.66468, 30.47453], [75.67147, 30.47514], [75.67806, 30.47388], [75.67566, 30.46777], [75.675, 30.45823], [75.67131, 30.45043], [75.66611, 30.44654], [75.65857, 30.44475], [75.65575, 30.44744], [75.64901, 30.44121], [75.65695, 30.42839], [75.66574, 30.42685], [75.67143, 30.42018], [75.66621, 30.40953], [75.67207, 30.40443], [75.67117, 30.40294], [75.66579, 30.40654], [75.66, 30.40552], [75.6627, 30.40269], [75.66842, 30.40173], [75.66705, 30.39838], [75.66795, 30.38827], [75.67046, 30.38507], [75.67709, 30.38241], [75.67913, 30.37912], [75.67701, 30.36552], [75.67871, 30.35493], [75.68456, 30.3537], [75.6854, 30.35002], [75.68231, 30.3478], [75.68322, 30.34589], [75.68183, 30.34389], [75.6752, 30.34027], [75.66828, 30.33303], [75.66236, 30.33704], [75.66013, 30.33687], [75.65385, 30.3339], [75.65147, 30.33108], [75.65425, 30.32833], [75.6588, 30.31699], [75.65724, 30.31196], [75.65806, 30.30811], [75.66539, 30.29562], [75.6709, 30.29039], [75.68132, 30.28585], [75.69336, 30.28451], [75.69677, 30.28269], [75.70817, 30.28388], [75.7193, 30.28198], [75.728, 30.27743], [75.73186, 30.27359], [75.72929, 30.27257], [75.72541, 30.27349], [75.72168, 30.26913], [75.72198, 30.26406], [75.71806, 30.25794], [75.70822, 30.25248], [75.70468, 30.25235], [75.7008, 30.25018], [75.70173, 30.24828], [75.69843, 30.24111], [75.695, 30.24251], [75.69402, 30.23924], [75.69019, 30.23871], [75.69302, 30.23243], [75.69083, 30.23187], [75.6833, 30.23717], [75.67959, 30.23803], [75.67682, 30.23637], [75.66907, 30.23565], [75.65044, 30.23724], [75.64339, 30.23093], [75.63458, 30.22882], [75.62281, 30.22219], [75.61795, 30.2171], [75.61219, 30.21725], [75.59441, 30.2222], [75.59189, 30.22492], [75.58598, 30.22708], [75.58303, 30.22555], [75.5824, 30.22187], [75.58568, 30.21982], [75.58661, 30.2163], [75.57301, 30.20638], [75.57156, 30.2035], [75.56051, 30.20156], [75.56044, 30.19816], [75.55735, 30.19324], [75.56056, 30.18641], [75.55899, 30.18495], [75.55806, 30.1772], [75.5615, 30.17556], [75.56488, 30.16885], [75.57623, 30.15666], [75.57633, 30.15321], [75.57951, 30.14797], [75.57706, 30.14422], [75.57987, 30.14321], [75.58042, 30.14152], [75.59525, 30.13792], [75.60144, 30.13799], [75.60678, 30.13443], [75.62489, 30.14264], [75.62745, 30.14219], [75.63068, 30.13758], [75.62844, 30.13182], [75.63951, 30.11578], [75.64657, 30.11139], [75.65223, 30.11204], [75.65447, 30.11394], [75.65737, 30.11032], [75.65296, 30.10436], [75.64618, 30.10245], [75.63729, 30.09089], [75.63223, 30.08904], [75.63013, 30.08085], [75.64027, 30.07361], [75.63836, 30.07052], [75.63876, 30.06725], [75.64356, 30.0649], [75.64233, 30.05088], [75.64036, 30.04807], [75.64042, 30.04507], [75.64529, 30.03899], [75.6432, 30.03008], [75.65194, 30.02318], [75.65964, 30.03476], [75.67274, 30.03506], [75.67852, 30.03939], [75.68332, 30.03853], [75.67971, 30.03], [75.68438, 30.02441], [75.69096, 30.02315], [75.69241, 30.00729], [75.6874, 30.00636], [75.68094, 29.9954], [75.66922, 29.98658], [75.65658, 29.98457], [75.65392, 29.98199], [75.66011, 29.97673], [75.64746, 29.95177], [75.64176, 29.93496], [75.65117, 29.93738], [75.65596, 29.92864], [75.65993, 29.93086], [75.66829, 29.92664], [75.66983, 29.91971], [75.67229, 29.91689], [75.67174, 29.9125], [75.67438, 29.90847], [75.68882, 29.90987], [75.70574, 29.91806], [75.70966, 29.93353], [75.72, 29.93097], [75.73365, 29.93292], [75.73865, 29.92469], [75.74773, 29.91789], [75.75811, 29.91342], [75.76696, 29.91699], [75.76692, 29.90763], [75.77159, 29.89679], [75.76095, 29.8917], [75.76584, 29.87308], [75.75859, 29.86028], [75.77517, 29.85428], [75.7775, 29.85215], [75.77218, 29.84683], [75.77557, 29.8344], [75.76822, 29.82829], [75.752, 29.82456], [75.73754, 29.80837], [75.75987, 29.80894], [75.77219, 29.81546], [75.77501, 29.81875], [75.78323, 29.82217], [75.79484, 29.81204], [75.80763, 29.80386], [75.81443, 29.80619], [75.81303, 29.8114], [75.81469, 29.81361], [75.82134, 29.8131], [75.82941, 29.81544], [75.84938, 29.81538], [75.85153, 29.81263], [75.85008, 29.79483], [75.84573, 29.79318], [75.84369, 29.79759], [75.84087, 29.79837], [75.84229, 29.79284], [75.85519, 29.77259], [75.86576, 29.76682], [75.87531, 29.74891], [75.89081, 29.74362], [75.90882, 29.75206], [75.91469, 29.7428], [75.92551, 29.73527], [75.9347, 29.73139], [75.94698, 29.72929], [75.95392, 29.73074], [75.97643, 29.72779], [75.98413, 29.72876], [76.01548, 29.74729], [76.02924, 29.75242], [76.03592, 29.75194], [76.04731, 29.74299], [76.05315, 29.74508], [76.07016, 29.76944], [76.07494, 29.77375], [76.08164, 29.7723], [76.08609, 29.77751], [76.08947, 29.80206], [76.10237, 29.80709]], [[75.97507, 29.91375], [75.97693, 29.90873], [75.98157, 29.90497], [75.97646, 29.89567], [75.97003, 29.89074], [75.96614, 29.89242], [75.9616, 29.89095], [75.95563, 29.89169], [75.95221, 29.89494], [75.94639, 29.89587], [75.93609, 29.90218], [75.93442, 29.90643], [75.93118, 29.90809], [75.93785, 29.91748], [75.94699, 29.92111], [75.95481, 29.92057], [75.95974, 29.91812], [75.96222, 29.91375], [75.96711, 29.91352], [75.9636, 29.9185], [75.96901, 29.92641], [75.96757, 29.92978], [75.97055, 29.93073], [75.97113, 29.93254], [75.97355, 29.92303], [75.97128, 29.9179], [75.97507, 29.91375]]]}}, {"type": "Feature", "properties": {"shapeName": "Mansa", "shapeISO": "", "shapeID": "76128533B41499938690181", "shapeGroup": "IND", "shapeType": "ADM2", "district": "Mansa"}, "geometry": {"type": "Polygon", "coordinates": [[[75.73754, 29.80837], [75.752, 29.82456], [75.76822, 29.82829], [75.77557, 29.8344], [75.77218, 29.84683], [75.7775, 29.85215], [75.77517, 29.85428], [75.75859, 29.86028], [75.76584, 29.87308], [75.76095, 29.8917], [75.77159, 29.89679], [75.76692, 29.90763], [75.76696, 29.91699], [75.75811, 29.91342], [75.74773, 29.91789], [75.73865, 29.92469], [75.73365, 29.93292], [75.72, 29.93097], [75.70966, 29.93353], [75.70574, 29.91806], [75.68882, 29.90987], [75.67438, 29.90847], [75.67174, 29.9125], [75.67229, 29.91689], [75.66983, 29.91971], [75.66829, 29.92664], [75.65993, 29.93086], [75.65596, 29.92864], [75.65117, 29.93738], [75.64176, 29.93496], [75.64746, 29.95177], [75.66011, 29.97673], [75.65392, 29.98199], [75.65658, 29.98457], [75.66922, 29.98658], [75.68094, 29.9954], [75.6874, 30.00636], [75.69241, 30.00729], [75.69096, 30.02315], [75.68438, 30.02441], [75.67971, 30.03], [75.68332, 30.03853], [75.67852, 30.03939], [75.67274, 30.03506], [75.65964, 30.03476], [75.65194, 30.02318], [75.6432, 30.03008], [75.64529, 30.03899], [75.64042, 30.04507], [75.64036, 30.04807], [75.64233, 30.05088], [75.64356, 30.0649], [75.63876, 30.06725], [75.63836, 30.07052], [75.64027, 30.07361], [75.63013, 30.08085], [75.63223, 30.08904], [75.63729, 30.09089], [75.64618, 30.10245], [75.65296, 30.10436], [75.65737, 30.11032], [75.65447, 30.11394], [75.65223, 30.11204], [75.64657, 30.11139], [75.63951, 30.11578], [75.62844, 30.13182], [75.63068, 30.13758], [75.62745, 30.14219], [75.62489, 30.14264], [75.60678, 30.13443], [75.60144, 30.13799], [75.59525, 30.13792], [75.58042, 30.14152], [75.57987, 30.14321], [75.57706, 30.14422], [75.5671, 30.14778], [75.55815, 30.14247], [75.55414, 30.13786], [75.55098, 30.13727], [75.54761, 30.13876], [75.53944, 30.14761], [75.52857, 30.13957], [75.50848, 30.14528], [75.50141, 30.14981], [75.49613, 30.15682], [75.49388, 30.16009], [75.49169, 30.16935], [75.48289, 30.18199], [75.47913, 30.18641], [75.4652, 30.19621], [75.44906, 30.19369], [75.42851, 30.18654], [75.41862, 30.18778], [75.4035, 30.19578], [75.3967, 30.20065], [75.39834, 30.20446], [75.39628, 30.20848], [75.39134, 30.20979], [75.37555, 30.19828], [75.37312, 30.19845], [75.37324, 30.20028], [75.36518, 30.18998], [75.36058, 30.18696], [75.36, 30.1835], [75.3674, 30.17323], [75.35992, 30.16534], [75.35178, 30.16016], [75.34955, 30.15653], [75.35046, 30.14293], [75.35838, 30.14026], [75.34682, 30.1295], [75.34477, 30.1307], [75.33971, 30.12866], [75.33564, 30.12368], [75.33006, 30.12095], [75.32696, 30.12173], [75.31784, 30.11253], [75.30469, 30.10815], [75.30232, 30.10801], [75.29907, 30.11261], [75.29387, 30.11367], [75.29436, 30.1147], [75.2831, 30.10669], [75.27743, 30.10662], [75.27194, 30.10907], [75.26519, 30.10589], [75.26173, 30.09868], [75.2642, 30.07845], [75.26239, 30.05887], [75.26352, 30.05582], [75.26912, 30.05418], [75.27304, 30.0588], [75.27692, 30.05992], [75.27891, 30.05745], [75.2769, 30.05112], [75.26068, 30.04372], [75.25537, 30.0399], [75.25479, 30.03586], [75.25937, 30.0277], [75.26159, 30.01624], [75.26516, 30.01458], [75.28127, 30.01379], [75.28864, 30.01654], [75.2913, 30.02208], [75.29573, 30.01847], [75.30387, 30.02122], [75.3041, 30.01425], [75.2995, 30.01314], [75.29249, 30.00676], [75.28027, 30.00002], [75.27761, 29.98926], [75.2822, 29.98203], [75.28149, 29.97696], [75.2753, 29.96978], [75.2616, 29.97464], [75.25431, 29.97968], [75.2521, 29.97841], [75.24908, 29.96889], [75.23555, 29.95661], [75.22288, 29.96582], [75.21346, 29.96319], [75.21032, 29.96863], [75.20641, 29.97008], [75.20599, 29.97578], [75.19829, 29.97613], [75.19567, 29.97283], [75.19281, 29.97724], [75.18508, 29.96825], [75.1827, 29.94584], [75.17885, 29.94226], [75.18017, 29.93648], [75.17046, 29.92397], [75.18204, 29.91031], [75.18589, 29.88311], [75.20048, 29.88693], [75.21393, 29.87868], [75.21671, 29.86331], [75.21661, 29.85714], [75.19624, 29.85045], [75.18795, 29.84525], [75.18969, 29.8348], [75.19347, 29.83659], [75.19974, 29.83244], [75.21203, 29.82784], [75.21363, 29.81918], [75.20889, 29.81127], [75.20752, 29.80293], [75.20901, 29.79404], [75.21641, 29.7878], [75.22344, 29.78431], [75.22722, 29.77767], [75.22777, 29.76927], [75.24199, 29.74979], [75.23233, 29.73079], [75.22757, 29.72772], [75.22161, 29.72864], [75.21712, 29.73301], [75.20904, 29.72857], [75.20461, 29.72297], [75.19814, 29.7097], [75.19928, 29.7015], [75.20763, 29.69477], [75.20614, 29.6855], [75.19962, 29.67876], [75.18613, 29.67582], [75.1697, 29.66716], [75.16862, 29.6605], [75.18407, 29.64723], [75.18407, 29.62781], [75.19544, 29.62025], [75.2101, 29.62038], [75.23196, 29.60417], [75.23392, 29.59651], [75.22184, 29.58003], [75.22855, 29.57607], [75.23881, 29.55614], [75.23409, 29.54373], [75.24338, 29.54816], [75.26519, 29.5517], [75.27816, 29.55679], [75.28572, 29.55861], [75.30119, 29.55936], [75.30253, 29.56059], [75.3138, 29.57651], [75.31563, 29.58105], [75.31527, 29.58594], [75.31279, 29.58945], [75.30438, 29.59515], [75.29112, 29.60077], [75.29136, 29.60763], [75.29867, 29.61728], [75.31191, 29.62457], [75.31838, 29.63005], [75.32714, 29.6583], [75.32866, 29.66819], [75.33354, 29.66989], [75.3411, 29.66975], [75.35243, 29.65957], [75.35773, 29.65631], [75.36113, 29.6567], [75.35699, 29.66885], [75.34495, 29.68548], [75.34634, 29.69133], [75.35222, 29.6927], [75.36371, 29.70194], [75.36959, 29.7032], [75.37299, 29.71032], [75.38108, 29.71048], [75.38983, 29.70871], [75.39468, 29.71771], [75.39328, 29.72447], [75.39483, 29.73143], [75.402, 29.736], [75.40794, 29.74606], [75.4084, 29.75842], [75.42119, 29.77271], [75.43098, 29.77176], [75.44587, 29.77763], [75.45505, 29.78352], [75.45441, 29.79151], [75.44675, 29.79621], [75.45199, 29.80155], [75.46296, 29.80107], [75.51761, 29.77127], [75.52239, 29.75879], [75.52551, 29.75872], [75.52675, 29.76074], [75.53527, 29.76442], [75.54151, 29.76988], [75.55549, 29.76891], [75.56773, 29.76295], [75.57348, 29.74411], [75.57655, 29.7407], [75.58008, 29.73969], [75.60405, 29.74618], [75.62455, 29.74346], [75.63396, 29.75062], [75.63675, 29.77022], [75.65229, 29.76808], [75.66782, 29.77301], [75.6776, 29.76963], [75.68971, 29.75396], [75.69882, 29.74865], [75.70886, 29.75207], [75.71744, 29.80552], [75.72141, 29.80914], [75.73754, 29.80837]]]}}, {"type": "Feature", "properties": {"shapeName": "Amritsar", "shapeISO": "", "shapeID": "76128533B8426545955058", "shapeGroup": "IND", "shapeType": "ADM2", "district": "Amritsar"}, "geometry": {"type": "Polygon", "coordinates": [[[74.91271, 32.05389], [74.90477, 32.05033], [74.88976, 32.05516], [74.88855, 32.05273], [74.87937, 32.05377], [74.87538, 32.05078], [74.87118, 32.04218], [74.87633, 32.0341], [74.87997, 32.03186], [74.86897, 32.02218], [74.86929, 32.0277], [74.86638, 32.02976], [74.86272, 32.02693], [74.86289, 32.02213], [74.8484, 32.02051], [74.8534, 32.01303], [74.84117, 32.01179], [74.83048, 32.00338], [74.82531, 31.99124], [74.82605, 31.98796], [74.83056, 31.98552], [74.83124, 31.98074], [74.82159, 31.96439], [74.81105, 31.95947], [74.81066, 31.96236], [74.80591, 31.96297], [74.80226, 31.95791], [74.79471, 31.95828], [74.78169, 31.9558], [74.7685, 31.94772], [74.75979, 31.95431], [74.75546, 31.95584], [74.75637, 31.94373], [74.74307, 31.93976], [74.73439, 31.9453], [74.731, 31.94108], [74.72736, 31.94281], [74.72593, 31.94182], [74.72178, 31.94273], [74.71557, 31.93669], [74.71391, 31.93221], [74.71902, 31.92376], [74.70771, 31.92309], [74.70651, 31.92114], [74.70096, 31.92354], [74.7008, 31.92597], [74.69242, 31.92667], [74.67718, 31.92617], [74.67553, 31.9205], [74.66675, 31.92263], [74.66841, 31.91798], [74.65835, 31.91036], [74.65755, 31.90184], [74.65433, 31.89957], [74.65096, 31.90231], [74.63636, 31.88432], [74.63295, 31.88439], [74.62922, 31.8822], [74.61998, 31.88729], [74.6155, 31.88014], [74.60937, 31.87666], [74.60664, 31.86848], [74.59966, 31.86857], [74.59689, 31.86704], [74.59233, 31.85817], [74.59074, 31.8486], [74.58338, 31.85184], [74.57075, 31.83713], [74.57123, 31.81912], [74.5731, 31.81606], [74.56555, 31.80864], [74.56369, 31.80875], [74.55796, 31.80481], [74.56722, 31.7963], [74.55565, 31.79137], [74.55521, 31.7862], [74.55131, 31.77866], [74.55672, 31.77088], [74.55496, 31.76688], [74.56173, 31.76315], [74.55943, 31.75786], [74.54729, 31.75211], [74.54734, 31.74938], [74.53296, 31.74829], [74.5181, 31.74209], [74.5155, 31.74357], [74.51143, 31.74159], [74.51019, 31.74455], [74.50932, 31.74224], [74.50395, 31.7403], [74.50289, 31.72847], [74.49063, 31.72388], [74.48832, 31.72041], [74.48664, 31.71504], [74.49912, 31.70947], [74.49962, 31.70666], [74.50345, 31.70254], [74.50203, 31.69559], [74.51704, 31.68858], [74.52429, 31.68693], [74.53511, 31.67757], [74.53444, 31.67348], [74.52965, 31.66938], [74.52883, 31.66643], [74.54033, 31.65993], [74.53749, 31.65319], [74.53924, 31.64821], [74.54122, 31.64665], [74.5449, 31.64833], [74.54667, 31.64565], [74.54804, 31.64091], [74.54628, 31.63324], [74.55164, 31.62398], [74.55122, 31.61773], [74.5563, 31.61158], [74.55546, 31.60789], [74.56903, 31.60661], [74.57534, 31.60381], [74.57576, 31.60081], [74.5789, 31.59971], [74.57488, 31.59773], [74.57709, 31.5952], [74.58096, 31.59416], [74.58234, 31.58798], [74.58098, 31.58719], [74.58697, 31.58342], [74.58532, 31.5814], [74.59184, 31.57659], [74.59212, 31.57404], [74.60168, 31.57264], [74.61125, 31.56699], [74.61184, 31.56828], [74.61591, 31.56903], [74.61355, 31.56694], [74.60902, 31.56669], [74.60671, 31.56256], [74.61125, 31.56015], [74.61097, 31.55895], [74.61613, 31.55743], [74.61877, 31.55152], [74.61438, 31.55101], [74.61504, 31.54452], [74.61287, 31.5427], [74.6143, 31.53514], [74.61224, 31.53038], [74.61288, 31.52724], [74.60387, 31.52396], [74.59602, 31.52599], [74.58902, 31.52141], [74.58424, 31.52076], [74.58268, 31.51349], [74.5803, 31.5111], [74.5837, 31.51034], [74.58414, 31.5068], [74.58205, 31.508], [74.58019, 31.5069], [74.58731, 31.50416], [74.58473, 31.50022], [74.58164, 31.50065], [74.58124, 31.49878], [74.57996, 31.50047], [74.5754, 31.50101], [74.57817, 31.49834], [74.58746, 31.49608], [74.58849, 31.49716], [74.5937, 31.49617], [74.59484, 31.50152], [74.59972, 31.49967], [74.60312, 31.50045], [74.60533, 31.49842], [74.60983, 31.49978], [74.61359, 31.49474], [74.61799, 31.501], [74.62059, 31.50891], [74.62573, 31.50995], [74.62988, 31.51341], [74.63224, 31.52739], [74.64811, 31.53591], [74.64941, 31.53983], [74.66341, 31.5402], [74.66628, 31.53918], [74.66948, 31.53425], [74.67505, 31.53738], [74.67352, 31.54172], [74.67739, 31.54191], [74.6796, 31.55058], [74.68286, 31.55224], [74.69143, 31.55096], [74.69447, 31.5477], [74.69923, 31.54639], [74.69959, 31.54329], [74.70186, 31.54264], [74.70349, 31.54425], [74.70937, 31.54316], [74.71404, 31.54668], [74.7128, 31.55195], [74.71532, 31.55515], [74.71804, 31.55598], [74.72073, 31.55493], [74.72181, 31.55857], [74.7287, 31.56161], [74.73122, 31.56606], [74.74533, 31.56747], [74.76115, 31.56244], [74.77495, 31.56039], [74.77891, 31.56376], [74.78345, 31.56508], [74.78477, 31.56303], [74.78833, 31.56385], [74.79545, 31.57081], [74.7978, 31.57058], [74.80136, 31.56266], [74.80879, 31.55697], [74.8131, 31.55743], [74.81552, 31.55939], [74.81959, 31.55692], [74.82086, 31.55487], [74.82095, 31.54332], [74.82378, 31.53917], [74.82716, 31.53821], [74.83255, 31.53903], [74.8372, 31.53743], [74.84693, 31.53099], [74.86377, 31.53483], [74.87066, 31.53812], [74.87537, 31.53629], [74.87902, 31.53688], [74.88312, 31.54592], [74.89029, 31.55336], [74.8991, 31.55327], [74.90171, 31.54834], [74.8996, 31.54227], [74.90111, 31.53802], [74.89956, 31.53506], [74.90069, 31.5272], [74.90641, 31.5246], [74.9201, 31.52771], [74.9222, 31.52574], [74.93745, 31.52387], [74.94301, 31.51803], [74.94226, 31.50913], [74.95439, 31.50103], [74.95397, 31.49707], [74.95259, 31.49662], [74.95422, 31.49535], [74.95948, 31.497], [74.96224, 31.5004], [74.96759, 31.51294], [74.9734, 31.51225], [74.9809, 31.51365], [74.98103, 31.51669], [74.97809, 31.51914], [74.98409, 31.52609], [74.98704, 31.52548], [74.99142, 31.52063], [74.99383, 31.52076], [74.99505, 31.5182], [74.99127, 31.51682], [74.99508, 31.50883], [74.99295, 31.50609], [74.99662, 31.50519], [74.99995, 31.51165], [75.00832, 31.52026], [75.0076, 31.52336], [75.01046, 31.52558], [75.01738, 31.52391], [75.02938, 31.52678], [75.03272, 31.52924], [75.04298, 31.52876], [75.04648, 31.52741], [75.04855, 31.52304], [75.058, 31.52041], [75.0569, 31.51289], [75.06159, 31.51257], [75.06385, 31.51316], [75.07103, 31.52407], [75.07531, 31.52657], [75.08339, 31.52138], [75.08852, 31.52053], [75.10036, 31.52264], [75.11004, 31.51825], [75.11277, 31.51178], [75.12394, 31.49863], [75.12415, 31.49598], [75.12617, 31.49577], [75.13349, 31.50526], [75.13664, 31.50693], [75.14166, 31.50812], [75.14756, 31.50626], [75.1517, 31.50658], [75.16133, 31.51091], [75.16923, 31.51592], [75.17048, 31.52469], [75.18178, 31.5292], [75.19232, 31.52022], [75.18999, 31.51853], [75.19122, 31.51507], [75.18556, 31.50886], [75.19727, 31.49993], [75.20186, 31.50299], [75.20448, 31.50303], [75.20693, 31.49868], [75.21206, 31.49812], [75.2148, 31.49553], [75.22677, 31.49149], [75.2305, 31.49318], [75.23364, 31.4976], [75.23658, 31.49875], [75.24129, 31.49808], [75.2515, 31.50224], [75.25668, 31.49977], [75.25546, 31.498], [75.25707, 31.49561], [75.26138, 31.49635], [75.28067, 31.48274], [75.28661, 31.48279], [75.2993, 31.50282], [75.31159, 31.51786], [75.32028, 31.52062], [75.33337, 31.5387], [75.34747, 31.5497], [75.34422, 31.5567], [75.34604, 31.5564], [75.37661, 31.57937], [75.38942, 31.58183], [75.39965, 31.58161], [75.40582, 31.5941], [75.39427, 31.60164], [75.38617, 31.61366], [75.37905, 31.61843], [75.37582, 31.62351], [75.37126, 31.62325], [75.35326, 31.63023], [75.33873, 31.64043], [75.3347, 31.63936], [75.32929, 31.63484], [75.31019, 31.64819], [75.30184, 31.65146], [75.30467, 31.65882], [75.30991, 31.66127], [75.31353, 31.66827], [75.30938, 31.67613], [75.30127, 31.6756], [75.2995, 31.67923], [75.29241, 31.681], [75.28874, 31.6767], [75.2851, 31.6821], [75.28736, 31.69468], [75.28638, 31.69733], [75.28304, 31.69873], [75.27543, 31.69485], [75.25242, 31.6928], [75.24922, 31.68711], [75.24341, 31.6895], [75.2416, 31.68278], [75.23707, 31.68619], [75.22775, 31.68515], [75.22553, 31.69236], [75.21517, 31.69529], [75.21802, 31.70058], [75.2135, 31.70511], [75.20315, 31.70729], [75.19471, 31.71194], [75.19449, 31.71689], [75.19979, 31.71785], [75.20398, 31.72174], [75.20389, 31.72751], [75.1941, 31.73436], [75.18988, 31.73554], [75.19167, 31.74088], [75.18698, 31.742], [75.18202, 31.74016], [75.17676, 31.74764], [75.17019, 31.74734], [75.16567, 31.74511], [75.15235, 31.74824], [75.14586, 31.75787], [75.13481, 31.7527], [75.1275, 31.75309], [75.12089, 31.75745], [75.11849, 31.75002], [75.0995, 31.76013], [75.10116, 31.76698], [75.10713, 31.76591], [75.1113, 31.76826], [75.11524, 31.77394], [75.11401, 31.77965], [75.10395, 31.78302], [75.09541, 31.78989], [75.08784, 31.79052], [75.07781, 31.80574], [75.05653, 31.8077], [75.0467, 31.8026], [75.03985, 31.80383], [75.03546, 31.81055], [75.03124, 31.81042], [75.02675, 31.81344], [75.02797, 31.81727], [75.02679, 31.82282], [75.01352, 31.81734], [75.00993, 31.82432], [74.99485, 31.82764], [74.98446, 31.83346], [74.96979, 31.83393], [74.96836, 31.84584], [74.96467, 31.85434], [74.95504, 31.85874], [74.9463, 31.86087], [74.94751, 31.87151], [74.94308, 31.87267], [74.939, 31.86917], [74.9279, 31.87741], [74.9188, 31.88197], [74.9207, 31.89419], [74.90716, 31.89681], [74.90629, 31.90449], [74.88958, 31.93258], [74.89643, 31.93558], [74.90262, 31.93352], [74.91095, 31.93963], [74.9223, 31.94389], [74.93043, 31.94039], [74.94166, 31.94288], [74.94, 31.94745], [74.97431, 31.96135], [74.97356, 31.9679], [74.97515, 31.97644], [74.96239, 31.973], [74.94911, 31.97137], [74.95055, 31.96476], [74.93886, 31.96317], [74.9311, 31.96718], [74.92594, 31.97322], [74.9163, 31.97691], [74.92139, 31.98941], [74.93329, 32.00521], [74.93642, 32.00455], [74.93827, 32.00796], [74.9326, 32.0094], [74.93407, 32.01198], [74.93755, 32.01286], [74.93741, 32.01495], [74.93234, 32.01948], [74.93115, 32.02664], [74.92503, 32.04108], [74.91271, 32.05389]]]}}, {"type": "Feature", "properties": {"shapeName": "Faridkot", "shapeISO": "", "shapeID": "76128533B13552746017223", "shapeGroup": "IND", "shapeType": "ADM2", "district": "Faridkot"}, "geometry": {"type": "Polygon", "coordinates": [[[75.00926, 30.48791], [75.00076, 30.48773], [74.99531, 30.49186], [74.99269, 30.49653], [74.99281, 30.52452], [74.99802, 30.53382], [74.99279, 30.54299], [74.98023, 30.54251], [74.96804, 30.55184], [74.96528, 30.55201], [74.96476, 30.55895], [74.96214, 30.56116], [74.95858, 30.56032], [74.9469, 30.56946], [74.95122, 30.57671], [74.95306, 30.58669], [74.9564, 30.59262], [74.95047, 30.60048], [74.94954, 30.61048], [74.95014, 30.61866], [74.955, 30.63408], [74.9524, 30.64324], [74.95882, 30.65669], [74.95641, 30.67408], [74.92487, 30.67703], [74.92366, 30.68577], [74.91862, 30.67976], [74.91598, 30.67977], [74.90693, 30.70143], [74.90725, 30.70637], [74.9141, 30.72469], [74.91216, 30.73552], [74.90283, 30.73867], [74.889, 30.73887], [74.88144, 30.74401], [74.86137, 30.74203], [74.85724, 30.74669], [74.85772, 30.7504], [74.84898, 30.75458], [74.8406, 30.76545], [74.83258, 30.76758], [74.82383, 30.76327], [74.81819, 30.76474], [74.81358, 30.76743], [74.81052, 30.77174], [74.80804, 30.78504], [74.78551, 30.79164], [74.78253, 30.8024], [74.77533, 30.80938], [74.77239, 30.8085], [74.77246, 30.81187], [74.75663, 30.81055], [74.74648, 30.81956], [74.74142, 30.82086], [74.72957, 30.81809], [74.7094, 30.82379], [74.69994, 30.8227], [74.69399, 30.82614], [74.68739, 30.82554], [74.68431, 30.82134], [74.66588, 30.82932], [74.6607, 30.82907], [74.65815, 30.82668], [74.65411, 30.81712], [74.64769, 30.81455], [74.62623, 30.83079], [74.62004, 30.8254], [74.61354, 30.82376], [74.59959, 30.80523], [74.57947, 30.80298], [74.56598, 30.79538], [74.54661, 30.78822], [74.53328, 30.77997], [74.52575, 30.77048], [74.52553, 30.76831], [74.47614, 30.74918], [74.47105, 30.74272], [74.47536, 30.69731], [74.47943, 30.67997], [74.48381, 30.67327], [74.49764, 30.66989], [74.50315, 30.66719], [74.56196, 30.66294], [74.59156, 30.65387], [74.60127, 30.64468], [74.61032, 30.64087], [74.61391, 30.63642], [74.61989, 30.63735], [74.62897, 30.61369], [74.63633, 30.61229], [74.63574, 30.60641], [74.64835, 30.59357], [74.66002, 30.59039], [74.66711, 30.58285], [74.66932, 30.57835], [74.68086, 30.57305], [74.68611, 30.56884], [74.70179, 30.56304], [74.70575, 30.5596], [74.71145, 30.55732], [74.70846, 30.5457], [74.69672, 30.53388], [74.68844, 30.52946], [74.68863, 30.52073], [74.70833, 30.51478], [74.72042, 30.50886], [74.72128, 30.50341], [74.72893, 30.50009], [74.73801, 30.49288], [74.74857, 30.49286], [74.75164, 30.49021], [74.76047, 30.49608], [74.76302, 30.49085], [74.76338, 30.48431], [74.75927, 30.47966], [74.74919, 30.47358], [74.74381, 30.47331], [74.73513, 30.46398], [74.73333, 30.45925], [74.73361, 30.45286], [74.73737, 30.4464], [74.75663, 30.43302], [74.75425, 30.42691], [74.75863, 30.4233], [74.75903, 30.41892], [74.75442, 30.39362], [74.75874, 30.39129], [74.77403, 30.39645], [74.78891, 30.39647], [74.80177, 30.39926], [74.80963, 30.39813], [74.81249, 30.40042], [74.82325, 30.39289], [74.83906, 30.38709], [74.85525, 30.37645], [74.87571, 30.38931], [74.91254, 30.37599], [74.91969, 30.37225], [74.91851, 30.36925], [74.92405, 30.36628], [74.93306, 30.36797], [74.94658, 30.38394], [74.9518, 30.38146], [74.96485, 30.38552], [74.97398, 30.39494], [74.98501, 30.39005], [74.98879, 30.39223], [74.99617, 30.39249], [75.00079, 30.38822], [75.02735, 30.37919], [75.03071, 30.38025], [75.04327, 30.3771], [75.04769, 30.37879], [75.05708, 30.38815], [75.05487, 30.39069], [75.05317, 30.39771], [75.05362, 30.40861], [75.04285, 30.41847], [75.02719, 30.42513], [75.02574, 30.42716], [75.02891, 30.43584], [75.02174, 30.43885], [75.02322, 30.44449], [75.02928, 30.44782], [75.03418, 30.45659], [75.04057, 30.45871], [75.04945, 30.45395], [75.05567, 30.45261], [75.05405, 30.45835], [75.04502, 30.46426], [75.04707, 30.4725], [75.03322, 30.47177], [75.02679, 30.48333], [75.00926, 30.48791]]]}}, {"type": "Feature", "properties": {"shapeName": "Ludhiana", "shapeISO": "", "shapeID": "76128533B46195204843409", "shapeGroup": "IND", "shapeType": "ADM2", "district": "Ludhiana"}, "geometry": {"type": "Polygon", "coordinates": [[[76.32369, 30.8791], [76.32057, 30.88342], [76.32096, 30.91442], [76.31468, 30.92406], [76.32238, 30.92724], [76.32559, 30.93218], [76.31794, 30.95699], [76.3168, 30.98279], [76.30918, 30.99135], [76.31732, 30.99555], [76.31354, 31.0017], [76.30895, 31.00357], [76.30104, 31.00368], [76.2844, 31.00803], [76.27922, 31.0114], [76.27818, 31.01658], [76.27066, 31.02187], [76.26507, 31.02163], [76.25677, 31.0163], [76.23589, 31.01166], [76.23287, 31.00904], [76.23275, 31.0041], [76.22376, 31.00753], [76.21819, 31.00716], [76.22081, 31.00351], [76.2207, 30.99854], [76.21909, 30.99865], [76.21445, 31.00618], [76.208, 31.00573], [76.18459, 31.00029], [76.18832, 30.99611], [76.18636, 30.99242], [76.18112, 30.99339], [76.17641, 30.99652], [76.16665, 30.99295], [76.15061, 30.99038], [76.13559, 30.9861], [76.10354, 30.98683], [76.08783, 30.99336], [76.05717, 30.997], [76.04884, 30.99545], [76.01649, 30.99448], [76.00801, 30.99551], [76.00085, 30.98868], [75.99167, 30.99997], [75.99366, 31.00446], [75.9923, 31.00987], [75.98353, 31.01109], [75.95801, 31.01885], [75.95418, 31.01147], [75.94225, 31.00803], [75.93463, 31.0103], [75.92075, 31.01759], [75.91515, 31.01872], [75.90147, 31.01549], [75.89894, 31.01196], [75.89936, 31.00661], [75.89671, 31.0055], [75.89396, 31.00769], [75.88771, 31.00714], [75.88434, 31.00929], [75.87202, 31.0102], [75.86742, 31.00634], [75.8605, 31.00561], [75.84664, 31.01008], [75.82837, 31.00415], [75.82655, 31.00042], [75.80742, 30.99431], [75.8001, 30.99369], [75.78632, 30.99655], [75.77801, 31.00423], [75.77197, 31.0036], [75.7722, 31.0101], [75.76276, 31.01041], [75.76071, 31.0146], [75.73892, 31.01099], [75.73689, 31.00552], [75.73161, 31.004], [75.71919, 31.00478], [75.71945, 31.00061], [75.70796, 30.99868], [75.70321, 30.99468], [75.68157, 30.99001], [75.67494, 30.98542], [75.64476, 30.98107], [75.63325, 30.9761], [75.61528, 30.97365], [75.61166, 30.97069], [75.60351, 30.96866], [75.59712, 30.9689], [75.59221, 30.97192], [75.58477, 30.97104], [75.57543, 30.9775], [75.56525, 30.97815], [75.56318, 30.97594], [75.54003, 30.9725], [75.51959, 30.97189], [75.51119, 30.97373], [75.4953, 30.9703], [75.46605, 30.97882], [75.44229, 30.98204], [75.42916, 30.98121], [75.42209, 30.98633], [75.41064, 30.9792], [75.39171, 30.98554], [75.37268, 30.98852], [75.35635, 30.98863], [75.36667, 30.97291], [75.36767, 30.96704], [75.36384, 30.95849], [75.36615, 30.95245], [75.36675, 30.94046], [75.37112, 30.93967], [75.37216, 30.92887], [75.37495, 30.92743], [75.37685, 30.92929], [75.3806, 30.92917], [75.38228, 30.92503], [75.38255, 30.92053], [75.37904, 30.91159], [75.39428, 30.90881], [75.40132, 30.89789], [75.40807, 30.89359], [75.40793, 30.88859], [75.40348, 30.88386], [75.39921, 30.8706], [75.38718, 30.86049], [75.37491, 30.85632], [75.37539, 30.8505], [75.37231, 30.83932], [75.37874, 30.82058], [75.38699, 30.81347], [75.39763, 30.80867], [75.39805, 30.8036], [75.39411, 30.79189], [75.39321, 30.78297], [75.38497, 30.76855], [75.38486, 30.75938], [75.37881, 30.74809], [75.38155, 30.73813], [75.37791, 30.73473], [75.37814, 30.73], [75.3832, 30.72288], [75.38811, 30.72169], [75.3878, 30.71668], [75.38417, 30.70998], [75.38159, 30.70876], [75.3735, 30.70886], [75.37206, 30.70562], [75.374, 30.69711], [75.37208, 30.68895], [75.37353, 30.68168], [75.38058, 30.67462], [75.3824, 30.66334], [75.38037, 30.65706], [75.37444, 30.64869], [75.38012, 30.63449], [75.37877, 30.62251], [75.38221, 30.62212], [75.39591, 30.62592], [75.39731, 30.62097], [75.40529, 30.61258], [75.40537, 30.60609], [75.40033, 30.5908], [75.40891, 30.58216], [75.42021, 30.5846], [75.42849, 30.58325], [75.43179, 30.58459], [75.43217, 30.58878], [75.43958, 30.59123], [75.44242, 30.59377], [75.44851, 30.5923], [75.45683, 30.60067], [75.46299, 30.59896], [75.46861, 30.60502], [75.47092, 30.60324], [75.4954, 30.59814], [75.49562, 30.58946], [75.48837, 30.57814], [75.49776, 30.57029], [75.50433, 30.56691], [75.50717, 30.56581], [75.50847, 30.56787], [75.50959, 30.57526], [75.51649, 30.57757], [75.52062, 30.582], [75.52783, 30.58251], [75.53136, 30.56787], [75.53425, 30.56297], [75.53799, 30.56205], [75.54008, 30.56314], [75.54469, 30.57389], [75.54914, 30.57672], [75.55809, 30.57296], [75.56373, 30.56639], [75.57579, 30.56325], [75.58296, 30.56565], [75.59132, 30.57789], [75.59994, 30.5847], [75.60799, 30.58904], [75.61139, 30.5884], [75.62625, 30.59532], [75.64079, 30.59037], [75.66088, 30.58854], [75.67289, 30.59047], [75.67966, 30.59486], [75.67859, 30.59938], [75.68235, 30.60535], [75.68196, 30.60912], [75.693, 30.61145], [75.71696, 30.61111], [75.72494, 30.6141], [75.72894, 30.61748], [75.73215, 30.61554], [75.7413, 30.62857], [75.75295, 30.63036], [75.76104, 30.6344], [75.76363, 30.63751], [75.767, 30.63469], [75.78236, 30.629], [75.78686, 30.62336], [75.78989, 30.623], [75.80103, 30.6312], [75.78204, 30.64288], [75.77655, 30.65745], [75.76655, 30.65583], [75.76655, 30.66533], [75.7712, 30.67196], [75.77862, 30.67184], [75.78564, 30.67104], [75.78795, 30.66385], [75.78655, 30.65901], [75.79213, 30.65941], [75.80849, 30.66455], [75.81534, 30.66419], [75.81245, 30.66595], [75.81247, 30.67354], [75.80845, 30.67517], [75.80837, 30.68512], [75.81115, 30.68994], [75.81808, 30.68786], [75.82026, 30.69178], [75.83008, 30.69505], [75.83117, 30.69125], [75.83916, 30.69477], [75.83911, 30.6871], [75.84389, 30.68605], [75.85441, 30.67033], [75.86018, 30.66992], [75.87323, 30.67626], [75.88164, 30.67476], [75.88495, 30.67148], [75.88719, 30.66353], [75.89579, 30.65978], [75.89842, 30.65379], [75.89748, 30.64618], [75.87726, 30.63801], [75.87672, 30.62977], [75.88155, 30.62504], [75.89101, 30.62008], [75.89118, 30.60984], [75.89666, 30.60535], [75.90634, 30.60413], [75.9129, 30.60833], [75.91958, 30.60885], [75.92666, 30.60527], [75.93179, 30.59547], [75.92437, 30.58839], [75.92788, 30.58609], [75.92957, 30.57566], [75.93855, 30.56874], [75.9514, 30.57162], [75.95836, 30.57588], [75.96123, 30.58499], [75.96355, 30.5874], [75.97581, 30.59157], [75.98449, 30.59664], [75.99297, 30.59779], [76.00447, 30.60199], [76.00791, 30.61069], [76.02887, 30.61462], [76.03108, 30.61313], [76.03111, 30.60881], [76.03292, 30.60721], [76.03314, 30.59949], [76.03636, 30.589], [76.03863, 30.58694], [76.0465, 30.58617], [76.06004, 30.57876], [76.06594, 30.58183], [76.06868, 30.57968], [76.0667, 30.56932], [76.0696, 30.56568], [76.07233, 30.56355], [76.07752, 30.564], [76.08441, 30.56155], [76.08959, 30.56691], [76.09269, 30.56643], [76.0966, 30.5616], [76.10185, 30.55974], [76.10798, 30.562], [76.10845, 30.57497], [76.11383, 30.57874], [76.11237, 30.58426], [76.1139, 30.58937], [76.1208, 30.59241], [76.12475, 30.59618], [76.12071, 30.59936], [76.12294, 30.60345], [76.11583, 30.6133], [76.12686, 30.62158], [76.12613, 30.62436], [76.13038, 30.62976], [76.15209, 30.63769], [76.15334, 30.65279], [76.16812, 30.65987], [76.17191, 30.66505], [76.17201, 30.67388], [76.1747, 30.67769], [76.18024, 30.67904], [76.18311, 30.67691], [76.18261, 30.67069], [76.18633, 30.66601], [76.19895, 30.67388], [76.20912, 30.67428], [76.21835, 30.67807], [76.22633, 30.67444], [76.23505, 30.67398], [76.24097, 30.67577], [76.24453, 30.6787], [76.25545, 30.67958], [76.26014, 30.67627], [76.26633, 30.67444], [76.27352, 30.67494], [76.28256, 30.68056], [76.30409, 30.67861], [76.31115, 30.6827], [76.32659, 30.6866], [76.32738, 30.68889], [76.32585, 30.69135], [76.31673, 30.69925], [76.30735, 30.70105], [76.29687, 30.71353], [76.29075, 30.71491], [76.28555, 30.72324], [76.28762, 30.72899], [76.29807, 30.73399], [76.29803, 30.74164], [76.30832, 30.74945], [76.31029, 30.75396], [76.30944, 30.75885], [76.28906, 30.77677], [76.28392, 30.77824], [76.27405, 30.77606], [76.26779, 30.77637], [76.26243, 30.77962], [76.26149, 30.78311], [76.26945, 30.79656], [76.27427, 30.7961], [76.28667, 30.80382], [76.28333, 30.81499], [76.28499, 30.82249], [76.29424, 30.82916], [76.31077, 30.83786], [76.31052, 30.84334], [76.3015, 30.85842], [76.30034, 30.86332], [76.30633, 30.86707], [76.31397, 30.86919], [76.31515, 30.87329], [76.31798, 30.87409], [76.32029, 30.87801], [76.32369, 30.8791]]]}}, {"type": "Feature", "properties": {"shapeName": "Bathinda", "shapeISO": "", "shapeID": "76128533B13791982054894", "shapeGroup": "IND", "shapeType": "ADM2", "district": "Bathinda"}, "geometry": {"type": "Polygon", "coordinates": [[[75.18969, 29.8348], [75.18795, 29.84525], [75.19624, 29.85045], [75.21661, 29.85714], [75.21671, 29.86331], [75.21393, 29.87868], [75.20048, 29.88693], [75.18589, 29.88311], [75.18204, 29.91031], [75.17046, 29.92397], [75.18017, 29.93648], [75.17885, 29.94226], [75.1827, 29.94584], [75.18508, 29.96825], [75.19281, 29.97724], [75.19567, 29.97283], [75.19829, 29.97613], [75.20599, 29.97578], [75.20641, 29.97008], [75.21032, 29.96863], [75.21346, 29.96319], [75.22288, 29.96582], [75.23555, 29.95661], [75.24908, 29.96889], [75.2521, 29.97841], [75.25431, 29.97968], [75.2616, 29.97464], [75.2753, 29.96978], [75.28149, 29.97696], [75.2822, 29.98203], [75.27761, 29.98926], [75.28027, 30.00002], [75.29249, 30.00676], [75.2995, 30.01314], [75.3041, 30.01425], [75.30387, 30.02122], [75.29573, 30.01847], [75.2913, 30.02208], [75.28864, 30.01654], [75.28127, 30.01379], [75.26516, 30.01458], [75.26159, 30.01624], [75.25937, 30.0277], [75.25479, 30.03586], [75.25537, 30.0399], [75.26068, 30.04372], [75.2769, 30.05112], [75.27891, 30.05745], [75.27692, 30.05992], [75.27304, 30.0588], [75.26912, 30.05418], [75.26352, 30.05582], [75.26239, 30.05887], [75.2642, 30.07845], [75.26173, 30.09868], [75.26519, 30.10589], [75.27194, 30.10907], [75.27743, 30.10662], [75.2831, 30.10669], [75.29436, 30.1147], [75.29387, 30.11367], [75.29907, 30.11261], [75.30232, 30.10801], [75.30469, 30.10815], [75.31784, 30.11253], [75.32696, 30.12173], [75.33006, 30.12095], [75.33564, 30.12368], [75.33971, 30.12866], [75.34477, 30.1307], [75.34682, 30.1295], [75.35838, 30.14026], [75.35046, 30.14293], [75.34955, 30.15653], [75.35178, 30.16016], [75.35992, 30.16534], [75.3674, 30.17323], [75.36, 30.1835], [75.36058, 30.18696], [75.36518, 30.18998], [75.37324, 30.20028], [75.37098, 30.20494], [75.36677, 30.20221], [75.36347, 30.20375], [75.3632, 30.20698], [75.36497, 30.20912], [75.37235, 30.21053], [75.37392, 30.21266], [75.37351, 30.21583], [75.37868, 30.22488], [75.37918, 30.23444], [75.3766, 30.2372], [75.37311, 30.2373], [75.36729, 30.24021], [75.36623, 30.24297], [75.36767, 30.24568], [75.37149, 30.24679], [75.3698, 30.25892], [75.37303, 30.26055], [75.3746, 30.26367], [75.36522, 30.26864], [75.3653, 30.28332], [75.35855, 30.28709], [75.35429, 30.28673], [75.35098, 30.28401], [75.34555, 30.28917], [75.34969, 30.29419], [75.3476, 30.30358], [75.33234, 30.30639], [75.32378, 30.30261], [75.32232, 30.30382], [75.32532, 30.3135], [75.32098, 30.32804], [75.32176, 30.33133], [75.32281, 30.3326], [75.3327, 30.33442], [75.34209, 30.33239], [75.34485, 30.33337], [75.34786, 30.34065], [75.34574, 30.34317], [75.32842, 30.34707], [75.32597, 30.34959], [75.33675, 30.37756], [75.32935, 30.37977], [75.32408, 30.37624], [75.31053, 30.37866], [75.3089, 30.38924], [75.30383, 30.40177], [75.30663, 30.4114], [75.30228, 30.42347], [75.29512, 30.42821], [75.28783, 30.43624], [75.2812, 30.43967], [75.2682, 30.43617], [75.26697, 30.44409], [75.2706, 30.44612], [75.27073, 30.44802], [75.25936, 30.46024], [75.25868, 30.46478], [75.26262, 30.47056], [75.27486, 30.48218], [75.28235, 30.49252], [75.28319, 30.49828], [75.29371, 30.50946], [75.28324, 30.50728], [75.27111, 30.51511], [75.26779, 30.5189], [75.26143, 30.52013], [75.25945, 30.51724], [75.24723, 30.51442], [75.23719, 30.51009], [75.22266, 30.50826], [75.21099, 30.51529], [75.20594, 30.5064], [75.19785, 30.51021], [75.19397, 30.50714], [75.18822, 30.5062], [75.18496, 30.50842], [75.18339, 30.51751], [75.18342, 30.5372], [75.17975, 30.55353], [75.17559, 30.56238], [75.16374, 30.57676], [75.15054, 30.58078], [75.14671, 30.58059], [75.14115, 30.57866], [75.12392, 30.56169], [75.12233, 30.55248], [75.13284, 30.53082], [75.13085, 30.52212], [75.11049, 30.51999], [75.08557, 30.52814], [75.06187, 30.50228], [75.05483, 30.49882], [75.0463, 30.49886], [75.0437, 30.50185], [75.03629, 30.50362], [75.03137, 30.49719], [75.02158, 30.48985], [75.00926, 30.48791], [75.02679, 30.48333], [75.03322, 30.47177], [75.04707, 30.4725], [75.04502, 30.46426], [75.05405, 30.45835], [75.05567, 30.45261], [75.04945, 30.45395], [75.04057, 30.45871], [75.03418, 30.45659], [75.02928, 30.44782], [75.02322, 30.44449], [75.02174, 30.43885], [75.02891, 30.43584], [75.02574, 30.42716], [75.02719, 30.42513], [75.04285, 30.41847], [75.05362, 30.40861], [75.05317, 30.39771], [75.05487, 30.39069], [75.05708, 30.38815], [75.04769, 30.37879], [75.04327, 30.3771], [75.03071, 30.38025], [75.02735, 30.37919], [75.00079, 30.38822], [74.99617, 30.39249], [74.98879, 30.39223], [74.98501, 30.39005], [74.97398, 30.39494], [74.96485, 30.38552], [74.9518, 30.38146], [74.94658, 30.38394], [74.93306, 30.36797], [74.92405, 30.36628], [74.91851, 30.36925], [74.91969, 30.37225], [74.91254, 30.37599], [74.87571, 30.38931], [74.85525, 30.37645], [74.83906, 30.38709], [74.82325, 30.39289], [74.78727, 30.33883], [74.78142, 30.33881], [74.74073, 30.35647], [74.72916, 30.36283], [74.72396, 30.36223], [74.71305, 30.35732], [74.70321, 30.35552], [74.7032, 30.35363], [74.71685, 30.35195], [74.74984, 30.34292], [74.78624, 30.335], [74.77142, 30.32313], [74.76249, 30.31918], [74.74766, 30.3209], [74.74349, 30.31591], [74.72672, 30.3077], [74.72976, 30.30441], [74.73557, 30.30321], [74.75344, 30.28535], [74.74523, 30.28008], [74.73896, 30.27898], [74.73864, 30.27452], [74.72395, 30.25759], [74.7218, 30.25168], [74.72282, 30.23824], [74.72446, 30.2336], [74.72811, 30.22972], [74.72243, 30.22591], [74.72294, 30.22097], [74.71988, 30.21707], [74.7158, 30.19661], [74.73139, 30.19637], [74.73837, 30.18844], [74.73791, 30.1806], [74.72709, 30.17066], [74.72091, 30.16695], [74.70098, 30.159], [74.69424, 30.1597], [74.68906, 30.16602], [74.67596, 30.16569], [74.67397, 30.16372], [74.67033, 30.16468], [74.65929, 30.16308], [74.65033, 30.15615], [74.64315, 30.14757], [74.64195, 30.14078], [74.63802, 30.13802], [74.63322, 30.12954], [74.63305, 30.12709], [74.65086, 30.11115], [74.67228, 30.10686], [74.67988, 30.11113], [74.68461, 30.11037], [74.68595, 30.10696], [74.68387, 30.0994], [74.67696, 30.08842], [74.68502, 30.07222], [74.69303, 30.07189], [74.70117, 30.06816], [74.7038, 30.0647], [74.70143, 30.05586], [74.69528, 30.04487], [74.69919, 30.03742], [74.69723, 30.03314], [74.70769, 30.02545], [74.71825, 30.01409], [74.71004, 29.99224], [74.70547, 29.98708], [74.71026, 29.97529], [74.70831, 29.9702], [74.73495, 29.96084], [74.74822, 29.96801], [74.76968, 29.97255], [74.77838, 29.9716], [74.78693, 29.9734], [74.80547, 29.98846], [74.81225, 29.9914], [74.82011, 29.98928], [74.82776, 29.98331], [74.83244, 29.97182], [74.84765, 29.96289], [74.8607, 29.95783], [74.87044, 29.95984], [74.87673, 29.95755], [74.88304, 29.95777], [74.88849, 29.96121], [74.8926, 29.96698], [74.90544, 29.95153], [74.90392, 29.94589], [74.89629, 29.93771], [74.90544, 29.93802], [74.92683, 29.94769], [74.9352, 29.94004], [74.94222, 29.92091], [74.9542, 29.90098], [74.97114, 29.89467], [74.99323, 29.86387], [75.00072, 29.85659], [75.00511, 29.8615], [75.01668, 29.86584], [75.02515, 29.86288], [75.03453, 29.87111], [75.04858, 29.87999], [75.06284, 29.87304], [75.07149, 29.87428], [75.07659, 29.8772], [75.08891, 29.91047], [75.09598, 29.91327], [75.10097, 29.90985], [75.11384, 29.89512], [75.11535, 29.87126], [75.1117, 29.86597], [75.09578, 29.85669], [75.09206, 29.85225], [75.0923, 29.84747], [75.0968, 29.84288], [75.10778, 29.84033], [75.11393, 29.8374], [75.11817, 29.82456], [75.10434, 29.81736], [75.10003, 29.81088], [75.10117, 29.8047], [75.11328, 29.80057], [75.13594, 29.80359], [75.1424, 29.78281], [75.14644, 29.77831], [75.15268, 29.77492], [75.16504, 29.77891], [75.17018, 29.78212], [75.16587, 29.78719], [75.16051, 29.78955], [75.15996, 29.79404], [75.16649, 29.81774], [75.17103, 29.82155], [75.17809, 29.82285], [75.18627, 29.82741], [75.18713, 29.83296], [75.18969, 29.8348]]]}}, {"type": "Feature", "properties": {"shapeName": "Jalandhar", "shapeISO": "", "shapeID": "76128533B91211372620495", "shapeGroup": "IND", "shapeType": "ADM2", "district": "Jalandhar"}, "geometry": {"type": "Polygon", "coordinates": [[[75.08531, 31.15131], [75.08419, 31.1441], [75.08, 31.13857], [75.07978, 31.13389], [75.08848, 31.13233], [75.09891, 31.12502], [75.11186, 31.12891], [75.12577, 31.12315], [75.12863, 31.11906], [75.13417, 31.11577], [75.13293, 31.11302], [75.13875, 31.11047], [75.13978, 31.10823], [75.13855, 31.10541], [75.14071, 31.1039], [75.14905, 31.09933], [75.1517, 31.09216], [75.14735, 31.0845], [75.15488, 31.08387], [75.15672, 31.08597], [75.16564, 31.08959], [75.1653, 31.08332], [75.16668, 31.08189], [75.17645, 31.08238], [75.18647, 31.07739], [75.19525, 31.06285], [75.20779, 31.05442], [75.20267, 31.0495], [75.20833, 31.04019], [75.21169, 31.03786], [75.21803, 31.03589], [75.22009, 31.03837], [75.2318, 31.0417], [75.23853, 31.04889], [75.24011, 31.05267], [75.24142, 31.04932], [75.24006, 31.04646], [75.22917, 31.03394], [75.23319, 31.03164], [75.23628, 31.03543], [75.24331, 31.03743], [75.24654, 31.04093], [75.25145, 31.04203], [75.25278, 31.04379], [75.26178, 31.04243], [75.27011, 31.04323], [75.27375, 31.03906], [75.2784, 31.0387], [75.28396, 31.04191], [75.29608, 31.03378], [75.29534, 31.02359], [75.29824, 31.01435], [75.30923, 31.01389], [75.30706, 31.00331], [75.30783, 31.00044], [75.35635, 30.98863], [75.37268, 30.98852], [75.39171, 30.98554], [75.41064, 30.9792], [75.42209, 30.98633], [75.42916, 30.98121], [75.44229, 30.98204], [75.46605, 30.97882], [75.4953, 30.9703], [75.51119, 30.97373], [75.51959, 30.97189], [75.54003, 30.9725], [75.56318, 30.97594], [75.56525, 30.97815], [75.57543, 30.9775], [75.58477, 30.97104], [75.59221, 30.97192], [75.59712, 30.9689], [75.60351, 30.96866], [75.61166, 30.97069], [75.61528, 30.97365], [75.63325, 30.9761], [75.64476, 30.98107], [75.67494, 30.98542], [75.68157, 30.99001], [75.70321, 30.99468], [75.70796, 30.99868], [75.71945, 31.00061], [75.71919, 31.00478], [75.73161, 31.004], [75.73689, 31.00552], [75.73892, 31.01099], [75.76071, 31.0146], [75.76276, 31.01041], [75.7722, 31.0101], [75.77197, 31.0036], [75.77801, 31.00423], [75.78632, 30.99655], [75.8001, 30.99369], [75.80742, 30.99431], [75.82655, 31.00042], [75.82837, 31.00415], [75.84664, 31.01008], [75.8605, 31.00561], [75.86742, 31.00634], [75.87202, 31.0102], [75.88434, 31.00929], [75.88771, 31.00714], [75.89396, 31.00769], [75.89671, 31.0055], [75.89936, 31.00661], [75.89894, 31.01196], [75.90147, 31.01549], [75.91515, 31.01872], [75.92075, 31.01759], [75.93463, 31.0103], [75.94225, 31.00803], [75.95418, 31.01147], [75.94331, 31.05345], [75.93202, 31.06768], [75.9285, 31.09335], [75.91319, 31.09762], [75.91319, 31.11004], [75.90131, 31.13184], [75.89952, 31.14713], [75.89423, 31.15586], [75.88505, 31.15133], [75.87651, 31.16189], [75.88308, 31.16535], [75.87176, 31.16433], [75.86789, 31.1688], [75.85418, 31.1753], [75.85387, 31.18141], [75.84272, 31.1845], [75.82858, 31.18505], [75.81251, 31.18894], [75.80825, 31.19248], [75.7888, 31.19834], [75.78151, 31.19564], [75.77828, 31.189], [75.77739, 31.18267], [75.77986, 31.16534], [75.77251, 31.16058], [75.76639, 31.16103], [75.76218, 31.1636], [75.75514, 31.16224], [75.74495, 31.16381], [75.73898, 31.16298], [75.72738, 31.16649], [75.72267, 31.16457], [75.7077, 31.166], [75.70375, 31.16852], [75.70293, 31.17202], [75.69746, 31.17614], [75.69851, 31.18868], [75.68829, 31.19682], [75.69112, 31.20133], [75.69306, 31.21193], [75.70144, 31.21243], [75.70613, 31.21608], [75.7106, 31.21564], [75.71328, 31.2223], [75.70646, 31.23998], [75.7007, 31.24698], [75.69765, 31.24598], [75.69376, 31.23686], [75.68441, 31.23198], [75.67648, 31.23361], [75.67231, 31.24033], [75.67349, 31.24558], [75.6798, 31.24532], [75.67411, 31.25024], [75.67491, 31.25186], [75.68029, 31.25407], [75.67839, 31.25827], [75.68148, 31.26589], [75.67485, 31.27086], [75.67618, 31.28717], [75.67993, 31.29023], [75.6797, 31.29398], [75.69861, 31.28554], [75.70066, 31.28803], [75.70359, 31.28834], [75.69793, 31.29913], [75.68695, 31.30691], [75.68467, 31.31243], [75.68714, 31.31912], [75.72108, 31.31571], [75.72354, 31.32207], [75.70171, 31.34706], [75.71283, 31.34873], [75.72404, 31.34635], [75.72959, 31.34345], [75.7396, 31.32927], [75.74042, 31.32519], [75.74959, 31.32937], [75.75725, 31.3283], [75.76038, 31.33006], [75.76141, 31.3376], [75.76392, 31.3413], [75.76376, 31.34648], [75.76666, 31.35208], [75.76985, 31.35463], [75.77538, 31.35442], [75.78854, 31.36294], [75.78925, 31.36974], [75.78565, 31.37575], [75.78482, 31.38354], [75.80637, 31.392], [75.81138, 31.40111], [75.82382, 31.40542], [75.81671, 31.42202], [75.8215, 31.42508], [75.80713, 31.44032], [75.80231, 31.45459], [75.79918, 31.45521], [75.79548, 31.44977], [75.791, 31.44987], [75.78063, 31.4725], [75.77131, 31.47352], [75.76848, 31.47746], [75.76096, 31.4757], [75.75311, 31.48516], [75.75004, 31.48502], [75.73727, 31.49729], [75.73984, 31.50361], [75.73641, 31.507], [75.73481, 31.51263], [75.73144, 31.51716], [75.7283, 31.51668], [75.72672, 31.51947], [75.71832, 31.52174], [75.7128, 31.53031], [75.7054, 31.52837], [75.70152, 31.5386], [75.70603, 31.54114], [75.70712, 31.54649], [75.70587, 31.55081], [75.70388, 31.55533], [75.69504, 31.55536], [75.69482, 31.55979], [75.68939, 31.5701], [75.68508, 31.57296], [75.68248, 31.57926], [75.68512, 31.58166], [75.68303, 31.59206], [75.67667, 31.59368], [75.67097, 31.59705], [75.67367, 31.60247], [75.67185, 31.60713], [75.6627, 31.60535], [75.65166, 31.60593], [75.64686, 31.61414], [75.64099, 31.61657], [75.6397, 31.61606], [75.64118, 31.61151], [75.63477, 31.61391], [75.62993, 31.60789], [75.62454, 31.60436], [75.61906, 31.60518], [75.61032, 31.61061], [75.60436, 31.61219], [75.6001, 31.61095], [75.59594, 31.60451], [75.60008, 31.59332], [75.59841, 31.5856], [75.60586, 31.5762], [75.60093, 31.56644], [75.58692, 31.57151], [75.58354, 31.56751], [75.58158, 31.55645], [75.58336, 31.55299], [75.56978, 31.55046], [75.56235, 31.54756], [75.55863, 31.55226], [75.54766, 31.55629], [75.53938, 31.55567], [75.53595, 31.55141], [75.54273, 31.54652], [75.55093, 31.53495], [75.55065, 31.53038], [75.54122, 31.5266], [75.53507, 31.53115], [75.52294, 31.53094], [75.52479, 31.51654], [75.52391, 31.50518], [75.52707, 31.49382], [75.51844, 31.48875], [75.52792, 31.47923], [75.52125, 31.47292], [75.50367, 31.48405], [75.49744, 31.49561], [75.48721, 31.49623], [75.48256, 31.50209], [75.4622, 31.50443], [75.44753, 31.50085], [75.44671, 31.49084], [75.47159, 31.45581], [75.47321, 31.45097], [75.4731, 31.44994], [75.46796, 31.44932], [75.45584, 31.45109], [75.4642, 31.43692], [75.4616, 31.43449], [75.45355, 31.43756], [75.44454, 31.42904], [75.44239, 31.41753], [75.45714, 31.40888], [75.44783, 31.3965], [75.45311, 31.38842], [75.47675, 31.387], [75.489, 31.39144], [75.49218, 31.40159], [75.51499, 31.38987], [75.51157, 31.37714], [75.47687, 31.37404], [75.48333, 31.36589], [75.49279, 31.36532], [75.50148, 31.36997], [75.50361, 31.36725], [75.50062, 31.34193], [75.49443, 31.3277], [75.49047, 31.32277], [75.47137, 31.32134], [75.46163, 31.31805], [75.45416, 31.31339], [75.46152, 31.30252], [75.45652, 31.28469], [75.49216, 31.2709], [75.46311, 31.23783], [75.456, 31.23611], [75.44775, 31.24255], [75.44378, 31.24233], [75.43893, 31.23892], [75.43575, 31.22969], [75.42704, 31.22859], [75.42346, 31.23436], [75.42239, 31.24169], [75.42602, 31.24569], [75.4242, 31.24878], [75.4192, 31.24852], [75.41496, 31.24635], [75.4093, 31.24597], [75.40603, 31.24756], [75.39307, 31.24557], [75.38601, 31.2382], [75.38473, 31.2333], [75.37466, 31.23426], [75.3737, 31.238], [75.36929, 31.23963], [75.36447, 31.23625], [75.36746, 31.2296], [75.36736, 31.22591], [75.34732, 31.2321], [75.34345, 31.22791], [75.3436, 31.2259], [75.34089, 31.22501], [75.33664, 31.21697], [75.3298, 31.21623], [75.32468, 31.20887], [75.32023, 31.20716], [75.30963, 31.20805], [75.30739, 31.20631], [75.30353, 31.20639], [75.3002, 31.19375], [75.29515, 31.19324], [75.29215, 31.18689], [75.28751, 31.18472], [75.27763, 31.18711], [75.27365, 31.17814], [75.27353, 31.17326], [75.27637, 31.16839], [75.27348, 31.16473], [75.27372, 31.16094], [75.27725, 31.15947], [75.27663, 31.1504], [75.27113, 31.14814], [75.25516, 31.15329], [75.23429, 31.15276], [75.23026, 31.15514], [75.22992, 31.16769], [75.22673, 31.17405], [75.21363, 31.18522], [75.20432, 31.1849], [75.1963, 31.18166], [75.18956, 31.1721], [75.18895, 31.16668], [75.1788, 31.16446], [75.15921, 31.16659], [75.14785, 31.16536], [75.14522, 31.16811], [75.13131, 31.16899], [75.12576, 31.16668], [75.12053, 31.15716], [75.11564, 31.15705], [75.10583, 31.15053], [75.09244, 31.14986], [75.08531, 31.15131]]]}}, {"type": "Feature", "properties": {"shapeName": "Muktsar", "shapeISO": "", "shapeID": "76128533B50184713016881", "shapeGroup": "IND", "shapeType": "ADM2", "district": "Muktsar"}, "geometry": {"type": "Polygon", "coordinates": [[[74.70831, 29.9702], [74.71026, 29.97529], [74.70547, 29.98708], [74.71004, 29.99224], [74.71825, 30.01409], [74.70769, 30.02545], [74.69723, 30.03314], [74.69919, 30.03742], [74.69528, 30.04487], [74.70143, 30.05586], [74.7038, 30.0647], [74.70117, 30.06816], [74.69303, 30.07189], [74.68502, 30.07222], [74.67696, 30.08842], [74.68387, 30.0994], [74.68595, 30.10696], [74.68461, 30.11037], [74.67988, 30.11113], [74.67228, 30.10686], [74.65086, 30.11115], [74.63305, 30.12709], [74.63322, 30.12954], [74.63802, 30.13802], [74.64195, 30.14078], [74.64315, 30.14757], [74.65033, 30.15615], [74.65929, 30.16308], [74.67033, 30.16468], [74.67397, 30.16372], [74.67596, 30.16569], [74.68906, 30.16602], [74.69424, 30.1597], [74.70098, 30.159], [74.72091, 30.16695], [74.72709, 30.17066], [74.73791, 30.1806], [74.73837, 30.18844], [74.73139, 30.19637], [74.7158, 30.19661], [74.71988, 30.21707], [74.72294, 30.22097], [74.72243, 30.22591], [74.72811, 30.22972], [74.72446, 30.2336], [74.72282, 30.23824], [74.7218, 30.25168], [74.72395, 30.25759], [74.73864, 30.27452], [74.73896, 30.27898], [74.74523, 30.28008], [74.75344, 30.28535], [74.73557, 30.30321], [74.72976, 30.30441], [74.72672, 30.3077], [74.74349, 30.31591], [74.74766, 30.3209], [74.76249, 30.31918], [74.77142, 30.32313], [74.78624, 30.335], [74.74984, 30.34292], [74.71685, 30.35195], [74.7032, 30.35363], [74.70321, 30.35552], [74.71305, 30.35732], [74.72396, 30.36223], [74.72916, 30.36283], [74.74073, 30.35647], [74.78142, 30.33881], [74.78727, 30.33883], [74.82325, 30.39289], [74.81249, 30.40042], [74.80963, 30.39813], [74.80177, 30.39926], [74.78891, 30.39647], [74.77403, 30.39645], [74.75874, 30.39129], [74.75442, 30.39362], [74.75903, 30.41892], [74.75863, 30.4233], [74.75425, 30.42691], [74.75663, 30.43302], [74.73737, 30.4464], [74.73361, 30.45286], [74.73333, 30.45925], [74.73513, 30.46398], [74.74381, 30.47331], [74.74919, 30.47358], [74.75927, 30.47966], [74.76338, 30.48431], [74.76302, 30.49085], [74.76047, 30.49608], [74.75164, 30.49021], [74.74857, 30.49286], [74.73801, 30.49288], [74.72893, 30.50009], [74.72128, 30.50341], [74.72042, 30.50886], [74.70833, 30.51478], [74.68863, 30.52073], [74.68844, 30.52946], [74.69672, 30.53388], [74.70846, 30.5457], [74.71145, 30.55732], [74.70575, 30.5596], [74.70179, 30.56304], [74.68611, 30.56884], [74.68086, 30.57305], [74.66932, 30.57835], [74.66711, 30.58285], [74.66002, 30.59039], [74.64835, 30.59357], [74.63574, 30.60641], [74.63633, 30.61229], [74.62897, 30.61369], [74.61989, 30.63735], [74.61391, 30.63642], [74.61032, 30.64087], [74.60127, 30.64468], [74.59156, 30.65387], [74.56196, 30.66294], [74.50315, 30.66719], [74.50062, 30.66537], [74.48953, 30.6657], [74.48193, 30.65946], [74.47984, 30.65584], [74.48268, 30.64663], [74.49393, 30.63841], [74.47182, 30.63155], [74.46427, 30.6267], [74.46283, 30.62379], [74.45925, 30.62884], [74.45285, 30.63041], [74.43324, 30.61825], [74.43594, 30.60825], [74.43581, 30.5996], [74.40574, 30.59635], [74.3921, 30.5934], [74.38343, 30.59345], [74.38046, 30.59087], [74.3875, 30.57761], [74.38812, 30.56776], [74.38398, 30.55839], [74.39224, 30.56143], [74.4047, 30.5569], [74.39998, 30.5273], [74.38982, 30.52714], [74.37464, 30.51431], [74.38201, 30.49808], [74.37688, 30.48335], [74.36038, 30.48018], [74.34787, 30.48277], [74.34921, 30.47465], [74.34726, 30.46523], [74.3382, 30.45088], [74.32976, 30.44586], [74.31038, 30.44476], [74.28057, 30.42963], [74.27661, 30.42989], [74.27097, 30.42727], [74.25288, 30.42349], [74.26317, 30.41982], [74.27676, 30.41951], [74.29228, 30.41306], [74.35534, 30.4019], [74.35861, 30.39747], [74.35946, 30.39045], [74.35599, 30.38067], [74.31797, 30.38724], [74.31001, 30.3685], [74.31296, 30.35765], [74.32002, 30.3541], [74.32268, 30.34434], [74.32256, 30.32863], [74.3054, 30.30547], [74.30669, 30.29976], [74.30182, 30.27894], [74.29944, 30.27481], [74.29946, 30.26317], [74.284, 30.27276], [74.26976, 30.25824], [74.26227, 30.24628], [74.28803, 30.23123], [74.29521, 30.23295], [74.30467, 30.23778], [74.32233, 30.24191], [74.35808, 30.2394], [74.35253, 30.21213], [74.34636, 30.19651], [74.34828, 30.18958], [74.34717, 30.18279], [74.33784, 30.16135], [74.34765, 30.1559], [74.35675, 30.15311], [74.37542, 30.15038], [74.37603, 30.14454], [74.38213, 30.13234], [74.38294, 30.12761], [74.39702, 30.11519], [74.40181, 30.11267], [74.40655, 30.10413], [74.41612, 30.09513], [74.4106, 30.09308], [74.39601, 30.10535], [74.38492, 30.10986], [74.37845, 30.10875], [74.37444, 30.1073], [74.37237, 30.09566], [74.36802, 30.08481], [74.38941, 30.0725], [74.3894, 30.06353], [74.39124, 30.05933], [74.404, 30.04307], [74.41168, 30.03716], [74.40943, 30.02623], [74.41843, 30.02312], [74.42772, 30.02288], [74.45131, 30.02707], [74.45597, 30.02116], [74.46014, 30.00953], [74.46556, 30.00274], [74.4275, 29.99687], [74.45262, 29.94674], [74.52833, 29.94285], [74.52978, 29.94281], [74.53538, 29.95101], [74.54097, 29.9444], [74.55974, 29.93253], [74.56272, 29.92859], [74.57257, 29.92865], [74.58367, 29.92519], [74.59651, 29.91403], [74.63713, 29.90517], [74.65037, 29.90308], [74.65771, 29.90378], [74.64964, 29.91359], [74.65066, 29.92164], [74.65975, 29.93006], [74.67655, 29.94079], [74.69184, 29.94825], [74.6941, 29.96015], [74.70175, 29.96837], [74.70831, 29.9702]]]}}, {"type": "Feature", "properties": {"shapeName": "Moga", "shapeISO": "", "shapeID": "76128533B18834172694083", "shapeGroup": "IND", "shapeType": "ADM2", "district": "Moga"}, "geometry": {"type": "Polygon", "coordinates": [[[75.00926, 30.48791], [75.02158, 30.48985], [75.03137, 30.49719], [75.03629, 30.50362], [75.0437, 30.50185], [75.0463, 30.49886], [75.05483, 30.49882], [75.06187, 30.50228], [75.08557, 30.52814], [75.11049, 30.51999], [75.13085, 30.52212], [75.13284, 30.53082], [75.12233, 30.55248], [75.12392, 30.56169], [75.14115, 30.57866], [75.14671, 30.58059], [75.15054, 30.58078], [75.16374, 30.57676], [75.17559, 30.56238], [75.17975, 30.55353], [75.18342, 30.5372], [75.18339, 30.51751], [75.18496, 30.50842], [75.18822, 30.5062], [75.19397, 30.50714], [75.19785, 30.51021], [75.20594, 30.5064], [75.21099, 30.51529], [75.22266, 30.50826], [75.23719, 30.51009], [75.24723, 30.51442], [75.25945, 30.51724], [75.26143, 30.52013], [75.26779, 30.5189], [75.27111, 30.51511], [75.28324, 30.50728], [75.29371, 30.50946], [75.2951, 30.50933], [75.29594, 30.51619], [75.30667, 30.52544], [75.3113, 30.52748], [75.31563, 30.53435], [75.32967, 30.53504], [75.33513, 30.52309], [75.34065, 30.51602], [75.34958, 30.51462], [75.36513, 30.51423], [75.40568, 30.53147], [75.4161, 30.54071], [75.42236, 30.55069], [75.42089, 30.55426], [75.41097, 30.55986], [75.40854, 30.56844], [75.40891, 30.58216], [75.40033, 30.5908], [75.40537, 30.60609], [75.40529, 30.61258], [75.39731, 30.62097], [75.39591, 30.62592], [75.38221, 30.62212], [75.37877, 30.62251], [75.38012, 30.63449], [75.37444, 30.64869], [75.38037, 30.65706], [75.3824, 30.66334], [75.38058, 30.67462], [75.37353, 30.68168], [75.37208, 30.68895], [75.374, 30.69711], [75.37206, 30.70562], [75.3735, 30.70886], [75.38159, 30.70876], [75.38417, 30.70998], [75.3878, 30.71668], [75.38811, 30.72169], [75.3832, 30.72288], [75.37814, 30.73], [75.37791, 30.73473], [75.38155, 30.73813], [75.37881, 30.74809], [75.38486, 30.75938], [75.38497, 30.76855], [75.39321, 30.78297], [75.39411, 30.79189], [75.39805, 30.8036], [75.39763, 30.80867], [75.38699, 30.81347], [75.37874, 30.82058], [75.37231, 30.83932], [75.37539, 30.8505], [75.37491, 30.85632], [75.38718, 30.86049], [75.39921, 30.8706], [75.40348, 30.88386], [75.40793, 30.88859], [75.40807, 30.89359], [75.40132, 30.89789], [75.39428, 30.90881], [75.37904, 30.91159], [75.38255, 30.92053], [75.38228, 30.92503], [75.3806, 30.92917], [75.37685, 30.92929], [75.37495, 30.92743], [75.37216, 30.92887], [75.37112, 30.93967], [75.36675, 30.94046], [75.36615, 30.95245], [75.36384, 30.95849], [75.36767, 30.96704], [75.36667, 30.97291], [75.35635, 30.98863], [75.30783, 31.00044], [75.30706, 31.00331], [75.30923, 31.01389], [75.29824, 31.01435], [75.29534, 31.02359], [75.29608, 31.03378], [75.28396, 31.04191], [75.2784, 31.0387], [75.27375, 31.03906], [75.27011, 31.04323], [75.26178, 31.04243], [75.25278, 31.04379], [75.25145, 31.04203], [75.24654, 31.04093], [75.24331, 31.03743], [75.23628, 31.03543], [75.23319, 31.03164], [75.22917, 31.03394], [75.24006, 31.04646], [75.24142, 31.04932], [75.24011, 31.05267], [75.23853, 31.04889], [75.2318, 31.0417], [75.22009, 31.03837], [75.21803, 31.03589], [75.21169, 31.03786], [75.20833, 31.04019], [75.20267, 31.0495], [75.20779, 31.05442], [75.19525, 31.06285], [75.18647, 31.07739], [75.17645, 31.08238], [75.16668, 31.08189], [75.1653, 31.08332], [75.16564, 31.08959], [75.15672, 31.08597], [75.15488, 31.08387], [75.14735, 31.0845], [75.1517, 31.09216], [75.14905, 31.09933], [75.14071, 31.1039], [75.13222, 31.09757], [75.12943, 31.09333], [75.13022, 31.07858], [75.12844, 31.07469], [75.12269, 31.07739], [75.1069, 31.07098], [75.10499, 31.07405], [75.09464, 31.08135], [75.09644, 31.07126], [75.10332, 31.06802], [75.10551, 31.06467], [75.10441, 31.06236], [75.10121, 31.06243], [75.09375, 31.06609], [75.08858, 31.06506], [75.08863, 31.06018], [75.10224, 31.05439], [75.10529, 31.05473], [75.10553, 31.04596], [75.09402, 31.0438], [75.08432, 31.04381], [75.08228, 31.04809], [75.0716, 31.05483], [75.07042, 31.0617], [75.0651, 31.06409], [75.05634, 31.04915], [75.05566, 31.04249], [75.05753, 31.04139], [75.06595, 31.04047], [75.07271, 31.04164], [75.07435, 31.03976], [75.07336, 31.03512], [75.08697, 31.03416], [75.1008, 31.02405], [75.10375, 31.02349], [75.10804, 31.01856], [75.11116, 31.01789], [75.11214, 31.01269], [75.10881, 31.00749], [75.10827, 31.00219], [75.10985, 30.99861], [75.10506, 30.99063], [75.10556, 30.97903], [75.09758, 30.96158], [75.09471, 30.95917], [75.08229, 30.95714], [75.08416, 30.95008], [75.08328, 30.94656], [75.0751, 30.94103], [75.06028, 30.92471], [75.05267, 30.92408], [75.04994, 30.92227], [75.04471, 30.90822], [75.03878, 30.89816], [75.03379, 30.8944], [75.00058, 30.90223], [74.99497, 30.89717], [74.97768, 30.89316], [74.9652, 30.8923], [74.9606, 30.8903], [74.95615, 30.89099], [74.9531, 30.88407], [74.94629, 30.87677], [74.94711, 30.86736], [74.95177, 30.85505], [74.94701, 30.83548], [74.95058, 30.82915], [74.94853, 30.82327], [74.93092, 30.80237], [74.92949, 30.79182], [74.93112, 30.78738], [74.92713, 30.78285], [74.92466, 30.78394], [74.91815, 30.7787], [74.91757, 30.773], [74.91358, 30.77124], [74.91561, 30.76644], [74.91079, 30.7554], [74.91658, 30.74695], [74.91381, 30.74666], [74.91515, 30.74281], [74.91216, 30.73552], [74.9141, 30.72469], [74.90725, 30.70637], [74.90693, 30.70143], [74.91598, 30.67977], [74.91862, 30.67976], [74.92366, 30.68577], [74.92487, 30.67703], [74.95641, 30.67408], [74.95882, 30.65669], [74.9524, 30.64324], [74.955, 30.63408], [74.95014, 30.61866], [74.94954, 30.61048], [74.95047, 30.60048], [74.9564, 30.59262], [74.95306, 30.58669], [74.95122, 30.57671], [74.9469, 30.56946], [74.95858, 30.56032], [74.96214, 30.56116], [74.96476, 30.55895], [74.96528, 30.55201], [74.96804, 30.55184], [74.98023, 30.54251], [74.99279, 30.54299], [74.99802, 30.53382], [74.99281, 30.52452], [74.99269, 30.49653], [74.99531, 30.49186], [75.00076, 30.48773], [75.00926, 30.48791]]]}}, {"type": "Feature", "properties": {"shapeName": "Hoshiarpur", "shapeISO": "", "shapeID": "76128533B41747884279129", "shapeGroup": "IND", "shapeType": "ADM2", "district": "Hoshiarpur"}, "geometry": {"type": "Polygon", "coordinates": [[[75.95982, 31.85588], [75.95398, 31.86627], [75.95244, 31.87225], [75.94704, 31.88225], [75.9418, 31.88822], [75.92836, 31.91505], [75.93639, 31.91523], [75.9381, 31.92253], [75.94628, 31.92935], [75.94405, 31.93621], [75.93595, 31.94211], [75.92682, 31.94525], [75.91183, 31.94118], [75.91028, 31.94837], [75.88191, 31.96747], [75.87252, 31.96812], [75.86704, 31.97121], [75.85736, 31.97232], [75.85212, 31.98036], [75.82978, 31.98217], [75.81087, 31.98739], [75.79006, 31.99965], [75.76959, 32.01882], [75.76416, 32.02612], [75.7538, 32.03479], [75.74977, 32.03633], [75.72628, 32.03506], [75.71621, 32.04266], [75.70811, 32.05856], [75.70564, 32.06065], [75.68893, 32.06608], [75.66519, 32.0764], [75.65588, 32.07599], [75.61432, 32.06534], [75.59453, 32.08107], [75.57848, 32.07333], [75.56284, 32.03577], [75.5592, 32.03333], [75.5405, 32.03452], [75.53702, 32.03129], [75.54022, 32.0222], [75.5445, 32.02152], [75.55153, 32.00691], [75.55818, 32.00478], [75.56012, 32.00011], [75.55914, 31.99573], [75.54844, 31.98434], [75.54276, 31.98219], [75.54399, 31.9779], [75.54054, 31.9686], [75.53648, 31.96479], [75.53136, 31.94323], [75.53668, 31.94256], [75.53931, 31.93982], [75.53886, 31.92836], [75.55329, 31.91998], [75.55572, 31.89997], [75.55369, 31.89247], [75.55455, 31.88596], [75.5613, 31.88065], [75.56605, 31.87318], [75.57161, 31.86291], [75.57368, 31.85514], [75.56566, 31.84124], [75.56557, 31.83789], [75.56617, 31.82821], [75.56787, 31.82545], [75.5717, 31.82352], [75.57008, 31.80926], [75.56672, 31.79901], [75.57257, 31.79461], [75.57579, 31.78502], [75.57451, 31.7781], [75.56901, 31.77509], [75.55033, 31.77463], [75.53898, 31.77206], [75.54048, 31.74725], [75.53763, 31.73705], [75.52368, 31.72469], [75.51766, 31.71619], [75.49724, 31.69965], [75.49287, 31.67985], [75.48247, 31.67281], [75.4857, 31.67066], [75.47722, 31.65985], [75.47661, 31.6511], [75.4842, 31.65073], [75.49918, 31.64172], [75.51214, 31.64348], [75.51584, 31.64097], [75.52339, 31.64113], [75.52704, 31.63661], [75.52646, 31.63442], [75.53306, 31.63607], [75.53177, 31.63917], [75.53403, 31.6496], [75.54278, 31.65069], [75.54607, 31.64835], [75.54928, 31.64048], [75.54911, 31.63633], [75.55246, 31.6344], [75.55719, 31.63771], [75.55763, 31.64025], [75.57163, 31.63786], [75.57391, 31.63596], [75.5709, 31.62748], [75.56961, 31.611], [75.57237, 31.6101], [75.57365, 31.61662], [75.57565, 31.61721], [75.57725, 31.60921], [75.59594, 31.60451], [75.6001, 31.61095], [75.60436, 31.61219], [75.61032, 31.61061], [75.61906, 31.60518], [75.62454, 31.60436], [75.62993, 31.60789], [75.63477, 31.61391], [75.64118, 31.61151], [75.6397, 31.61606], [75.64099, 31.61657], [75.64686, 31.61414], [75.65166, 31.60593], [75.6627, 31.60535], [75.67185, 31.60713], [75.67367, 31.60247], [75.67097, 31.59705], [75.67667, 31.59368], [75.68303, 31.59206], [75.68512, 31.58166], [75.68248, 31.57926], [75.68508, 31.57296], [75.68939, 31.5701], [75.69482, 31.55979], [75.69504, 31.55536], [75.70388, 31.55533], [75.70587, 31.55081], [75.70712, 31.54649], [75.70603, 31.54114], [75.70152, 31.5386], [75.7054, 31.52837], [75.7128, 31.53031], [75.71832, 31.52174], [75.72672, 31.51947], [75.7283, 31.51668], [75.73144, 31.51716], [75.73481, 31.51263], [75.73641, 31.507], [75.73984, 31.50361], [75.73727, 31.49729], [75.75004, 31.48502], [75.75311, 31.48516], [75.76096, 31.4757], [75.76848, 31.47746], [75.77131, 31.47352], [75.78063, 31.4725], [75.791, 31.44987], [75.79548, 31.44977], [75.79918, 31.45521], [75.80231, 31.45459], [75.80713, 31.44032], [75.8215, 31.42508], [75.81671, 31.42202], [75.82382, 31.40542], [75.81138, 31.40111], [75.80637, 31.392], [75.78482, 31.38354], [75.78565, 31.37575], [75.78925, 31.36974], [75.79541, 31.37035], [75.80134, 31.37375], [75.80529, 31.37376], [75.80851, 31.37004], [75.81251, 31.37039], [75.81785, 31.36119], [75.82402, 31.35876], [75.83212, 31.36121], [75.83333, 31.36402], [75.84224, 31.36389], [75.85011, 31.37017], [75.85614, 31.36464], [75.85916, 31.35101], [75.87188, 31.35496], [75.87945, 31.35581], [75.89039, 31.34714], [75.89221, 31.34121], [75.89739, 31.33996], [75.90916, 31.34547], [75.90708, 31.33734], [75.89494, 31.33754], [75.88695, 31.33486], [75.88176, 31.32183], [75.8782, 31.32371], [75.87763, 31.3278], [75.86774, 31.31826], [75.86814, 31.31069], [75.8551, 31.29542], [75.85678, 31.29186], [75.86081, 31.28997], [75.86656, 31.28982], [75.86775, 31.28217], [75.87846, 31.28606], [75.881, 31.29183], [75.88571, 31.29104], [75.8894, 31.27619], [75.89248, 31.27591], [75.90225, 31.28067], [75.91381, 31.27783], [75.92086, 31.27819], [75.92623, 31.27504], [75.92837, 31.27119], [75.93206, 31.26866], [75.93967, 31.27357], [75.94575, 31.27278], [75.94996, 31.26563], [75.95488, 31.26385], [75.95496, 31.25566], [75.96339, 31.25541], [75.96988, 31.25701], [75.97299, 31.25359], [75.9959, 31.25947], [75.99496, 31.25548], [76.00468, 31.24422], [76.01057, 31.24414], [76.02199, 31.25644], [76.02651, 31.25868], [76.02978, 31.25355], [76.02934, 31.24616], [76.03188, 31.24065], [76.04895, 31.23203], [76.05424, 31.22712], [76.05467, 31.22426], [76.05158, 31.22274], [76.04718, 31.21727], [76.05059, 31.21416], [76.05434, 31.21642], [76.06245, 31.21603], [76.06754, 31.21806], [76.0665, 31.22523], [76.07841, 31.22858], [76.08346, 31.22573], [76.09016, 31.22426], [76.09225, 31.20623], [76.08946, 31.19891], [76.09599, 31.19623], [76.10393, 31.17802], [76.12068, 31.16753], [76.13423, 31.1675], [76.13974, 31.15146], [76.14262, 31.14831], [76.14961, 31.15372], [76.1563, 31.15369], [76.15904, 31.15047], [76.15845, 31.14397], [76.17102, 31.14027], [76.17392, 31.13538], [76.19558, 31.13285], [76.19403, 31.12998], [76.20765, 31.13749], [76.20946, 31.14091], [76.20833, 31.14636], [76.20075, 31.15458], [76.20858, 31.16553], [76.19866, 31.18402], [76.19844, 31.18757], [76.22139, 31.20009], [76.23226, 31.1854], [76.23786, 31.18567], [76.23837, 31.18947], [76.24215, 31.19073], [76.24303, 31.18949], [76.25325, 31.19759], [76.25295, 31.20104], [76.24626, 31.19741], [76.24407, 31.20145], [76.23592, 31.19148], [76.23022, 31.19619], [76.22595, 31.20652], [76.23959, 31.23805], [76.24762, 31.24521], [76.25771, 31.23832], [76.27492, 31.23844], [76.284, 31.23317], [76.29274, 31.22177], [76.30951, 31.21175], [76.33217, 31.22467], [76.33951, 31.22546], [76.3363, 31.22644], [76.33985, 31.22989], [76.3481, 31.23214], [76.35252, 31.23796], [76.33777, 31.25102], [76.33276, 31.263], [76.3139, 31.27474], [76.31156, 31.27836], [76.30918, 31.29252], [76.29993, 31.29247], [76.29525, 31.29528], [76.29271, 31.29954], [76.29208, 31.30711], [76.28311, 31.30379], [76.27587, 31.30303], [76.27031, 31.31217], [76.23787, 31.31034], [76.22963, 31.30492], [76.22101, 31.30254], [76.20034, 31.30199], [76.18748, 31.30409], [76.18311, 31.31149], [76.18077, 31.32356], [76.18102, 31.33883], [76.17278, 31.34436], [76.16244, 31.34559], [76.15432, 31.35057], [76.14992, 31.35923], [76.14886, 31.38014], [76.16783, 31.39473], [76.17157, 31.40198], [76.16835, 31.41149], [76.16191, 31.41635], [76.16197, 31.42312], [76.15834, 31.42982], [76.14311, 31.44132], [76.1375, 31.45131], [76.13618, 31.45857], [76.13044, 31.46305], [76.12964, 31.47115], [76.12288, 31.47985], [76.12312, 31.49276], [76.11909, 31.49998], [76.10562, 31.5167], [76.10398, 31.52536], [76.09904, 31.53492], [76.07996, 31.5596], [76.07445, 31.56787], [76.0751, 31.56986], [76.07241, 31.57092], [76.05827, 31.58984], [76.05918, 31.60092], [76.05513, 31.60637], [76.05184, 31.60471], [76.03833, 31.6134], [76.03275, 31.61962], [76.01832, 31.64393], [76.02146, 31.64944], [76.01914, 31.65492], [76.02111, 31.66118], [76.01261, 31.66807], [76.01267, 31.67405], [76.00743, 31.68259], [76.00625, 31.68382], [76.00593, 31.68282], [76.00087, 31.68347], [75.99107, 31.69344], [75.99266, 31.70312], [75.98468, 31.71783], [75.98137, 31.73163], [75.97289, 31.73869], [75.9751, 31.74251], [75.97489, 31.74774], [75.96729, 31.76125], [75.96048, 31.77956], [75.95189, 31.78264], [75.94845, 31.79542], [75.94268, 31.80348], [75.9373, 31.81554], [75.94873, 31.81337], [75.95156, 31.81659], [75.96596, 31.82178], [75.96795, 31.82365], [75.97582, 31.81676], [75.98247, 31.81314], [75.98699, 31.81282], [75.98645, 31.81747], [75.98316, 31.82179], [75.97129, 31.83068], [75.96912, 31.83827], [75.95982, 31.85588]]]}}, {"type": "Feature", "properties": {"shapeName": "Rupnagar", "shapeISO": "", "shapeID": "76128533B24759700890118", "shapeGroup": "IND", "shapeType": "ADM2", "district": "Rupnagar"}, "geometry": {"type": "Polygon", "coordinates": [[[76.29208, 31.30711], [76.29271, 31.29954], [76.29525, 31.29528], [76.29993, 31.29247], [76.30918, 31.29252], [76.31156, 31.27836], [76.3139, 31.27474], [76.33276, 31.263], [76.33777, 31.25102], [76.35252, 31.23796], [76.3481, 31.23214], [76.33985, 31.22989], [76.3363, 31.22644], [76.33951, 31.22546], [76.34302, 31.21552], [76.35787, 31.20544], [76.37659, 31.17263], [76.38785, 31.14866], [76.40208, 31.13868], [76.42746, 31.12423], [76.43031, 31.11484], [76.42967, 31.09693], [76.43728, 31.08011], [76.45527, 31.05622], [76.464, 31.04793], [76.46699, 31.03985], [76.49105, 31.01676], [76.52077, 30.9948], [76.51511, 30.98171], [76.51262, 30.97956], [76.49299, 30.97667], [76.47556, 30.97831], [76.44958, 30.97226], [76.38638, 30.97599], [76.36323, 30.97037], [76.34595, 30.97774], [76.32935, 30.97975], [76.3281, 30.99296], [76.31732, 30.99555], [76.30918, 30.99135], [76.3168, 30.98279], [76.31794, 30.95699], [76.32559, 30.93218], [76.32238, 30.92724], [76.31468, 30.92406], [76.32096, 30.91442], [76.32057, 30.88342], [76.32369, 30.8791], [76.33597, 30.8763], [76.34625, 30.87878], [76.34857, 30.87205], [76.35422, 30.86851], [76.36686, 30.87284], [76.37257, 30.86536], [76.37654, 30.86526], [76.38152, 30.86058], [76.38417, 30.86068], [76.38488, 30.856], [76.38303, 30.85002], [76.39845, 30.84359], [76.4044, 30.84576], [76.41019, 30.84544], [76.41491, 30.83856], [76.4072, 30.8296], [76.4118, 30.81742], [76.42201, 30.81807], [76.42775, 30.82162], [76.43327, 30.81834], [76.4373, 30.81214], [76.43671, 30.79985], [76.43802, 30.7982], [76.44295, 30.79704], [76.44335, 30.7956], [76.44339, 30.78252], [76.44609, 30.77957], [76.44689, 30.75919], [76.46074, 30.75208], [76.46419, 30.75403], [76.46562, 30.75342], [76.47183, 30.74546], [76.48373, 30.75007], [76.4958, 30.7454], [76.50834, 30.74925], [76.52568, 30.75934], [76.53507, 30.76761], [76.53548, 30.77161], [76.54119, 30.77923], [76.54958, 30.7829], [76.55585, 30.78258], [76.56071, 30.78752], [76.55797, 30.79501], [76.55876, 30.7982], [76.56323, 30.7997], [76.56191, 30.80506], [76.56394, 30.80777], [76.5624, 30.8124], [76.55825, 30.81464], [76.56516, 30.81817], [76.56208, 30.82754], [76.55937, 30.82976], [76.55584, 30.82963], [76.55396, 30.8366], [76.56464, 30.84087], [76.57166, 30.84585], [76.57824, 30.84723], [76.58224, 30.85106], [76.58288, 30.85343], [76.58073, 30.85825], [76.57533, 30.85864], [76.57361, 30.86494], [76.57868, 30.86645], [76.57845, 30.86878], [76.58315, 30.86855], [76.5876, 30.86359], [76.58705, 30.85854], [76.59172, 30.84951], [76.60159, 30.8581], [76.59781, 30.86516], [76.59878, 30.87547], [76.60221, 30.87943], [76.61028, 30.88208], [76.60834, 30.8869], [76.61239, 30.89048], [76.62723, 30.89662], [76.63094, 30.90136], [76.63799, 30.90336], [76.64477, 30.90316], [76.64834, 30.90628], [76.65788, 30.90943], [76.66374, 30.91386], [76.6807, 30.91374], [76.68561, 30.91559], [76.68994, 30.91896], [76.69042, 30.92135], [76.70306, 30.93093], [76.71724, 30.92727], [76.73519, 30.93514], [76.73952, 30.9402], [76.73843, 30.94677], [76.72692, 30.95963], [76.71939, 30.95952], [76.70856, 30.96874], [76.6825, 30.96616], [76.67693, 30.96742], [76.66738, 30.97812], [76.64767, 30.98707], [76.64025, 30.98886], [76.63528, 30.99467], [76.6244, 31.00063], [76.62796, 31.01839], [76.61958, 31.02994], [76.61339, 31.05], [76.62397, 31.05711], [76.61937, 31.07485], [76.62636, 31.09285], [76.64028, 31.1067], [76.63826, 31.11448], [76.63014, 31.11807], [76.62188, 31.11652], [76.612, 31.12271], [76.60387, 31.12423], [76.61335, 31.14771], [76.60926, 31.14788], [76.60469, 31.15383], [76.60611, 31.15688], [76.60406, 31.16132], [76.60711, 31.16886], [76.60503, 31.17952], [76.61297, 31.18305], [76.62046, 31.19369], [76.62691, 31.1992], [76.63344, 31.20052], [76.63484, 31.20321], [76.65015, 31.20953], [76.64888, 31.21189], [76.63927, 31.2176], [76.64071, 31.22365], [76.63102, 31.22603], [76.60148, 31.21267], [76.59532, 31.21296], [76.59069, 31.22242], [76.59727, 31.22758], [76.59946, 31.23628], [76.6156, 31.24711], [76.61291, 31.2493], [76.61039, 31.24914], [76.59843, 31.25994], [76.59461, 31.26104], [76.58889, 31.26783], [76.58998, 31.26887], [76.58865, 31.27152], [76.58412, 31.27414], [76.58255, 31.27452], [76.56703, 31.26156], [76.5607, 31.25258], [76.5497, 31.25208], [76.54742, 31.26325], [76.55196, 31.28069], [76.54602, 31.28029], [76.54267, 31.26671], [76.53286, 31.25907], [76.52905, 31.26126], [76.53139, 31.27416], [76.52907, 31.27986], [76.52561, 31.27934], [76.51301, 31.27008], [76.50337, 31.2702], [76.49798, 31.2811], [76.49029, 31.28912], [76.48726, 31.30357], [76.48153, 31.30708], [76.47085, 31.29827], [76.46054, 31.2866], [76.44591, 31.27976], [76.44325, 31.28615], [76.46038, 31.29731], [76.46308, 31.30289], [76.44284, 31.32213], [76.43303, 31.33429], [76.4277, 31.34466], [76.40595, 31.3757], [76.39418, 31.38826], [76.40533, 31.39441], [76.3966, 31.40773], [76.388, 31.41077], [76.39025, 31.41929], [76.38416, 31.42528], [76.37816, 31.43852], [76.37188, 31.427], [76.37413, 31.41278], [76.36808, 31.40962], [76.36182, 31.40288], [76.34954, 31.40092], [76.34443, 31.39832], [76.33075, 31.39959], [76.33366, 31.38537], [76.33311, 31.37828], [76.34436, 31.37669], [76.34399, 31.36537], [76.34614, 31.35623], [76.35148, 31.35013], [76.34485, 31.34242], [76.33926, 31.34425], [76.33264, 31.34937], [76.33061, 31.34465], [76.31076, 31.33941], [76.31702, 31.32351], [76.31084, 31.31637], [76.29208, 31.30711]]]}}, {"type": "Feature", "properties": {"shapeName": "Firozpur", "shapeISO": "", "shapeID": "76128533B421757708753", "shapeGroup": "IND", "shapeType": "ADM2", "district": "Firozpur"}, "geometry": {"type": "Polygon", "coordinates": [[[74.69808, 31.10379], [74.69742, 31.10255], [74.70143, 31.09699], [74.70242, 31.09165], [74.69733, 31.08468], [74.69073, 31.08138], [74.69613, 31.07368], [74.67111, 31.05355], [74.65766, 31.05003], [74.65023, 31.04892], [74.64596, 31.04976], [74.61843, 31.0439], [74.61323, 31.04476], [74.59696, 31.03764], [74.59624, 31.04213], [74.59037, 31.04993], [74.57443, 31.0568], [74.57042, 31.05295], [74.56817, 31.05469], [74.56152, 31.04873], [74.55898, 31.0385], [74.5469, 31.03186], [74.54726, 31.02903], [74.53971, 31.00879], [74.54393, 30.99829], [74.54324, 30.99637], [74.54606, 30.99341], [74.54239, 30.99064], [74.53782, 30.98971], [74.51609, 30.9794], [74.50874, 30.96728], [74.50272, 30.96445], [74.49865, 30.96407], [74.4919, 30.97444], [74.48978, 30.97251], [74.48146, 30.97067], [74.47979, 30.97423], [74.4606, 30.96646], [74.45715, 30.96441], [74.4664, 30.95674], [74.45157, 30.95584], [74.45505, 30.95133], [74.44202, 30.95173], [74.44187, 30.94553], [74.43944, 30.94209], [74.42831, 30.94241], [74.4165, 30.93515], [74.41386, 30.92958], [74.42361, 30.92943], [74.42877, 30.93114], [74.4235, 30.92074], [74.41031, 30.92343], [74.41113, 30.9195], [74.41872, 30.91917], [74.42436, 30.91598], [74.42278, 30.90779], [74.40988, 30.90952], [74.39731, 30.90939], [74.38302, 30.89534], [74.37162, 30.89536], [74.36589, 30.893], [74.36691, 30.8863], [74.36174, 30.87783], [74.36089, 30.87367], [74.38212, 30.86036], [74.37791, 30.85832], [74.374, 30.85974], [74.36948, 30.85734], [74.36467, 30.85732], [74.36849, 30.8518], [74.3671, 30.84902], [74.36343, 30.84718], [74.35514, 30.84844], [74.35421, 30.85266], [74.34823, 30.85493], [74.33882, 30.85256], [74.34068, 30.84907], [74.33252, 30.85094], [74.32484, 30.84952], [74.32054, 30.84667], [74.32013, 30.84192], [74.3222, 30.83854], [74.31924, 30.8328], [74.31978, 30.82729], [74.30934, 30.81762], [74.30253, 30.80824], [74.3014, 30.80382], [74.305, 30.80369], [74.32079, 30.79627], [74.32632, 30.79599], [74.33119, 30.80072], [74.33559, 30.79856], [74.33859, 30.79627], [74.3408, 30.79149], [74.3362, 30.78839], [74.33868, 30.78057], [74.34206, 30.78601], [74.35003, 30.79238], [74.35205, 30.78905], [74.36264, 30.78938], [74.37088, 30.79158], [74.37261, 30.79402], [74.38272, 30.79517], [74.38665, 30.80205], [74.39533, 30.79982], [74.39623, 30.79664], [74.41266, 30.7879], [74.41735, 30.78634], [74.42172, 30.78666], [74.43352, 30.77875], [74.44429, 30.78726], [74.46079, 30.77444], [74.46983, 30.77009], [74.47861, 30.76903], [74.4803, 30.7591], [74.47614, 30.74918], [74.52553, 30.76831], [74.52575, 30.77048], [74.53328, 30.77997], [74.54661, 30.78822], [74.56598, 30.79538], [74.57947, 30.80298], [74.59959, 30.80523], [74.61354, 30.82376], [74.62004, 30.8254], [74.62623, 30.83079], [74.64769, 30.81455], [74.65411, 30.81712], [74.65815, 30.82668], [74.6607, 30.82907], [74.66588, 30.82932], [74.68431, 30.82134], [74.68739, 30.82554], [74.69399, 30.82614], [74.69994, 30.8227], [74.7094, 30.82379], [74.72957, 30.81809], [74.74142, 30.82086], [74.74648, 30.81956], [74.75663, 30.81055], [74.77246, 30.81187], [74.77239, 30.8085], [74.77533, 30.80938], [74.78253, 30.8024], [74.78551, 30.79164], [74.80804, 30.78504], [74.81052, 30.77174], [74.81358, 30.76743], [74.81819, 30.76474], [74.82383, 30.76327], [74.83258, 30.76758], [74.8406, 30.76545], [74.84898, 30.75458], [74.85772, 30.7504], [74.85724, 30.74669], [74.86137, 30.74203], [74.88144, 30.74401], [74.889, 30.73887], [74.90283, 30.73867], [74.91216, 30.73552], [74.91515, 30.74281], [74.91381, 30.74666], [74.91658, 30.74695], [74.91079, 30.7554], [74.91561, 30.76644], [74.91358, 30.77124], [74.91757, 30.773], [74.91815, 30.7787], [74.92466, 30.78394], [74.92713, 30.78285], [74.93112, 30.78738], [74.92949, 30.79182], [74.93092, 30.80237], [74.94853, 30.82327], [74.95058, 30.82915], [74.94701, 30.83548], [74.95177, 30.85505], [74.94711, 30.86736], [74.94629, 30.87677], [74.9531, 30.88407], [74.95615, 30.89099], [74.9606, 30.8903], [74.9652, 30.8923], [74.97768, 30.89316], [74.99497, 30.89717], [75.00058, 30.90223], [75.03379, 30.8944], [75.03878, 30.89816], [75.04471, 30.90822], [75.04994, 30.92227], [75.05267, 30.92408], [75.06028, 30.92471], [75.0751, 30.94103], [75.08328, 30.94656], [75.08416, 30.95008], [75.08229, 30.95714], [75.09471, 30.95917], [75.09758, 30.96158], [75.10556, 30.97903], [75.10506, 30.99063], [75.10985, 30.99861], [75.10827, 31.00219], [75.10881, 31.00749], [75.11214, 31.01269], [75.11116, 31.01789], [75.10804, 31.01856], [75.10375, 31.02349], [75.1008, 31.02405], [75.08697, 31.03416], [75.07336, 31.03512], [75.07435, 31.03976], [75.07271, 31.04164], [75.06595, 31.04047], [75.05753, 31.04139], [75.05566, 31.04249], [75.05634, 31.04915], [75.0651, 31.06409], [75.07042, 31.0617], [75.0716, 31.05483], [75.08228, 31.04809], [75.08432, 31.04381], [75.09402, 31.0438], [75.10553, 31.04596], [75.10529, 31.05473], [75.10224, 31.05439], [75.08863, 31.06018], [75.08858, 31.06506], [75.09375, 31.06609], [75.10121, 31.06243], [75.10441, 31.06236], [75.10551, 31.06467], [75.10332, 31.06802], [75.09644, 31.07126], [75.09464, 31.08135], [75.10499, 31.07405], [75.1069, 31.07098], [75.12269, 31.07739], [75.12844, 31.07469], [75.13022, 31.07858], [75.12943, 31.09333], [75.13222, 31.09757], [75.14071, 31.1039], [75.13855, 31.10541], [75.13978, 31.10823], [75.13875, 31.11047], [75.13293, 31.11302], [75.13417, 31.11577], [75.12863, 31.11906], [75.12577, 31.12315], [75.11186, 31.12891], [75.09891, 31.12502], [75.08848, 31.13233], [75.07978, 31.13389], [75.08, 31.13857], [75.08419, 31.1441], [75.08531, 31.15131], [75.08219, 31.15246], [75.07505, 31.14408], [75.06824, 31.1463], [75.06003, 31.15248], [75.05081, 31.15274], [75.05152, 31.15905], [75.04007, 31.16151], [75.03904, 31.16047], [75.04253, 31.15705], [75.04111, 31.15426], [75.04257, 31.14805], [75.04125, 31.14563], [75.0316, 31.14582], [75.02504, 31.14745], [75.02431, 31.14877], [75.02411, 31.14773], [75.01778, 31.1495], [75.01671, 31.14566], [75.00935, 31.14552], [75.00844, 31.14447], [75.01493, 31.13405], [75.01562, 31.12794], [75.01291, 31.12223], [75.0093, 31.11955], [75.00179, 31.12566], [74.99947, 31.12405], [74.98527, 31.13563], [74.95018, 31.14957], [74.92235, 31.16094], [74.9157, 31.15559], [74.90845, 31.15591], [74.89784, 31.16037], [74.88437, 31.15129], [74.85131, 31.13395], [74.83337, 31.13314], [74.81995, 31.13546], [74.81247, 31.13382], [74.81041, 31.13255], [74.81117, 31.12264], [74.80337, 31.11391], [74.79312, 31.1254], [74.7918, 31.13047], [74.76566, 31.12853], [74.76346, 31.11865], [74.75687, 31.11714], [74.75112, 31.11265], [74.74594, 31.11553], [74.74659, 31.10916], [74.74016, 31.10455], [74.69808, 31.10379]]]}}, {"type": "Feature", "properties": {"shapeName": "Fazilka", "shapeISO": "", "shapeID": "76128533B7291413308870", "shapeGroup": "IND", "shapeType": "ADM2", "district": "Fazilka"}, "geometry": {"type": "Polygon", "coordinates": [[[74.47614, 30.74918], [74.4803, 30.7591], [74.47861, 30.76903], [74.46983, 30.77009], [74.46079, 30.77444], [74.44429, 30.78726], [74.43352, 30.77875], [74.42172, 30.78666], [74.41735, 30.78634], [74.41266, 30.7879], [74.39623, 30.79664], [74.39533, 30.79982], [74.38665, 30.80205], [74.38272, 30.79517], [74.37261, 30.79402], [74.37088, 30.79158], [74.36264, 30.78938], [74.35205, 30.78905], [74.35003, 30.79238], [74.34206, 30.78601], [74.33868, 30.78057], [74.3362, 30.78839], [74.3408, 30.79149], [74.33859, 30.79627], [74.33559, 30.79856], [74.33119, 30.80072], [74.32632, 30.79599], [74.32079, 30.79627], [74.305, 30.80369], [74.3014, 30.80382], [74.2993, 30.80449], [74.29673, 30.79993], [74.29706, 30.79576], [74.30115, 30.78966], [74.30679, 30.78904], [74.30184, 30.77935], [74.28966, 30.77503], [74.28669, 30.7758], [74.27422, 30.77345], [74.26887, 30.77596], [74.26313, 30.77662], [74.26011, 30.77282], [74.26077, 30.76977], [74.27359, 30.75338], [74.27441, 30.74407], [74.28653, 30.73555], [74.28162, 30.73088], [74.27486, 30.73717], [74.27134, 30.73212], [74.26844, 30.73433], [74.2691, 30.73033], [74.26731, 30.72671], [74.26115, 30.72312], [74.24848, 30.72588], [74.24191, 30.72589], [74.24532, 30.72437], [74.24526, 30.72286], [74.23246, 30.7244], [74.22725, 30.7187], [74.22754, 30.71281], [74.2252, 30.71303], [74.22338, 30.7098], [74.21924, 30.69347], [74.21208, 30.68774], [74.20551, 30.67605], [74.19816, 30.67081], [74.19348, 30.66512], [74.18154, 30.66131], [74.17738, 30.6551], [74.16931, 30.64865], [74.16322, 30.64837], [74.1596, 30.64154], [74.15613, 30.64065], [74.15335, 30.63515], [74.14882, 30.63141], [74.13787, 30.62743], [74.12741, 30.63477], [74.12854, 30.63195], [74.12674, 30.62408], [74.12112, 30.62246], [74.11801, 30.60791], [74.10507, 30.61919], [74.09604, 30.61142], [74.10195, 30.61094], [74.1014, 30.6032], [74.09531, 30.60113], [74.09866, 30.59057], [74.09634, 30.58723], [74.10195, 30.57915], [74.07354, 30.55463], [74.07993, 30.54831], [74.09091, 30.54936], [74.08004, 30.53157], [74.07234, 30.52287], [74.06349, 30.51912], [74.05737, 30.51864], [74.05172, 30.52727], [74.0501, 30.53717], [74.0473, 30.53989], [74.03928, 30.54256], [74.03806, 30.53167], [74.03111, 30.52687], [74.0238, 30.52605], [74.01192, 30.53363], [74.01101, 30.52105], [74.01989, 30.51414], [73.9928, 30.51421], [73.98191, 30.50385], [73.976, 30.49404], [73.96373, 30.48482], [73.96974, 30.47729], [73.96419, 30.45644], [73.9541, 30.45823], [73.95018, 30.46005], [73.94714, 30.46478], [73.94206, 30.46597], [73.9418, 30.46707], [73.94605, 30.46883], [73.94777, 30.4838], [73.93464, 30.49022], [73.93098, 30.47554], [73.93187, 30.46732], [73.92801, 30.46587], [73.93762, 30.45217], [73.93729, 30.44526], [73.92654, 30.43894], [73.938, 30.43621], [73.94957, 30.43673], [73.96013, 30.44063], [73.96818, 30.43989], [73.97227, 30.4442], [73.97372, 30.44395], [73.96648, 30.43289], [73.9646, 30.42458], [73.94952, 30.41767], [73.93637, 30.40191], [73.92195, 30.398], [73.91371, 30.38245], [73.90075, 30.373], [73.89216, 30.36918], [73.8894, 30.36985], [73.88315, 30.36528], [73.88063, 30.35962], [73.90261, 30.34914], [73.91499, 30.33453], [73.93094, 30.32014], [73.94027, 30.3], [73.95704, 30.27486], [73.96224, 30.26375], [73.97259, 30.19828], [73.94608, 30.17762], [73.94677, 30.17656], [73.9686, 30.18697], [73.97702, 30.19623], [73.97879, 30.18546], [73.97403, 30.17299], [73.97139, 30.14437], [73.97174, 30.13536], [73.97535, 30.12306], [73.96847, 30.12069], [73.95458, 30.10538], [73.9534, 30.10024], [73.92859, 30.06933], [73.90872, 30.05487], [73.90511, 30.04807], [73.89574, 30.01866], [73.89208, 30.01246], [73.89132, 29.99749], [73.89865, 29.98295], [73.90133, 29.97122], [73.94308, 29.9715], [74.01402, 29.96864], [74.02623, 29.97062], [74.07951, 29.96953], [74.19639, 29.9607], [74.23426, 29.95993], [74.26239, 29.95541], [74.3005, 29.9563], [74.35279, 29.95185], [74.41435, 29.94708], [74.4387, 29.94923], [74.45262, 29.94674], [74.4275, 29.99687], [74.46556, 30.00274], [74.46014, 30.00953], [74.45597, 30.02116], [74.45131, 30.02707], [74.42772, 30.02288], [74.41843, 30.02312], [74.40943, 30.02623], [74.41168, 30.03716], [74.404, 30.04307], [74.39124, 30.05933], [74.3894, 30.06353], [74.38941, 30.0725], [74.36802, 30.08481], [74.37237, 30.09566], [74.37444, 30.1073], [74.37845, 30.10875], [74.38492, 30.10986], [74.39601, 30.10535], [74.4106, 30.09308], [74.41612, 30.09513], [74.40655, 30.10413], [74.40181, 30.11267], [74.39702, 30.11519], [74.38294, 30.12761], [74.38213, 30.13234], [74.37603, 30.14454], [74.37542, 30.15038], [74.35675, 30.15311], [74.34765, 30.1559], [74.33784, 30.16135], [74.34717, 30.18279], [74.34828, 30.18958], [74.34636, 30.19651], [74.35253, 30.21213], [74.35808, 30.2394], [74.32233, 30.24191], [74.30467, 30.23778], [74.29521, 30.23295], [74.28803, 30.23123], [74.26227, 30.24628], [74.26976, 30.25824], [74.284, 30.27276], [74.29946, 30.26317], [74.29944, 30.27481], [74.30182, 30.27894], [74.30669, 30.29976], [74.3054, 30.30547], [74.32256, 30.32863], [74.32268, 30.34434], [74.32002, 30.3541], [74.31296, 30.35765], [74.31001, 30.3685], [74.31797, 30.38724], [74.35599, 30.38067], [74.35946, 30.39045], [74.35861, 30.39747], [74.35534, 30.4019], [74.29228, 30.41306], [74.27676, 30.41951], [74.26317, 30.41982], [74.25288, 30.42349], [74.27097, 30.42727], [74.27661, 30.42989], [74.28057, 30.42963], [74.31038, 30.44476], [74.32976, 30.44586], [74.3382, 30.45088], [74.34726, 30.46523], [74.34921, 30.47465], [74.34787, 30.48277], [74.36038, 30.48018], [74.37688, 30.48335], [74.38201, 30.49808], [74.37464, 30.51431], [74.38982, 30.52714], [74.39998, 30.5273], [74.4047, 30.5569], [74.39224, 30.56143], [74.38398, 30.55839], [74.38812, 30.56776], [74.3875, 30.57761], [74.38046, 30.59087], [74.38343, 30.59345], [74.3921, 30.5934], [74.40574, 30.59635], [74.43581, 30.5996], [74.43594, 30.60825], [74.43324, 30.61825], [74.45285, 30.63041], [74.45925, 30.62884], [74.46283, 30.62379], [74.46427, 30.6267], [74.47182, 30.63155], [74.49393, 30.63841], [74.48268, 30.64663], [74.47984, 30.65584], [74.48193, 30.65946], [74.48953, 30.6657], [74.50062, 30.66537], [74.50315, 30.66719], [74.49764, 30.66989], [74.48381, 30.67327], [74.47943, 30.67997], [74.47536, 30.69731], [74.47105, 30.74272], [74.47614, 30.74918]]]}}, {"type": "Feature", "properties": {"shapeName": "Barnala", "shapeISO": "", "shapeID": "76128533B39051871473194", "shapeGroup": "IND", "shapeType": "ADM2", "district": "Barnala"}, "geometry": {"type": "Polygon", "coordinates": [[[75.67966, 30.59486], [75.67289, 30.59047], [75.66088, 30.58854], [75.64079, 30.59037], [75.62625, 30.59532], [75.61139, 30.5884], [75.60799, 30.58904], [75.59994, 30.5847], [75.59132, 30.57789], [75.58296, 30.56565], [75.57579, 30.56325], [75.56373, 30.56639], [75.55809, 30.57296], [75.54914, 30.57672], [75.54469, 30.57389], [75.54008, 30.56314], [75.53799, 30.56205], [75.53425, 30.56297], [75.53136, 30.56787], [75.52783, 30.58251], [75.52062, 30.582], [75.51649, 30.57757], [75.50959, 30.57526], [75.50847, 30.56787], [75.50717, 30.56581], [75.50433, 30.56691], [75.49776, 30.57029], [75.48837, 30.57814], [75.49562, 30.58946], [75.4954, 30.59814], [75.47092, 30.60324], [75.46861, 30.60502], [75.46299, 30.59896], [75.45683, 30.60067], [75.44851, 30.5923], [75.44242, 30.59377], [75.43958, 30.59123], [75.43217, 30.58878], [75.43179, 30.58459], [75.42849, 30.58325], [75.42021, 30.5846], [75.40891, 30.58216], [75.40854, 30.56844], [75.41097, 30.55986], [75.42089, 30.55426], [75.42236, 30.55069], [75.4161, 30.54071], [75.40568, 30.53147], [75.36513, 30.51423], [75.34958, 30.51462], [75.34065, 30.51602], [75.33513, 30.52309], [75.32967, 30.53504], [75.31563, 30.53435], [75.3113, 30.52748], [75.30667, 30.52544], [75.29594, 30.51619], [75.2951, 30.50933], [75.29371, 30.50946], [75.28319, 30.49828], [75.28235, 30.49252], [75.27486, 30.48218], [75.26262, 30.47056], [75.25868, 30.46478], [75.25936, 30.46024], [75.27073, 30.44802], [75.2706, 30.44612], [75.26697, 30.44409], [75.2682, 30.43617], [75.2812, 30.43967], [75.28783, 30.43624], [75.29512, 30.42821], [75.30228, 30.42347], [75.30663, 30.4114], [75.30383, 30.40177], [75.3089, 30.38924], [75.31053, 30.37866], [75.32408, 30.37624], [75.32935, 30.37977], [75.33675, 30.37756], [75.32597, 30.34959], [75.32842, 30.34707], [75.34574, 30.34317], [75.34786, 30.34065], [75.34485, 30.33337], [75.34209, 30.33239], [75.3327, 30.33442], [75.32281, 30.3326], [75.32176, 30.33133], [75.32098, 30.32804], [75.32532, 30.3135], [75.32232, 30.30382], [75.32378, 30.30261], [75.33234, 30.30639], [75.3476, 30.30358], [75.34969, 30.29419], [75.34555, 30.28917], [75.35098, 30.28401], [75.35429, 30.28673], [75.35855, 30.28709], [75.3653, 30.28332], [75.36522, 30.26864], [75.3746, 30.26367], [75.37303, 30.26055], [75.3698, 30.25892], [75.37149, 30.24679], [75.36767, 30.24568], [75.36623, 30.24297], [75.36729, 30.24021], [75.37311, 30.2373], [75.3766, 30.2372], [75.37918, 30.23444], [75.37868, 30.22488], [75.37351, 30.21583], [75.37392, 30.21266], [75.37235, 30.21053], [75.36497, 30.20912], [75.3632, 30.20698], [75.36347, 30.20375], [75.36677, 30.20221], [75.37098, 30.20494], [75.37324, 30.20028], [75.37312, 30.19845], [75.37555, 30.19828], [75.39134, 30.20979], [75.39628, 30.20848], [75.39834, 30.20446], [75.3967, 30.20065], [75.4035, 30.19578], [75.41862, 30.18778], [75.42851, 30.18654], [75.44906, 30.19369], [75.4652, 30.19621], [75.47913, 30.18641], [75.48289, 30.18199], [75.49169, 30.16935], [75.49388, 30.16009], [75.49613, 30.15682], [75.50141, 30.14981], [75.50848, 30.14528], [75.52857, 30.13957], [75.53944, 30.14761], [75.54761, 30.13876], [75.55098, 30.13727], [75.55414, 30.13786], [75.55815, 30.14247], [75.5671, 30.14778], [75.57706, 30.14422], [75.57951, 30.14797], [75.57633, 30.15321], [75.57623, 30.15666], [75.56488, 30.16885], [75.5615, 30.17556], [75.55806, 30.1772], [75.55899, 30.18495], [75.56056, 30.18641], [75.55735, 30.19324], [75.56044, 30.19816], [75.56051, 30.20156], [75.57156, 30.2035], [75.57301, 30.20638], [75.58661, 30.2163], [75.58568, 30.21982], [75.5824, 30.22187], [75.58303, 30.22555], [75.58598, 30.22708], [75.59189, 30.22492], [75.59441, 30.2222], [75.61219, 30.21725], [75.61795, 30.2171], [75.62281, 30.22219], [75.63458, 30.22882], [75.64339, 30.23093], [75.65044, 30.23724], [75.66907, 30.23565], [75.67682, 30.23637], [75.67959, 30.23803], [75.6833, 30.23717], [75.69083, 30.23187], [75.69302, 30.23243], [75.69019, 30.23871], [75.69402, 30.23924], [75.695, 30.24251], [75.69843, 30.24111], [75.70173, 30.24828], [75.7008, 30.25018], [75.70468, 30.25235], [75.70822, 30.25248], [75.71806, 30.25794], [75.72198, 30.26406], [75.72168, 30.26913], [75.72541, 30.27349], [75.72929, 30.27257], [75.73186, 30.27359], [75.728, 30.27743], [75.7193, 30.28198], [75.70817, 30.28388], [75.69677, 30.28269], [75.69336, 30.28451], [75.68132, 30.28585], [75.6709, 30.29039], [75.66539, 30.29562], [75.65806, 30.30811], [75.65724, 30.31196], [75.6588, 30.31699], [75.65425, 30.32833], [75.65147, 30.33108], [75.65385, 30.3339], [75.66013, 30.33687], [75.66236, 30.33704], [75.66828, 30.33303], [75.6752, 30.34027], [75.68183, 30.34389], [75.68322, 30.34589], [75.68231, 30.3478], [75.6854, 30.35002], [75.68456, 30.3537], [75.67871, 30.35493], [75.67701, 30.36552], [75.67913, 30.37912], [75.67709, 30.38241], [75.67046, 30.38507], [75.66795, 30.38827], [75.66705, 30.39838], [75.66842, 30.40173], [75.6627, 30.40269], [75.66, 30.40552], [75.66579, 30.40654], [75.67117, 30.40294], [75.67207, 30.40443], [75.66621, 30.40953], [75.67143, 30.42018], [75.66574, 30.42685], [75.65695, 30.42839], [75.64901, 30.44121], [75.65575, 30.44744], [75.65857, 30.44475], [75.66611, 30.44654], [75.67131, 30.45043], [75.675, 30.45823], [75.67566, 30.46777], [75.67806, 30.47388], [75.67147, 30.47514], [75.66468, 30.47453], [75.6618, 30.47683], [75.65817, 30.47693], [75.6578, 30.47911], [75.66266, 30.4925], [75.6615, 30.49516], [75.66978, 30.49571], [75.67318, 30.4977], [75.67307, 30.49981], [75.68135, 30.50693], [75.68155, 30.51164], [75.67868, 30.51723], [75.68147, 30.52136], [75.67536, 30.52109], [75.6674, 30.52381], [75.66444, 30.52868], [75.65938, 30.53193], [75.65336, 30.54126], [75.65382, 30.54368], [75.66163, 30.55099], [75.66572, 30.55128], [75.66659, 30.55326], [75.6654, 30.55714], [75.66225, 30.56001], [75.66241, 30.56402], [75.66839, 30.56665], [75.67727, 30.57985], [75.67631, 30.58191], [75.67829, 30.58536], [75.68428, 30.58899], [75.68292, 30.59289], [75.67966, 30.59486]]]}}, {"type": "Feature", "properties": {"shapeName": "Sahibzada Ajit Singh Nagar", "shapeISO": "", "shapeID": "76128533B12197302963241", "shapeGroup": "IND", "shapeType": "ADM2", "district": "Sahibzada Ajit Singh Nagar"}, "geometry": {"type": "Polygon", "coordinates": [[[76.73952, 30.9402], [76.73519, 30.93514], [76.71724, 30.92727], [76.70306, 30.93093], [76.69042, 30.92135], [76.68994, 30.91896], [76.68561, 30.91559], [76.6807, 30.91374], [76.66374, 30.91386], [76.65788, 30.90943], [76.64834, 30.90628], [76.64477, 30.90316], [76.63799, 30.90336], [76.63094, 30.90136], [76.62723, 30.89662], [76.61239, 30.89048], [76.60834, 30.8869], [76.61028, 30.88208], [76.60221, 30.87943], [76.59878, 30.87547], [76.59781, 30.86516], [76.60159, 30.8581], [76.59172, 30.84951], [76.58705, 30.85854], [76.5876, 30.86359], [76.58315, 30.86855], [76.57845, 30.86878], [76.57868, 30.86645], [76.57361, 30.86494], [76.57533, 30.85864], [76.58073, 30.85825], [76.58288, 30.85343], [76.58224, 30.85106], [76.57824, 30.84723], [76.57166, 30.84585], [76.56464, 30.84087], [76.55396, 30.8366], [76.55584, 30.82963], [76.55937, 30.82976], [76.56208, 30.82754], [76.56516, 30.81817], [76.55825, 30.81464], [76.5624, 30.8124], [76.56394, 30.80777], [76.56191, 30.80506], [76.56323, 30.7997], [76.55876, 30.7982], [76.55797, 30.79501], [76.56071, 30.78752], [76.55585, 30.78258], [76.54958, 30.7829], [76.54119, 30.77923], [76.53548, 30.77161], [76.53507, 30.76761], [76.52568, 30.75934], [76.52536, 30.75317], [76.53125, 30.74451], [76.53248, 30.73915], [76.52417, 30.73362], [76.52281, 30.72933], [76.53034, 30.72315], [76.52949, 30.71481], [76.53072, 30.71324], [76.53783, 30.70877], [76.53685, 30.70568], [76.55082, 30.70002], [76.55403, 30.69136], [76.56238, 30.69014], [76.56497, 30.68807], [76.57435, 30.67038], [76.57726, 30.6678], [76.58032, 30.66648], [76.58996, 30.66613], [76.59885, 30.66127], [76.60064, 30.65499], [76.61251, 30.64519], [76.62355, 30.64152], [76.627, 30.64351], [76.63151, 30.63636], [76.63045, 30.62588], [76.63411, 30.62004], [76.63584, 30.62022], [76.6407, 30.62508], [76.64568, 30.62688], [76.65127, 30.62568], [76.6593, 30.61149], [76.66519, 30.61074], [76.66483, 30.5995], [76.66857, 30.59405], [76.66227, 30.58616], [76.66397, 30.58284], [76.66863, 30.58338], [76.68882, 30.59281], [76.68923, 30.58926], [76.68501, 30.57738], [76.69262, 30.56885], [76.69889, 30.56954], [76.7065, 30.57548], [76.70427, 30.58654], [76.71247, 30.58596], [76.71913, 30.58865], [76.72231, 30.58483], [76.7221, 30.58022], [76.7326, 30.57082], [76.73891, 30.57547], [76.74509, 30.58601], [76.7492, 30.58987], [76.75704, 30.58641], [76.76494, 30.58717], [76.77314, 30.59112], [76.76086, 30.59621], [76.75969, 30.59783], [76.76323, 30.60418], [76.77112, 30.60722], [76.77456, 30.61105], [76.78481, 30.61152], [76.79082, 30.59938], [76.78234, 30.59514], [76.77645, 30.58803], [76.77856, 30.58069], [76.77763, 30.57454], [76.77165, 30.56536], [76.76764, 30.56211], [76.76847, 30.55747], [76.75555, 30.55556], [76.75124, 30.55119], [76.75404, 30.53755], [76.75791, 30.53789], [76.76346, 30.53422], [76.76964, 30.53395], [76.76909, 30.53061], [76.76655, 30.52849], [76.77271, 30.52303], [76.77745, 30.52355], [76.78212, 30.51938], [76.77733, 30.51279], [76.77059, 30.51626], [76.76918, 30.51153], [76.7762, 30.50521], [76.78927, 30.49994], [76.78629, 30.49548], [76.78143, 30.49356], [76.77509, 30.49319], [76.7726, 30.49017], [76.77398, 30.48208], [76.77093, 30.47657], [76.75546, 30.4712], [76.75286, 30.46703], [76.75452, 30.4603], [76.75666, 30.45687], [76.75877, 30.45635], [76.75426, 30.44984], [76.74394, 30.44682], [76.74499, 30.43746], [76.74361, 30.42666], [76.73986, 30.41897], [76.74054, 30.41691], [76.75122, 30.42065], [76.76224, 30.4224], [76.77126, 30.43464], [76.77673, 30.43549], [76.78013, 30.43171], [76.7777, 30.42076], [76.78417, 30.41403], [76.79403, 30.41074], [76.81066, 30.41082], [76.82184, 30.40754], [76.83654, 30.41823], [76.84134, 30.42602], [76.84588, 30.42954], [76.85429, 30.4155], [76.86068, 30.41054], [76.87815, 30.4044], [76.88095, 30.39712], [76.87961, 30.39043], [76.88779, 30.38687], [76.8936, 30.3818], [76.8938, 30.37857], [76.88906, 30.36501], [76.88976, 30.35891], [76.89355, 30.35526], [76.90055, 30.35394], [76.9111, 30.35815], [76.91684, 30.36305], [76.93011, 30.37799], [76.9407, 30.38416], [76.94484, 30.3926], [76.93922, 30.39713], [76.92268, 30.39882], [76.9186, 30.40025], [76.91728, 30.40227], [76.91868, 30.40876], [76.91717, 30.42046], [76.91515, 30.42392], [76.9034, 30.43229], [76.90232, 30.43671], [76.90421, 30.44667], [76.9087, 30.45118], [76.91069, 30.45965], [76.91157, 30.46339], [76.91019, 30.47099], [76.9034, 30.47495], [76.90247, 30.48023], [76.90743, 30.48528], [76.91471, 30.48448], [76.92595, 30.48928], [76.93189, 30.50284], [76.93371, 30.52032], [76.90142, 30.53382], [76.89869, 30.5361], [76.91591, 30.54671], [76.91963, 30.55405], [76.91755, 30.55739], [76.91259, 30.55971], [76.91259, 30.5624], [76.91762, 30.57085], [76.91826, 30.57624], [76.91232, 30.58411], [76.92097, 30.5871], [76.92721, 30.59538], [76.92439, 30.60152], [76.91536, 30.6041], [76.91341, 30.61575], [76.90834, 30.61905], [76.89741, 30.62283], [76.89092, 30.63278], [76.88237, 30.63721], [76.87135, 30.63648], [76.87441, 30.66573], [76.86985, 30.66474], [76.86943, 30.66182], [76.86588, 30.65958], [76.86358, 30.66126], [76.86682, 30.66639], [76.86449, 30.66795], [76.86053, 30.66181], [76.85539, 30.65922], [76.85394, 30.65659], [76.85152, 30.65862], [76.85012, 30.65746], [76.84658, 30.65792], [76.84583, 30.65868], [76.84959, 30.66152], [76.84748, 30.66426], [76.85097, 30.66538], [76.85083, 30.66707], [76.84941, 30.66827], [76.84473, 30.66422], [76.83945, 30.66289], [76.83766, 30.66567], [76.83352, 30.66472], [76.83021, 30.67645], [76.8316, 30.67912], [76.82945, 30.68234], [76.82501, 30.6809], [76.82163, 30.67872], [76.8215, 30.67561], [76.81941, 30.67475], [76.81874, 30.67218], [76.81626, 30.67166], [76.81661, 30.66811], [76.81259, 30.67102], [76.80794, 30.66753], [76.80626, 30.66416], [76.80821, 30.66421], [76.81321, 30.66044], [76.81378, 30.65846], [76.81213, 30.65684], [76.81051, 30.65649], [76.80678, 30.65984], [76.79457, 30.65887], [76.7938, 30.66534], [76.78884, 30.66125], [76.78757, 30.66262], [76.78504, 30.66215], [76.78353, 30.66852], [76.77443, 30.66819], [76.77446, 30.66974], [76.77759, 30.67045], [76.7793, 30.67261], [76.77402, 30.67463], [76.77481, 30.67793], [76.7652, 30.68161], [76.76581, 30.68294], [76.77373, 30.68079], [76.77454, 30.68212], [76.76963, 30.68809], [76.76848, 30.68582], [76.76755, 30.68741], [76.76471, 30.68452], [76.76147, 30.68608], [76.75437, 30.68144], [76.74447, 30.69341], [76.73951, 30.69277], [76.73859, 30.70054], [76.74006, 30.70528], [76.7384, 30.70735], [76.73424, 30.7054], [76.72979, 30.70754], [76.72908, 30.71175], [76.7331, 30.71528], [76.73122, 30.71725], [76.73086, 30.72366], [76.72925, 30.72385], [76.72718, 30.72852], [76.72534, 30.72747], [76.72285, 30.72934], [76.71807, 30.74086], [76.71611, 30.73963], [76.71359, 30.74243], [76.70844, 30.74087], [76.70614, 30.74753], [76.70709, 30.754], [76.70535, 30.75582], [76.71117, 30.76141], [76.71921, 30.76314], [76.72048, 30.76553], [76.72816, 30.76204], [76.7301, 30.76464], [76.74323, 30.76914], [76.74526, 30.77332], [76.74481, 30.77907], [76.75202, 30.78041], [76.75146, 30.78456], [76.75564, 30.78662], [76.76914, 30.77633], [76.77044, 30.77759], [76.77158, 30.79625], [76.77538, 30.79169], [76.78087, 30.78869], [76.78546, 30.78214], [76.78032, 30.77488], [76.78245, 30.77044], [76.79011, 30.77064], [76.79139, 30.76889], [76.80113, 30.7722], [76.80144, 30.77491], [76.80479, 30.77682], [76.81361, 30.77668], [76.81332, 30.7741], [76.81585, 30.77034], [76.80462, 30.76521], [76.81499, 30.75302], [76.8253, 30.76408], [76.82963, 30.76194], [76.8422, 30.7597], [76.86088, 30.78843], [76.85544, 30.795], [76.8476, 30.80051], [76.84622, 30.82137], [76.8419, 30.82853], [76.8329, 30.83312], [76.81536, 30.83852], [76.79903, 30.85739], [76.78323, 30.8726], [76.77676, 30.8895], [76.78411, 30.90249], [76.77808, 30.9068], [76.7681, 30.91394], [76.76838, 30.91908], [76.76295, 30.91994], [76.76289, 30.9253], [76.75266, 30.92621], [76.7403, 30.9355], [76.73952, 30.9402]]]}}, {"type": "Feature", "properties": {"shapeName": "Shahid Bhagat Singh Nagar", "shapeISO": "", "shapeID": "76128533B14984770113274", "shapeGroup": "IND", "shapeType": "ADM2", "district": "Shahid Bhagat Singh Nagar"}, "geometry": {"type": "Polygon", "coordinates": [[[75.7888, 31.19834], [75.80825, 31.19248], [75.81251, 31.18894], [75.82858, 31.18505], [75.84272, 31.1845], [75.85387, 31.18141], [75.85418, 31.1753], [75.86789, 31.1688], [75.87176, 31.16433], [75.88308, 31.16535], [75.87651, 31.16189], [75.88505, 31.15133], [75.89423, 31.15586], [75.89952, 31.14713], [75.90131, 31.13184], [75.91319, 31.11004], [75.91319, 31.09762], [75.9285, 31.09335], [75.93202, 31.06768], [75.94331, 31.05345], [75.95418, 31.01147], [75.95801, 31.01885], [75.98353, 31.01109], [75.9923, 31.00987], [75.99366, 31.00446], [75.99167, 30.99997], [76.00085, 30.98868], [76.00801, 30.99551], [76.01649, 30.99448], [76.04884, 30.99545], [76.05717, 30.997], [76.08783, 30.99336], [76.10354, 30.98683], [76.13559, 30.9861], [76.15061, 30.99038], [76.16665, 30.99295], [76.17641, 30.99652], [76.18112, 30.99339], [76.18636, 30.99242], [76.18832, 30.99611], [76.18459, 31.00029], [76.208, 31.00573], [76.21445, 31.00618], [76.21909, 30.99865], [76.2207, 30.99854], [76.22081, 31.00351], [76.21819, 31.00716], [76.22376, 31.00753], [76.23275, 31.0041], [76.23287, 31.00904], [76.23589, 31.01166], [76.25677, 31.0163], [76.26507, 31.02163], [76.27066, 31.02187], [76.27818, 31.01658], [76.27922, 31.0114], [76.2844, 31.00803], [76.30104, 31.00368], [76.30895, 31.00357], [76.31354, 31.0017], [76.31732, 30.99555], [76.3281, 30.99296], [76.32935, 30.97975], [76.34595, 30.97774], [76.36323, 30.97037], [76.38638, 30.97599], [76.44958, 30.97226], [76.47556, 30.97831], [76.49299, 30.97667], [76.51262, 30.97956], [76.51511, 30.98171], [76.52077, 30.9948], [76.49105, 31.01676], [76.46699, 31.03985], [76.464, 31.04793], [76.45527, 31.05622], [76.43728, 31.08011], [76.42967, 31.09693], [76.43031, 31.11484], [76.42746, 31.12423], [76.40208, 31.13868], [76.38785, 31.14866], [76.37659, 31.17263], [76.35787, 31.20544], [76.34302, 31.21552], [76.33951, 31.22546], [76.33217, 31.22467], [76.30951, 31.21175], [76.29274, 31.22177], [76.284, 31.23317], [76.27492, 31.23844], [76.25771, 31.23832], [76.24762, 31.24521], [76.23959, 31.23805], [76.22595, 31.20652], [76.23022, 31.19619], [76.23592, 31.19148], [76.24407, 31.20145], [76.24626, 31.19741], [76.25295, 31.20104], [76.25325, 31.19759], [76.24303, 31.18949], [76.24215, 31.19073], [76.23837, 31.18947], [76.23786, 31.18567], [76.23226, 31.1854], [76.22139, 31.20009], [76.19844, 31.18757], [76.19866, 31.18402], [76.20858, 31.16553], [76.20075, 31.15458], [76.20833, 31.14636], [76.20946, 31.14091], [76.20765, 31.13749], [76.19403, 31.12998], [76.19558, 31.13285], [76.17392, 31.13538], [76.17102, 31.14027], [76.15845, 31.14397], [76.15904, 31.15047], [76.1563, 31.15369], [76.14961, 31.15372], [76.14262, 31.14831], [76.13974, 31.15146], [76.13423, 31.1675], [76.12068, 31.16753], [76.10393, 31.17802], [76.09599, 31.19623], [76.08946, 31.19891], [76.09225, 31.20623], [76.09016, 31.22426], [76.08346, 31.22573], [76.07841, 31.22858], [76.0665, 31.22523], [76.06754, 31.21806], [76.06245, 31.21603], [76.05434, 31.21642], [76.05059, 31.21416], [76.04718, 31.21727], [76.05158, 31.22274], [76.05467, 31.22426], [76.05424, 31.22712], [76.04895, 31.23203], [76.03188, 31.24065], [76.02934, 31.24616], [76.02978, 31.25355], [76.02651, 31.25868], [76.02199, 31.25644], [76.01057, 31.24414], [76.00468, 31.24422], [75.99496, 31.25548], [75.9959, 31.25947], [75.97299, 31.25359], [75.96988, 31.25701], [75.96339, 31.25541], [75.95496, 31.25566], [75.95488, 31.26385], [75.94996, 31.26563], [75.94575, 31.27278], [75.93967, 31.27357], [75.93206, 31.26866], [75.92837, 31.27119], [75.92623, 31.27504], [75.92086, 31.27819], [75.91381, 31.27783], [75.90225, 31.28067], [75.89248, 31.27591], [75.89893, 31.26614], [75.90837, 31.26537], [75.91161, 31.26216], [75.90292, 31.25562], [75.89252, 31.2549], [75.8894, 31.24954], [75.87623, 31.24345], [75.87091, 31.24516], [75.87246, 31.24959], [75.87218, 31.25897], [75.87606, 31.26118], [75.87666, 31.26705], [75.87273, 31.27354], [75.85647, 31.27907], [75.85493, 31.28299], [75.84343, 31.28338], [75.84083, 31.27677], [75.84691, 31.26263], [75.85264, 31.25914], [75.85355, 31.25269], [75.85923, 31.24482], [75.85855, 31.23468], [75.85497, 31.23323], [75.85137, 31.2346], [75.84494, 31.23141], [75.82993, 31.22721], [75.82462, 31.22252], [75.81298, 31.22178], [75.80588, 31.21887], [75.79831, 31.21419], [75.7954, 31.20996], [75.78585, 31.20434], [75.7888, 31.19834]]]}}, {"type": "Feature", "properties": {"shapeName": "Jhunjhunun", "shapeISO": "", "shapeID": "76128533B86135761305702", "shapeGroup": "IND", "shapeType": "ADM2", "district": "Jhunjhunun"}, "geometry": {"type": "Polygon", "coordinates": [[[75.67301, 28.5166], [75.66904, 28.50874], [75.66552, 28.50749], [75.64248, 28.50615], [75.64004, 28.50952], [75.61691, 28.50541], [75.61488, 28.50213], [75.61406, 28.48257], [75.60453, 28.45078], [75.60566, 28.44597], [75.59586, 28.44559], [75.59151, 28.44401], [75.59331, 28.43417], [75.59833, 28.42903], [75.60672, 28.42444], [75.61089, 28.41943], [75.61623, 28.40619], [75.60273, 28.40493], [75.59796, 28.40705], [75.58947, 28.40787], [75.57464, 28.40812], [75.57261, 28.40705], [75.57092, 28.39838], [75.57264, 28.37772], [75.56106, 28.37839], [75.5462, 28.3754], [75.54571, 28.37945], [75.54365, 28.38138], [75.53652, 28.38057], [75.53281, 28.37829], [75.53173, 28.37298], [75.51966, 28.36955], [75.51671, 28.36495], [75.5096, 28.33996], [75.50271, 28.33683], [75.49496, 28.3399], [75.4874, 28.34083], [75.47911, 28.34095], [75.4629, 28.33802], [75.45491, 28.34554], [75.4492, 28.36311], [75.43891, 28.36435], [75.41945, 28.3608], [75.42044, 28.34147], [75.40778, 28.33688], [75.38401, 28.33781], [75.3737, 28.34522], [75.36625, 28.34712], [75.36058, 28.35121], [75.35911, 28.35418], [75.35406, 28.35525], [75.34252, 28.36534], [75.33597, 28.36692], [75.33222, 28.37704], [75.33134, 28.39561], [75.32694, 28.39714], [75.32321, 28.4025], [75.3185, 28.4053], [75.3167, 28.41035], [75.30431, 28.41957], [75.30482, 28.42326], [75.30292, 28.42559], [75.29948, 28.42672], [75.29319, 28.42554], [75.2804, 28.44952], [75.26602, 28.4503], [75.26155, 28.45281], [75.25484, 28.45969], [75.24244, 28.45543], [75.23562, 28.45535], [75.23637, 28.43543], [75.22474, 28.42827], [75.22103, 28.42038], [75.22227, 28.40753], [75.23085, 28.39949], [75.22707, 28.39506], [75.21941, 28.39036], [75.19346, 28.38039], [75.18517, 28.38413], [75.18044, 28.38398], [75.17, 28.37884], [75.16812, 28.37908], [75.16481, 28.39697], [75.1618, 28.40596], [75.15933, 28.40753], [75.14514, 28.40691], [75.13249, 28.4016], [75.13053, 28.39409], [75.15829, 28.35835], [75.16573, 28.34468], [75.16552, 28.33796], [75.15288, 28.3303], [75.15792, 28.31203], [75.14708, 28.304], [75.14983, 28.2916], [75.14256, 28.28857], [75.12572, 28.28473], [75.10192, 28.26592], [75.08496, 28.26225], [75.07869, 28.26413], [75.05117, 28.25303], [75.05072, 28.24887], [75.04631, 28.2446], [75.04532, 28.23975], [75.04906, 28.23401], [75.05036, 28.2261], [75.04309, 28.22159], [75.03992, 28.21669], [75.0317, 28.21279], [75.03236, 28.20867], [75.02875, 28.20555], [75.02843, 28.20088], [75.03049, 28.19811], [75.03251, 28.19552], [75.03901, 28.19427], [75.04042, 28.1923], [75.04429, 28.19119], [75.07531, 28.1921], [75.08204, 28.19044], [75.08661, 28.18655], [75.08116, 28.18056], [75.06402, 28.17236], [75.05709, 28.16696], [75.05643, 28.15603], [75.06309, 28.15913], [75.07374, 28.15827], [75.09055, 28.1594], [75.09558, 28.15482], [75.11185, 28.14866], [75.11217, 28.14607], [75.11506, 28.14373], [75.12164, 28.14011], [75.1248, 28.13651], [75.12965, 28.13481], [75.13169, 28.12711], [75.1296, 28.12], [75.11369, 28.11199], [75.11864, 28.08577], [75.11218, 28.0839], [75.10486, 28.07542], [75.10311, 28.06994], [75.10367, 28.06427], [75.11209, 28.04966], [75.11956, 28.0458], [75.12238, 28.03879], [75.12695, 28.03443], [75.13086, 28.02517], [75.13724, 28.02363], [75.14944, 28.0257], [75.16205, 27.99936], [75.16355, 27.98987], [75.15952, 27.98614], [75.16526, 27.97133], [75.17604, 27.95754], [75.18253, 27.95723], [75.19819, 27.96364], [75.1992, 27.95876], [75.19667, 27.9568], [75.19764, 27.93616], [75.19629, 27.9105], [75.20357, 27.90986], [75.20965, 27.89222], [75.2055, 27.88901], [75.21293, 27.88098], [75.23104, 27.87769], [75.24503, 27.84251], [75.24442, 27.83251], [75.24165, 27.82397], [75.24284, 27.81044], [75.26379, 27.81817], [75.27622, 27.81874], [75.28847, 27.81611], [75.29131, 27.81225], [75.29083, 27.80185], [75.29324, 27.79682], [75.29243, 27.77505], [75.29073, 27.77028], [75.2808, 27.76666], [75.26547, 27.76412], [75.27951, 27.74036], [75.29023, 27.716], [75.30818, 27.70982], [75.3235, 27.70698], [75.32632, 27.70369], [75.32881, 27.69537], [75.35078, 27.70024], [75.36058, 27.69278], [75.36837, 27.69144], [75.37528, 27.68224], [75.38113, 27.68102], [75.37659, 27.67528], [75.37853, 27.64311], [75.3886, 27.64841], [75.39462, 27.658], [75.40875, 27.65629], [75.40966, 27.64898], [75.41887, 27.64397], [75.43508, 27.64386], [75.44202, 27.65542], [75.45319, 27.65421], [75.46263, 27.6629], [75.47634, 27.69126], [75.48322, 27.68417], [75.49964, 27.68681], [75.51036, 27.6924], [75.52297, 27.69358], [75.52985, 27.70227], [75.53541, 27.70296], [75.53734, 27.70912], [75.5494, 27.70521], [75.55756, 27.70721], [75.56934, 27.69828], [75.57773, 27.70514], [75.59007, 27.70007], [75.59075, 27.70874], [75.601, 27.70843], [75.62066, 27.70276], [75.6381, 27.71621], [75.6503, 27.7172], [75.66604, 27.71323], [75.65918, 27.69526], [75.66216, 27.68637], [75.66728, 27.6778], [75.67052, 27.67424], [75.68989, 27.67352], [75.69497, 27.6832], [75.69742, 27.70755], [75.7018, 27.71346], [75.70792, 27.7152], [75.70781, 27.72154], [75.71226, 27.72705], [75.7136, 27.73464], [75.72009, 27.74469], [75.71842, 27.74801], [75.71279, 27.75164], [75.71251, 27.75603], [75.72627, 27.77246], [75.74137, 27.80073], [75.75544, 27.81343], [75.7708, 27.83344], [75.79589, 27.84682], [75.80562, 27.85813], [75.81876, 27.86148], [75.82877, 27.86939], [75.84835, 27.87811], [75.86619, 27.8888], [75.89849, 27.91492], [75.90656, 27.90986], [75.9088, 27.91521], [75.9301, 27.92778], [75.93433, 27.92897], [75.93189, 27.93028], [75.9381, 27.93967], [75.94899, 27.94686], [75.95075, 27.94457], [75.9547, 27.94399], [75.9568, 27.94185], [75.95673, 27.93967], [75.95933, 27.9389], [75.95917, 27.93609], [75.96671, 27.93545], [75.96931, 27.93207], [75.97379, 27.93215], [75.98337, 27.95105], [75.97814, 27.95427], [75.98209, 27.96451], [75.98865, 27.96781], [75.99487, 27.97544], [75.99945, 27.97545], [76.00023, 27.97713], [75.99072, 27.9823], [75.98678, 27.97859], [75.96964, 27.98091], [75.96667, 27.98358], [75.96588, 27.99629], [75.96859, 27.99998], [75.97979, 27.99998], [75.99071, 27.99536], [75.99639, 28.00686], [75.99606, 28.00875], [75.97197, 28.01604], [75.97358, 28.0236], [75.9778, 28.03134], [75.98432, 28.03135], [75.98987, 28.03356], [75.99052, 28.03579], [75.99437, 28.03517], [75.99547, 28.03848], [75.99686, 28.03825], [75.99859, 28.03298], [76.01726, 28.03047], [76.01953, 28.04197], [76.01798, 28.05267], [76.00972, 28.05523], [76.00929, 28.05852], [76.0262, 28.0542], [76.03044, 28.0614], [76.03456, 28.0633], [76.03967, 28.06929], [76.04164, 28.07401], [76.03811, 28.07594], [76.03959, 28.07819], [76.02417, 28.08597], [76.01681, 28.07346], [76.01072, 28.06759], [76.00829, 28.05865], [76.00083, 28.05721], [75.99557, 28.05217], [75.99372, 28.0463], [75.98528, 28.04705], [75.97571, 28.05095], [75.98018, 28.05789], [75.98351, 28.05737], [75.98918, 28.06625], [75.98948, 28.06897], [75.9837, 28.07661], [75.98424, 28.08131], [75.97311, 28.08323], [75.96547, 28.08043], [75.95795, 28.08229], [75.95082, 28.08605], [75.93948, 28.0879], [75.94658, 28.10727], [75.96257, 28.11476], [75.96825, 28.11378], [75.97752, 28.12471], [75.98904, 28.125], [75.99991, 28.12316], [76.0052, 28.13194], [76.00145, 28.13316], [76.00364, 28.14237], [76.00538, 28.14422], [76.0049, 28.14768], [76.00834, 28.1531], [76.0177, 28.15004], [76.02697, 28.16405], [76.03088, 28.16404], [76.03264, 28.16781], [76.0431, 28.16543], [76.06106, 28.16686], [76.07148, 28.1651], [76.07046, 28.15574], [76.06622, 28.14148], [76.07385, 28.13757], [76.08525, 28.13688], [76.08872, 28.13994], [76.09378, 28.13998], [76.09404, 28.14133], [76.09583, 28.14136], [76.09673, 28.14862], [76.0947, 28.15265], [76.07701, 28.1685], [76.07718, 28.1733], [76.07485, 28.17354], [76.07523, 28.19008], [76.07298, 28.19013], [76.07277, 28.19428], [76.05235, 28.19624], [76.05181, 28.19802], [76.0482, 28.19809], [76.0483, 28.20274], [76.05327, 28.20397], [76.05658, 28.21256], [76.05676, 28.22006], [76.03867, 28.22265], [76.03812, 28.22561], [76.02741, 28.2326], [76.01724, 28.23685], [76.01741, 28.24114], [76.01407, 28.244], [76.01385, 28.24599], [76.02338, 28.27003], [76.02717, 28.27498], [76.00383, 28.28398], [75.98707, 28.29306], [75.98266, 28.29947], [75.97881, 28.30181], [75.97892, 28.30927], [75.9743, 28.31485], [75.97335, 28.31852], [75.9587, 28.31377], [75.95766, 28.32669], [75.95312, 28.32915], [75.95318, 28.33095], [75.95586, 28.33109], [75.95588, 28.33371], [75.94872, 28.33382], [75.93936, 28.33728], [75.93383, 28.33655], [75.93286, 28.34285], [75.9294, 28.34306], [75.93098, 28.35471], [75.92799, 28.36284], [75.92441, 28.36329], [75.92324, 28.36636], [75.91756, 28.36732], [75.9191, 28.37194], [75.90939, 28.37085], [75.90926, 28.37252], [75.9057, 28.37321], [75.90148, 28.37173], [75.90108, 28.37799], [75.8993, 28.38027], [75.90016, 28.38389], [75.89847, 28.38376], [75.89604, 28.38755], [75.89722, 28.39002], [75.89393, 28.38964], [75.89125, 28.38303], [75.88748, 28.38504], [75.88011, 28.38533], [75.8764, 28.38718], [75.86488, 28.38516], [75.86487, 28.38895], [75.8556, 28.38977], [75.85493, 28.39169], [75.84586, 28.39163], [75.84502, 28.39457], [75.84038, 28.39432], [75.8383, 28.39732], [75.838, 28.40187], [75.83553, 28.40259], [75.83371, 28.4053], [75.82916, 28.4053], [75.82567, 28.40291], [75.82302, 28.40293], [75.82372, 28.40557], [75.82071, 28.40681], [75.81953, 28.40986], [75.81621, 28.40958], [75.81626, 28.40755], [75.81373, 28.4078], [75.81068, 28.40578], [75.80688, 28.4058], [75.8078, 28.40908], [75.80043, 28.4071], [75.80034, 28.40372], [75.79543, 28.39956], [75.78946, 28.40114], [75.78943, 28.40409], [75.7864, 28.40413], [75.78625, 28.40206], [75.77765, 28.40036], [75.77718, 28.40413], [75.7729, 28.40734], [75.7709, 28.41259], [75.76758, 28.41417], [75.77058, 28.42272], [75.77737, 28.42461], [75.78065, 28.42744], [75.78171, 28.43283], [75.78938, 28.43351], [75.79299, 28.44453], [75.78916, 28.4535], [75.78472, 28.45328], [75.78435, 28.45532], [75.78141, 28.45683], [75.76785, 28.46125], [75.73654, 28.46878], [75.73655, 28.47589], [75.73929, 28.4774], [75.74034, 28.4847], [75.73211, 28.48594], [75.72941, 28.49073], [75.72647, 28.48945], [75.71946, 28.49017], [75.70985, 28.49347], [75.70285, 28.49171], [75.70013, 28.49534], [75.6911, 28.49978], [75.68507, 28.51091], [75.67827, 28.5152], [75.67301, 28.5166]]]}}, {"type": "Feature", "properties": {"shapeName": "Sikar", "shapeISO": "", "shapeID": "76128533B20732636837048", "shapeGroup": "IND", "shapeType": "ADM2", "district": "Sikar"}, "geometry": {"type": "Polygon", "coordinates": [[[75.93433, 27.92897], [75.9301, 27.92778], [75.9088, 27.91521], [75.90656, 27.90986], [75.89849, 27.91492], [75.86619, 27.8888], [75.84835, 27.87811], [75.82877, 27.86939], [75.81876, 27.86148], [75.80562, 27.85813], [75.79589, 27.84682], [75.7708, 27.83344], [75.75544, 27.81343], [75.74137, 27.80073], [75.72627, 27.77246], [75.71251, 27.75603], [75.71279, 27.75164], [75.71842, 27.74801], [75.72009, 27.74469], [75.7136, 27.73464], [75.71226, 27.72705], [75.70781, 27.72154], [75.70792, 27.7152], [75.7018, 27.71346], [75.69742, 27.70755], [75.69497, 27.6832], [75.68989, 27.67352], [75.67052, 27.67424], [75.66728, 27.6778], [75.66216, 27.68637], [75.65918, 27.69526], [75.66604, 27.71323], [75.6503, 27.7172], [75.6381, 27.71621], [75.62066, 27.70276], [75.601, 27.70843], [75.59075, 27.70874], [75.59007, 27.70007], [75.57773, 27.70514], [75.56934, 27.69828], [75.55756, 27.70721], [75.5494, 27.70521], [75.53734, 27.70912], [75.53541, 27.70296], [75.52985, 27.70227], [75.52297, 27.69358], [75.51036, 27.6924], [75.49964, 27.68681], [75.48322, 27.68417], [75.47634, 27.69126], [75.46263, 27.6629], [75.45319, 27.65421], [75.44202, 27.65542], [75.43508, 27.64386], [75.41887, 27.64397], [75.40966, 27.64898], [75.40875, 27.65629], [75.39462, 27.658], [75.3886, 27.64841], [75.37853, 27.64311], [75.37659, 27.67528], [75.38113, 27.68102], [75.37528, 27.68224], [75.36837, 27.69144], [75.36058, 27.69278], [75.35078, 27.70024], [75.32881, 27.69537], [75.32632, 27.70369], [75.3235, 27.70698], [75.30818, 27.70982], [75.29023, 27.716], [75.27951, 27.74036], [75.26547, 27.76412], [75.2808, 27.76666], [75.29073, 27.77028], [75.29243, 27.77505], [75.29324, 27.79682], [75.29083, 27.80185], [75.29131, 27.81225], [75.28847, 27.81611], [75.27622, 27.81874], [75.26379, 27.81817], [75.24284, 27.81044], [75.24165, 27.82397], [75.24442, 27.83251], [75.24503, 27.84251], [75.23104, 27.87769], [75.21293, 27.88098], [75.2055, 27.88901], [75.20965, 27.89222], [75.20357, 27.90986], [75.19629, 27.9105], [75.19764, 27.93616], [75.19667, 27.9568], [75.1992, 27.95876], [75.19819, 27.96364], [75.18253, 27.95723], [75.17604, 27.95754], [75.16526, 27.97133], [75.15952, 27.98614], [75.16355, 27.98987], [75.16205, 27.99936], [75.14944, 28.0257], [75.13724, 28.02363], [75.13086, 28.02517], [75.12695, 28.03443], [75.12238, 28.03879], [75.11956, 28.0458], [75.11209, 28.04966], [75.10367, 28.06427], [75.10311, 28.06994], [75.10486, 28.07542], [75.11218, 28.0839], [75.11864, 28.08577], [75.11369, 28.11199], [75.1296, 28.12], [75.13169, 28.12711], [75.12965, 28.13481], [75.1248, 28.13651], [75.12164, 28.14011], [75.11506, 28.14373], [75.11217, 28.14607], [75.11185, 28.14866], [75.09558, 28.15482], [75.09055, 28.1594], [75.07374, 28.15827], [75.06309, 28.15913], [75.05643, 28.15603], [75.05709, 28.16696], [75.06402, 28.17236], [75.08116, 28.18056], [75.08661, 28.18655], [75.08204, 28.19044], [75.07531, 28.1921], [75.04429, 28.19119], [75.04042, 28.1923], [75.03901, 28.19427], [75.03251, 28.19552], [75.03049, 28.19811], [75.01563, 28.19243], [75.01034, 28.19637], [75.00867, 28.20061], [75.00095, 28.20097], [74.99351, 28.19865], [74.96683, 28.19471], [74.94904, 28.18725], [74.94539, 28.18836], [74.93989, 28.19456], [74.93515, 28.19558], [74.9188, 28.19683], [74.90524, 28.19313], [74.89358, 28.19183], [74.88839, 28.18755], [74.88473, 28.17114], [74.86904, 28.14511], [74.86196, 28.14037], [74.85801, 28.14126], [74.85761, 28.13352], [74.83904, 28.12269], [74.83088, 28.11465], [74.81747, 28.11275], [74.80344, 28.11694], [74.79918, 28.11659], [74.79492, 28.11299], [74.79049, 28.10476], [74.78796, 28.08474], [74.78899, 28.07776], [74.80678, 28.06378], [74.80929, 28.05826], [74.80434, 28.04081], [74.80442, 28.03077], [74.79737, 28.028], [74.79538, 28.02294], [74.79367, 28.00611], [74.77619, 27.99439], [74.76229, 27.98767], [74.78217, 27.9556], [74.80257, 27.9443], [74.81244, 27.93997], [74.82204, 27.93798], [74.82532, 27.92857], [74.83185, 27.91962], [74.83005, 27.91047], [74.80186, 27.89633], [74.79416, 27.8962], [74.78505, 27.89896], [74.76599, 27.89532], [74.75205, 27.89022], [74.73929, 27.88914], [74.73594, 27.88177], [74.73814, 27.87787], [74.74442, 27.87555], [74.73053, 27.86712], [74.73059, 27.86243], [74.74166, 27.85516], [74.75138, 27.85755], [74.76818, 27.85406], [74.76945, 27.84636], [74.78098, 27.83201], [74.79777, 27.83689], [74.81159, 27.81501], [74.8183, 27.79968], [74.79766, 27.79148], [74.80063, 27.78489], [74.78861, 27.78211], [74.78849, 27.77787], [74.77657, 27.77104], [74.76206, 27.76495], [74.75489, 27.76709], [74.74231, 27.76445], [74.72913, 27.73381], [74.72963, 27.72276], [74.72834, 27.71761], [74.7379, 27.71993], [74.75351, 27.71685], [74.7497, 27.68942], [74.74566, 27.68519], [74.73201, 27.676], [74.71435, 27.67636], [74.69922, 27.67435], [74.69165, 27.67261], [74.68206, 27.66723], [74.68714, 27.65589], [74.69162, 27.65331], [74.7023, 27.65176], [74.7083, 27.64611], [74.71151, 27.63905], [74.7116, 27.62837], [74.70398, 27.62468], [74.70151, 27.61705], [74.70694, 27.59264], [74.7145, 27.59968], [74.72894, 27.60746], [74.7312, 27.60263], [74.73666, 27.59869], [74.7379, 27.59035], [74.74202, 27.58509], [74.75659, 27.59062], [74.76209, 27.58052], [74.75946, 27.57681], [74.76254, 27.56763], [74.74474, 27.55413], [74.71738, 27.5375], [74.71944, 27.53027], [74.72391, 27.52666], [74.72116, 27.52163], [74.72372, 27.51461], [74.72208, 27.50802], [74.7241, 27.50121], [74.73139, 27.49269], [74.75236, 27.50106], [74.75205, 27.49464], [74.7559, 27.49111], [74.75598, 27.48588], [74.77201, 27.49179], [74.7886, 27.48561], [74.79561, 27.4855], [74.79967, 27.48224], [74.80346, 27.47044], [74.79965, 27.46352], [74.79925, 27.45682], [74.80416, 27.44979], [74.84673, 27.45274], [74.8582, 27.45032], [74.86139, 27.44441], [74.86559, 27.4276], [74.87421, 27.41193], [74.85259, 27.39138], [74.84597, 27.37873], [74.86143, 27.3718], [74.87021, 27.3706], [74.87478, 27.37203], [74.87898, 27.35544], [74.87995, 27.34493], [74.87434, 27.33874], [74.86779, 27.33476], [74.87058, 27.32761], [74.87818, 27.31906], [74.88027, 27.31068], [74.88698, 27.30932], [74.89845, 27.31253], [74.90006, 27.31924], [74.89952, 27.32986], [74.92034, 27.33532], [74.9404, 27.33576], [74.94707, 27.34131], [74.94791, 27.34633], [74.96116, 27.34792], [75.00099, 27.34869], [75.01044, 27.34686], [75.01968, 27.35057], [75.02942, 27.35196], [75.03888, 27.35696], [75.04857, 27.36826], [75.04585, 27.37235], [75.04803, 27.37731], [75.05847, 27.38148], [75.07468, 27.38532], [75.10549, 27.38251], [75.11912, 27.37654], [75.11743, 27.35779], [75.11967, 27.35536], [75.11619, 27.35072], [75.11691, 27.34444], [75.10787, 27.34279], [75.10931, 27.33832], [75.12681, 27.33896], [75.13811, 27.32466], [75.15426, 27.32301], [75.16884, 27.3163], [75.16707, 27.30454], [75.16482, 27.2997], [75.15126, 27.29137], [75.14576, 27.2823], [75.13822, 27.28385], [75.10902, 27.25119], [75.09061, 27.24389], [75.08305, 27.23643], [75.07286, 27.21939], [75.1103, 27.21981], [75.12627, 27.21106], [75.12122, 27.20609], [75.12471, 27.19589], [75.12234, 27.18809], [75.11911, 27.18399], [75.12715, 27.17834], [75.12975, 27.17349], [75.13545, 27.16947], [75.15605, 27.1671], [75.15868, 27.16382], [75.16238, 27.16344], [75.1652, 27.15999], [75.18012, 27.1605], [75.18121, 27.15446], [75.17274, 27.14832], [75.17317, 27.14366], [75.17947, 27.14092], [75.1976, 27.14051], [75.1991, 27.13316], [75.202, 27.1286], [75.20715, 27.12942], [75.20981, 27.1334], [75.22647, 27.13516], [75.23633, 27.13399], [75.23662, 27.12645], [75.23919, 27.12557], [75.2511, 27.1289], [75.25448, 27.13203], [75.27379, 27.13333], [75.27656, 27.12871], [75.28318, 27.12315], [75.30207, 27.12911], [75.30105, 27.14357], [75.30721, 27.14474], [75.31715, 27.1592], [75.31808, 27.1938], [75.32345, 27.20824], [75.32816, 27.20887], [75.32972, 27.21392], [75.348, 27.21258], [75.35891, 27.22547], [75.37039, 27.22826], [75.36829, 27.22973], [75.3689, 27.23234], [75.37839, 27.23323], [75.38077, 27.24012], [75.38561, 27.24273], [75.39214, 27.24002], [75.39037, 27.25397], [75.3915, 27.26705], [75.39597, 27.28256], [75.38203, 27.2837], [75.38159, 27.2897], [75.39194, 27.2894], [75.40983, 27.29209], [75.43074, 27.28768], [75.43336, 27.2942], [75.43315, 27.30107], [75.45413, 27.29722], [75.45825, 27.28893], [75.47757, 27.28922], [75.4795, 27.29468], [75.48702, 27.29501], [75.48821, 27.29931], [75.49226, 27.30372], [75.50798, 27.31454], [75.51005, 27.32957], [75.52295, 27.33509], [75.53176, 27.34392], [75.57315, 27.3419], [75.57631, 27.33659], [75.57718, 27.32772], [75.57405, 27.31166], [75.57919, 27.30974], [75.58078, 27.30636], [75.59114, 27.30761], [75.59264, 27.30915], [75.60004, 27.30854], [75.61474, 27.31477], [75.62953, 27.34042], [75.64998, 27.33765], [75.66116, 27.33804], [75.66613, 27.34453], [75.66783, 27.35298], [75.66627, 27.36586], [75.6799, 27.37091], [75.69316, 27.37207], [75.72586, 27.36921], [75.7218, 27.38279], [75.73126, 27.38642], [75.73481, 27.39588], [75.74054, 27.40421], [75.7751, 27.40229], [75.77752, 27.39594], [75.7787, 27.38461], [75.79482, 27.38083], [75.80135, 27.38797], [75.81204, 27.405], [75.81701, 27.39818], [75.83135, 27.38962], [75.83884, 27.39632], [75.84677, 27.40056], [75.85647, 27.39803], [75.86042, 27.39172], [75.86743, 27.38816], [75.87873, 27.38926], [75.88452, 27.39857], [75.87988, 27.40744], [75.87155, 27.41651], [75.87241, 27.42367], [75.88584, 27.447], [75.89638, 27.45659], [75.9205, 27.45499], [75.92082, 27.459], [75.92536, 27.46129], [75.92774, 27.46484], [75.93738, 27.46332], [75.9407, 27.46829], [75.94577, 27.47188], [75.95264, 27.46979], [75.9551, 27.47613], [75.96161, 27.4762], [75.96631, 27.47201], [75.97028, 27.47743], [75.9759, 27.47745], [75.98018, 27.47554], [75.98647, 27.4779], [75.98218, 27.48556], [75.9865, 27.49071], [75.97937, 27.50137], [75.97014, 27.5031], [75.93891, 27.49642], [75.94436, 27.51723], [75.94997, 27.53009], [75.9529, 27.54682], [75.95192, 27.55551], [75.9537, 27.56491], [75.94395, 27.56809], [75.94701, 27.57536], [75.95324, 27.58396], [75.96082, 27.59183], [75.9679, 27.5943], [75.96564, 27.60037], [75.96079, 27.59887], [75.95808, 27.59582], [75.95344, 27.5979], [75.9491, 27.59172], [75.94287, 27.59279], [75.94743, 27.60208], [75.94684, 27.61174], [75.94291, 27.62171], [75.95069, 27.62406], [75.96026, 27.62236], [75.96522, 27.62434], [75.95714, 27.63836], [75.95946, 27.64213], [75.97031, 27.64419], [75.98033, 27.65562], [75.99212, 27.70319], [76.00177, 27.71477], [76.01493, 27.72198], [76.02912, 27.7268], [76.03563, 27.73153], [76.03673, 27.74046], [76.04262, 27.75153], [76.0576, 27.77196], [76.06783, 27.77093], [76.07177, 27.77473], [76.07377, 27.7833], [76.08197, 27.8019], [76.09039, 27.8069], [76.0941, 27.81275], [76.09758, 27.82323], [76.09828, 27.83029], [76.09028, 27.84098], [76.08765, 27.84794], [76.08753, 27.84458], [76.08117, 27.84563], [76.07651, 27.84346], [76.06149, 27.84827], [76.04892, 27.83497], [76.04172, 27.84126], [76.04108, 27.83892], [76.0371, 27.83738], [76.03107, 27.84003], [76.02813, 27.83851], [76.0104, 27.8415], [76.00731, 27.83905], [76.00549, 27.83442], [75.98799, 27.84214], [75.97142, 27.85229], [75.97236, 27.8603], [75.97967, 27.8659], [75.97823, 27.87426], [75.98523, 27.88243], [75.97332, 27.89167], [75.97994, 27.89552], [75.98784, 27.90371], [75.96909, 27.9141], [75.94316, 27.91337], [75.93897, 27.91447], [75.93802, 27.91796], [75.93547, 27.9187], [75.93804, 27.92208], [75.94018, 27.92102], [75.9408, 27.92234], [75.93433, 27.92897]]]}}, {"type": "Feature", "properties": {"shapeName": "Hanumangarh", "shapeISO": "", "shapeID": "76128533B92044109913630", "shapeGroup": "IND", "shapeType": "ADM2", "district": "Hanumangarh"}, "geometry": {"type": "Polygon", "coordinates": [[[75.52816, 28.97035], [75.52757, 28.98595], [75.52332, 28.99384], [75.52191, 29.00438], [75.5172, 29.00793], [75.49869, 29.01264], [75.48752, 29.01187], [75.47352, 29.01418], [75.46382, 29.01234], [75.46083, 29.01424], [75.44664, 29.00819], [75.4466, 29.01785], [75.44386, 29.0208], [75.44387, 29.02296], [75.44586, 29.02426], [75.44724, 29.02988], [75.44878, 29.03032], [75.44805, 29.03503], [75.45137, 29.03527], [75.45284, 29.03904], [75.44763, 29.04542], [75.44714, 29.04844], [75.44412, 29.04792], [75.44309, 29.05083], [75.44478, 29.05211], [75.44274, 29.05741], [75.43237, 29.05619], [75.41152, 29.0621], [75.39218, 29.0626], [75.39562, 29.07583], [75.39513, 29.07811], [75.39362, 29.07832], [75.39384, 29.08381], [75.39191, 29.08525], [75.3939, 29.09296], [75.39666, 29.09308], [75.3978, 29.09621], [75.39785, 29.09746], [75.39472, 29.09807], [75.39303, 29.10186], [75.39463, 29.10957], [75.40672, 29.12004], [75.40309, 29.12777], [75.38532, 29.12935], [75.37242, 29.13798], [75.37203, 29.14093], [75.37529, 29.14265], [75.37967, 29.14211], [75.38065, 29.15073], [75.38229, 29.15266], [75.38217, 29.16883], [75.39619, 29.16762], [75.4077, 29.16962], [75.4068, 29.17277], [75.41037, 29.18008], [75.41362, 29.18147], [75.4153, 29.18419], [75.41387, 29.18765], [75.415, 29.18927], [75.41271, 29.19102], [75.41225, 29.1938], [75.41194, 29.20733], [75.40829, 29.21094], [75.4095, 29.21319], [75.40385, 29.21312], [75.39775, 29.21741], [75.39894, 29.22337], [75.40322, 29.22231], [75.40301, 29.22698], [75.40591, 29.22808], [75.40619, 29.23139], [75.40911, 29.23413], [75.40961, 29.24177], [75.41291, 29.24263], [75.41161, 29.25535], [75.40811, 29.25817], [75.40699, 29.25689], [75.40639, 29.26042], [75.39358, 29.26123], [75.38952, 29.26111], [75.3861, 29.2579], [75.37894, 29.25671], [75.37821, 29.25458], [75.37622, 29.25523], [75.36327, 29.24431], [75.36177, 29.23932], [75.36222, 29.22929], [75.3571, 29.223], [75.35422, 29.22273], [75.34796, 29.22513], [75.34291, 29.22947], [75.33055, 29.23253], [75.32905, 29.23519], [75.33481, 29.24103], [75.33524, 29.24403], [75.33677, 29.24414], [75.33621, 29.24671], [75.33966, 29.25185], [75.34051, 29.25661], [75.33922, 29.25756], [75.34055, 29.25965], [75.33938, 29.26334], [75.34084, 29.26333], [75.34096, 29.2651], [75.33944, 29.27096], [75.33958, 29.27333], [75.34124, 29.27334], [75.34153, 29.28101], [75.33684, 29.28623], [75.32297, 29.28936], [75.3171, 29.28165], [75.30672, 29.27448], [75.29835, 29.2717], [75.29053, 29.27349], [75.28709, 29.27165], [75.28448, 29.24967], [75.25664, 29.25169], [75.24613, 29.25013], [75.24338, 29.24529], [75.24301, 29.23629], [75.23933, 29.23012], [75.21617, 29.23237], [75.21108, 29.23453], [75.20895, 29.23747], [75.19946, 29.25321], [75.19668, 29.26326], [75.18851, 29.26809], [75.18405, 29.26643], [75.18234, 29.26361], [75.17719, 29.26314], [75.16945, 29.2587], [75.17534, 29.2512], [75.16378, 29.2439], [75.13879, 29.23861], [75.1253, 29.23968], [75.12056, 29.22275], [75.07628, 29.22966], [75.07383, 29.23771], [75.07515, 29.24315], [75.07417, 29.24771], [75.06222, 29.26392], [75.06138, 29.27596], [75.05097, 29.28602], [75.03461, 29.28759], [75.02086, 29.28615], [75.0089, 29.2764], [74.99969, 29.27102], [74.98423, 29.28045], [74.97197, 29.27895], [74.96214, 29.28046], [74.95678, 29.28603], [74.94939, 29.30134], [74.95631, 29.30897], [74.96187, 29.32013], [74.95904, 29.32806], [74.95551, 29.33259], [74.94087, 29.33989], [74.93926, 29.3619], [74.91778, 29.37116], [74.90129, 29.38463], [74.87865, 29.38341], [74.87296, 29.39432], [74.86781, 29.39757], [74.85157, 29.40346], [74.85064, 29.40139], [74.8458, 29.39955], [74.82137, 29.39707], [74.78855, 29.3613], [74.78289, 29.35778], [74.77102, 29.35678], [74.7632, 29.35425], [74.74022, 29.35401], [74.72052, 29.36987], [74.70909, 29.36663], [74.69198, 29.36579], [74.6808, 29.36913], [74.66, 29.37099], [74.65592, 29.36245], [74.65311, 29.35116], [74.65552, 29.33281], [74.6354, 29.32949], [74.6003, 29.32733], [74.60836, 29.3561], [74.60393, 29.36478], [74.59075, 29.37651], [74.58627, 29.37839], [74.57891, 29.38837], [74.57495, 29.39981], [74.57468, 29.40634], [74.56744, 29.42035], [74.55029, 29.4246], [74.53765, 29.42441], [74.53561, 29.43512], [74.53747, 29.44307], [74.53569, 29.44758], [74.53781, 29.45942], [74.53999, 29.46358], [74.5448, 29.46783], [74.57425, 29.46496], [74.58569, 29.45835], [74.58741, 29.46491], [74.5969, 29.48026], [74.59641, 29.48902], [74.60075, 29.49384], [74.60206, 29.50093], [74.60561, 29.50304], [74.61079, 29.51154], [74.62293, 29.52221], [74.62409, 29.53084], [74.62005, 29.53243], [74.61585, 29.53102], [74.6153, 29.53519], [74.61287, 29.53835], [74.60856, 29.53884], [74.60332, 29.54378], [74.59094, 29.54776], [74.58452, 29.55594], [74.57712, 29.55982], [74.57599, 29.56417], [74.578, 29.57166], [74.57862, 29.59953], [74.58134, 29.61696], [74.58378, 29.62314], [74.58259, 29.627], [74.59032, 29.63165], [74.5924, 29.63938], [74.58757, 29.64718], [74.5865, 29.65431], [74.59418, 29.67661], [74.60223, 29.69023], [74.60119, 29.69889], [74.60574, 29.70521], [74.61084, 29.7216], [74.60917, 29.73174], [74.61055, 29.74306], [74.61671, 29.7519], [74.60398, 29.75793], [74.60215, 29.76495], [74.59604, 29.76716], [74.58796, 29.7667], [74.58195, 29.75239], [74.57902, 29.75129], [74.58032, 29.74886], [74.57853, 29.74768], [74.57509, 29.74924], [74.57756, 29.75355], [74.5687, 29.75518], [74.5503, 29.75533], [74.54374, 29.75163], [74.53502, 29.74023], [74.50774, 29.74215], [74.48542, 29.7454], [74.4782, 29.74489], [74.478, 29.7536], [74.47498, 29.76643], [74.47486, 29.78716], [74.48003, 29.80344], [74.48563, 29.81463], [74.49954, 29.82629], [74.51004, 29.83282], [74.54076, 29.84026], [74.55336, 29.85434], [74.56224, 29.86967], [74.5512, 29.88414], [74.54477, 29.90114], [74.52222, 29.90204], [74.51091, 29.90704], [74.51578, 29.91393], [74.51957, 29.9288], [74.52833, 29.94285], [74.45262, 29.94674], [74.4387, 29.94923], [74.41435, 29.94708], [74.35279, 29.95185], [74.35157, 29.93362], [74.3183, 29.88808], [74.3046, 29.87837], [74.28671, 29.87444], [74.26304, 29.87269], [74.24534, 29.86482], [74.24527, 29.8596], [74.25788, 29.85959], [74.27099, 29.85557], [74.27354, 29.85044], [74.2741, 29.84295], [74.26694, 29.83436], [74.26752, 29.82632], [74.27404, 29.82398], [74.28136, 29.8269], [74.28664, 29.82397], [74.28662, 29.81774], [74.26355, 29.80566], [74.25774, 29.79996], [74.25929, 29.79917], [74.25637, 29.79042], [74.24932, 29.77977], [74.24141, 29.78339], [74.22196, 29.7658], [74.205, 29.75309], [74.18141, 29.74794], [74.16095, 29.73016], [74.14921, 29.71645], [74.14186, 29.69245], [74.13728, 29.68724], [74.1117, 29.69758], [74.09329, 29.70329], [74.06316, 29.70735], [74.05201, 29.70565], [74.04415, 29.69932], [74.05351, 29.68799], [74.06254, 29.68103], [74.06716, 29.66809], [74.06715, 29.65948], [74.0652, 29.65428], [74.02462, 29.65608], [74.00827, 29.64924], [73.94398, 29.63602], [73.91972, 29.62164], [73.9125, 29.61935], [73.89743, 29.61971], [73.88553, 29.62163], [73.86849, 29.62043], [73.86069, 29.61701], [73.8471, 29.60568], [73.8359, 29.60516], [73.83134, 29.59995], [73.82874, 29.5828], [73.81821, 29.57525], [73.77897, 29.57575], [73.76779, 29.5689], [73.76391, 29.55226], [73.76475, 29.52534], [73.77388, 29.519], [73.80067, 29.51967], [73.83215, 29.52949], [73.83475, 29.52144], [73.83221, 29.50933], [73.83217, 29.49338], [73.84731, 29.47562], [73.87875, 29.45005], [73.88006, 29.43855], [73.87673, 29.41276], [73.85057, 29.39562], [73.82848, 29.38927], [73.82053, 29.38072], [73.82054, 29.36174], [73.83756, 29.34579], [73.84684, 29.32974], [73.85145, 29.31717], [73.86976, 29.3108], [73.92201, 29.31206], [73.98603, 29.30576], [73.99954, 29.29902], [74.02644, 29.29452], [74.04026, 29.28869], [74.04465, 29.28125], [74.0572, 29.27322], [74.07729, 29.26577], [74.09097, 29.26628], [74.09958, 29.2721], [74.13294, 29.27662], [74.14591, 29.27434], [74.16937, 29.27373], [74.1858, 29.28001], [74.18969, 29.28629], [74.20864, 29.29266], [74.21845, 29.29291], [74.21166, 29.2795], [74.21743, 29.28215], [74.22363, 29.28256], [74.23473, 29.28049], [74.23273, 29.2696], [74.22299, 29.25641], [74.20922, 29.24674], [74.19488, 29.24045], [74.17073, 29.2359], [74.1518, 29.23824], [74.12761, 29.24341], [74.10864, 29.23997], [74.0995, 29.23651], [74.10281, 29.23077], [74.11643, 29.22796], [74.13402, 29.2165], [74.13668, 29.2044], [74.13538, 29.19885], [74.13269, 29.19651], [74.13411, 29.18768], [74.1422, 29.18345], [74.15324, 29.18011], [74.15338, 29.17794], [74.13599, 29.17634], [74.13999, 29.16334], [74.14894, 29.15532], [74.1549, 29.13518], [74.15357, 29.12147], [74.14692, 29.11398], [74.13191, 29.11123], [74.10977, 29.11124], [74.09936, 29.10379], [74.09808, 29.09347], [74.09992, 29.06364], [74.09666, 29.04875], [74.08687, 29.03949], [74.0765, 29.03388], [74.05946, 29.03215], [74.04195, 29.02067], [74.02848, 29.00797], [74.03014, 29.00709], [74.03578, 29.01094], [74.04356, 29.01221], [74.04226, 29.00486], [74.0431, 28.99861], [74.0482, 28.99931], [74.05258, 28.99773], [74.07225, 28.96919], [74.07397, 28.96388], [74.06766, 28.94341], [74.06803, 28.93807], [74.07045, 28.93628], [74.07502, 28.9367], [74.08081, 28.93247], [74.08686, 28.93241], [74.11322, 28.94015], [74.11502, 28.93738], [74.11172, 28.92422], [74.11588, 28.91114], [74.11397, 28.89929], [74.12266, 28.89638], [74.13013, 28.88108], [74.13132, 28.8752], [74.12555, 28.86197], [74.12372, 28.8511], [74.1214, 28.84703], [74.12713, 28.83896], [74.11482, 28.83306], [74.10472, 28.83454], [74.09445, 28.82569], [74.0803, 28.80742], [74.07558, 28.80386], [74.06651, 28.78849], [74.06226, 28.78533], [74.05941, 28.78097], [74.06034, 28.77736], [74.06521, 28.77743], [74.0888, 28.78723], [74.0977, 28.78293], [74.11956, 28.79357], [74.13702, 28.79553], [74.14815, 28.78549], [74.16062, 28.78141], [74.16192, 28.77714], [74.16744, 28.77917], [74.1704, 28.7826], [74.17235, 28.79358], [74.19001, 28.80643], [74.19664, 28.80885], [74.21458, 28.80946], [74.22309, 28.81183], [74.24058, 28.81006], [74.26674, 28.79731], [74.27905, 28.80023], [74.32483, 28.83352], [74.34582, 28.84204], [74.35484, 28.84782], [74.38229, 28.87471], [74.41696, 28.88592], [74.42051, 28.88492], [74.42334, 28.87847], [74.43425, 28.84903], [74.43857, 28.84133], [74.44008, 28.83172], [74.44617, 28.82943], [74.45718, 28.82831], [74.47146, 28.82002], [74.49106, 28.82008], [74.52568, 28.82733], [74.53799, 28.82466], [74.54467, 28.8205], [74.57983, 28.82882], [74.58578, 28.8278], [74.59404, 28.82063], [74.59693, 28.81598], [74.60247, 28.81295], [74.63436, 28.81454], [74.63851, 28.83672], [74.64695, 28.83825], [74.69546, 28.83779], [74.70668, 28.84401], [74.74268, 28.85484], [74.74973, 28.85419], [74.75548, 28.8476], [74.7581, 28.82839], [74.77179, 28.82444], [74.77892, 28.82575], [74.80268, 28.83403], [74.8017, 28.85348], [74.78932, 28.8668], [74.77703, 28.87368], [74.77207, 28.87834], [74.76974, 28.88768], [74.77365, 28.89871], [74.78394, 28.9135], [74.79268, 28.92121], [74.81239, 28.93221], [74.82094, 28.93459], [74.84442, 28.93624], [74.86333, 28.9448], [74.88297, 28.9434], [74.88849, 28.94134], [74.90326, 28.94003], [74.90031, 28.9353], [74.91427, 28.91724], [74.91773, 28.91039], [74.92038, 28.89774], [74.92851, 28.89464], [74.93733, 28.89385], [74.9487, 28.90563], [74.96145, 28.90914], [74.99985, 28.91518], [75.00237, 28.91609], [75.00466, 28.9194], [75.00566, 28.92824], [75.01767, 28.9312], [75.01985, 28.93333], [75.03834, 28.93696], [75.04101, 28.93611], [75.04288, 28.92843], [75.04091, 28.9238], [75.04396, 28.9161], [75.04387, 28.90209], [75.04693, 28.89328], [75.0389, 28.88752], [75.03133, 28.87829], [75.02903, 28.86858], [75.02875, 28.85023], [75.04399, 28.84791], [75.0578, 28.85543], [75.0726, 28.86023], [75.08439, 28.86196], [75.10233, 28.87259], [75.12168, 28.87423], [75.14462, 28.87336], [75.14904, 28.87223], [75.15773, 28.86356], [75.15753, 28.85969], [75.16051, 28.85521], [75.16714, 28.85292], [75.17091, 28.84444], [75.17407, 28.84509], [75.18056, 28.85466], [75.18911, 28.86179], [75.1916, 28.8667], [75.19598, 28.86921], [75.19975, 28.86839], [75.1998, 28.86347], [75.20331, 28.86072], [75.22069, 28.85732], [75.22266, 28.85963], [75.22274, 28.86519], [75.23213, 28.86664], [75.24946, 28.88366], [75.25136, 28.88886], [75.25035, 28.89512], [75.24472, 28.90476], [75.243, 28.9243], [75.24314, 28.92766], [75.24835, 28.93153], [75.25756, 28.93489], [75.25531, 28.92854], [75.25942, 28.92939], [75.26026, 28.92706], [75.26521, 28.92691], [75.27141, 28.92849], [75.27657, 28.93171], [75.27989, 28.93036], [75.28241, 28.92473], [75.29192, 28.92327], [75.2926, 28.91777], [75.2958, 28.91769], [75.3041, 28.94768], [75.31377, 28.95398], [75.31165, 28.95799], [75.30625, 28.96178], [75.30438, 28.96574], [75.29745, 28.9642], [75.29587, 28.97019], [75.29688, 28.97852], [75.30017, 28.98545], [75.30688, 28.98384], [75.32137, 28.98553], [75.33133, 28.9824], [75.35734, 28.9685], [75.35979, 28.96431], [75.35983, 28.94666], [75.33983, 28.93806], [75.33514, 28.92664], [75.33463, 28.91651], [75.33907, 28.91613], [75.34455, 28.91777], [75.34575, 28.91262], [75.3522, 28.9124], [75.35832, 28.91039], [75.37397, 28.9141], [75.38016, 28.92418], [75.38031, 28.93732], [75.40072, 28.9422], [75.40247, 28.96013], [75.40485, 28.96695], [75.42158, 28.98472], [75.42448, 28.99847], [75.42969, 28.99831], [75.42981, 28.99623], [75.4434, 28.99259], [75.44968, 28.98861], [75.4496, 28.98577], [75.45245, 28.98309], [75.45149, 28.97545], [75.45402, 28.97526], [75.45836, 28.97164], [75.45139, 28.96232], [75.47023, 28.94411], [75.47335, 28.93435], [75.47785, 28.93325], [75.47884, 28.9345], [75.48228, 28.93294], [75.48522, 28.93318], [75.48574, 28.93442], [75.49176, 28.93415], [75.49433, 28.93596], [75.4952, 28.93435], [75.49966, 28.93369], [75.50164, 28.93458], [75.50138, 28.93584], [75.50659, 28.93582], [75.50964, 28.94215], [75.51246, 28.94197], [75.51277, 28.9436], [75.50925, 28.94821], [75.50982, 28.95018], [75.51136, 28.95036], [75.51093, 28.95378], [75.51364, 28.95519], [75.51304, 28.95682], [75.51565, 28.96063], [75.51963, 28.96298], [75.52206, 28.96277], [75.52526, 28.9694], [75.52816, 28.97035]]]}}, {"type": "Feature", "properties": {"shapeName": "Nagaur", "shapeISO": "", "shapeID": "76128533B43544960343942", "shapeGroup": "IND", "shapeType": "ADM2", "district": "Nagaur"}, "geometry": {"type": "Polygon", "coordinates": [[[74.68206, 27.66723], [74.67492, 27.66488], [74.65368, 27.65348], [74.63861, 27.65117], [74.62932, 27.64824], [74.61442, 27.66138], [74.61342, 27.66723], [74.6078, 27.67635], [74.61314, 27.6835], [74.62065, 27.68641], [74.62655, 27.6922], [74.62751, 27.69784], [74.62076, 27.69841], [74.61573, 27.70124], [74.61194, 27.70596], [74.60739, 27.70497], [74.58572, 27.68932], [74.57398, 27.67674], [74.56054, 27.66644], [74.5494, 27.66193], [74.5398, 27.66355], [74.53733, 27.66711], [74.52661, 27.67464], [74.5032, 27.66498], [74.49659, 27.66564], [74.49259, 27.68496], [74.47242, 27.68225], [74.46521, 27.67893], [74.46128, 27.68348], [74.45763, 27.68515], [74.45673, 27.68956], [74.45188, 27.69117], [74.44727, 27.6903], [74.4431, 27.6916], [74.43355, 27.68867], [74.41075, 27.6863], [74.40264, 27.69789], [74.39004, 27.68983], [74.38005, 27.68685], [74.37298, 27.68254], [74.34481, 27.67939], [74.34226, 27.67343], [74.33559, 27.67288], [74.33453, 27.65806], [74.32692, 27.65578], [74.32094, 27.65158], [74.31018, 27.64824], [74.31424, 27.63421], [74.28966, 27.62825], [74.28302, 27.62362], [74.27954, 27.61913], [74.27698, 27.61028], [74.25833, 27.60232], [74.25856, 27.56308], [74.2497, 27.55821], [74.24991, 27.55155], [74.24179, 27.53803], [74.23972, 27.52646], [74.21978, 27.512], [74.20706, 27.5061], [74.19746, 27.49553], [74.19457, 27.48757], [74.19402, 27.48058], [74.19802, 27.47741], [74.20752, 27.47531], [74.2087, 27.47019], [74.21329, 27.46854], [74.20761, 27.46283], [74.20415, 27.45473], [74.20573, 27.42381], [74.19218, 27.42427], [74.18255, 27.42282], [74.16075, 27.41206], [74.15517, 27.41059], [74.1513, 27.41646], [74.14423, 27.42253], [74.14246, 27.42835], [74.15112, 27.43317], [74.15082, 27.44083], [74.13833, 27.46064], [74.1343, 27.46209], [74.12103, 27.46242], [74.1162, 27.47153], [74.10817, 27.47633], [74.08321, 27.47907], [74.0832, 27.48242], [74.0777, 27.49225], [74.0685, 27.49669], [74.06828, 27.5059], [74.06143, 27.51039], [74.05374, 27.52056], [74.03704, 27.52907], [74.03133, 27.5349], [74.0118, 27.5216], [74.01055, 27.51833], [74.01246, 27.51365], [74.00113, 27.5133], [73.99512, 27.50768], [73.99208, 27.50864], [73.98878, 27.51226], [73.97484, 27.50597], [73.96067, 27.50744], [73.95637, 27.50873], [73.95186, 27.51285], [73.90324, 27.49631], [73.88686, 27.50573], [73.87602, 27.53162], [73.85267, 27.55111], [73.83871, 27.54825], [73.82278, 27.53382], [73.82163, 27.52848], [73.81105, 27.51751], [73.78929, 27.51038], [73.78444, 27.51161], [73.7819, 27.50877], [73.76795, 27.51769], [73.75374, 27.53634], [73.74815, 27.53834], [73.743, 27.54267], [73.73011, 27.54005], [73.72948, 27.53648], [73.71373, 27.5281], [73.70919, 27.53056], [73.70525, 27.52774], [73.69267, 27.52513], [73.6876, 27.53504], [73.67573, 27.55021], [73.67313, 27.55005], [73.66863, 27.55778], [73.66325, 27.55622], [73.6522, 27.56697], [73.64879, 27.56703], [73.64348, 27.56475], [73.6194, 27.54215], [73.61492, 27.54], [73.61011, 27.54194], [73.60679, 27.53854], [73.62049, 27.51717], [73.61065, 27.50998], [73.60805, 27.5048], [73.60884, 27.49252], [73.60427, 27.48941], [73.60025, 27.49025], [73.58822, 27.48378], [73.58565, 27.48904], [73.57717, 27.48487], [73.57346, 27.48747], [73.56793, 27.48628], [73.56463, 27.49221], [73.55455, 27.49281], [73.55028, 27.49548], [73.54546, 27.49569], [73.54087, 27.49408], [73.53091, 27.48499], [73.52687, 27.47834], [73.52302, 27.46584], [73.52363, 27.46265], [73.5204, 27.45764], [73.52248, 27.45368], [73.51994, 27.45106], [73.52406, 27.44476], [73.5073, 27.43381], [73.5085, 27.42], [73.50644, 27.40921], [73.50654, 27.39531], [73.50979, 27.38682], [73.51782, 27.38793], [73.52735, 27.37516], [73.49579, 27.36046], [73.49631, 27.3486], [73.50535, 27.33339], [73.48179, 27.32259], [73.46093, 27.31491], [73.45883, 27.31652], [73.45144, 27.31389], [73.45112, 27.30967], [73.41595, 27.28666], [73.40457, 27.27442], [73.39543, 27.27163], [73.39528, 27.27452], [73.3865, 27.2692], [73.37636, 27.26052], [73.36155, 27.23798], [73.35975, 27.22526], [73.36065, 27.22097], [73.37428, 27.21358], [73.37503, 27.2108], [73.36866, 27.20517], [73.37069, 27.20183], [73.36331, 27.19584], [73.36229, 27.19648], [73.35902, 27.19068], [73.35457, 27.1866], [73.35158, 27.18679], [73.34996, 27.19047], [73.35224, 27.19697], [73.34711, 27.1967], [73.34415, 27.19846], [73.34035, 27.19635], [73.33726, 27.1995], [73.33431, 27.1993], [73.33331, 27.20464], [73.32338, 27.22077], [73.31432, 27.23101], [73.30652, 27.23509], [73.29508, 27.24803], [73.28523, 27.25518], [73.28379, 27.25869], [73.28641, 27.26483], [73.2847, 27.2681], [73.28023, 27.27419], [73.26486, 27.28489], [73.26652, 27.29342], [73.26412, 27.29634], [73.2691, 27.30375], [73.26512, 27.31408], [73.25387, 27.31441], [73.25087, 27.32582], [73.24356, 27.32609], [73.21465, 27.30445], [73.21129, 27.29473], [73.20944, 27.27781], [73.19816, 27.27729], [73.19077, 27.28067], [73.17855, 27.29018], [73.16914, 27.29457], [73.16425, 27.29488], [73.16011, 27.27528], [73.16104, 27.26984], [73.15708, 27.26656], [73.15714, 27.26188], [73.15381, 27.25843], [73.15504, 27.2518], [73.13319, 27.23522], [73.14569, 27.22332], [73.14935, 27.21501], [73.15247, 27.21183], [73.15407, 27.2019], [73.15751, 27.19903], [73.16698, 27.16146], [73.16604, 27.15677], [73.1682, 27.14458], [73.16581, 27.13622], [73.15321, 27.12088], [73.15791, 27.11058], [73.1676, 27.10522], [73.1777, 27.09297], [73.18131, 27.08025], [73.18827, 27.06615], [73.18658, 27.06419], [73.19308, 27.05646], [73.15899, 27.02498], [73.1589, 27.01754], [73.15609, 27.01249], [73.15798, 27.00259], [73.15698, 26.99727], [73.15381, 26.99244], [73.12944, 26.98051], [73.11585, 26.96576], [73.11518, 26.95367], [73.11933, 26.94217], [73.12395, 26.94406], [73.15645, 26.92898], [73.1563, 26.92671], [73.15878, 26.92594], [73.16805, 26.92846], [73.16996, 26.93175], [73.17309, 26.9333], [73.17545, 26.93197], [73.17973, 26.92698], [73.18182, 26.90536], [73.19218, 26.88208], [73.20443, 26.88225], [73.21114, 26.87931], [73.20877, 26.87432], [73.21428, 26.86859], [73.22161, 26.86866], [73.2309, 26.86608], [73.2383, 26.868], [73.2438, 26.86348], [73.25902, 26.86473], [73.27596, 26.86235], [73.28662, 26.86408], [73.29076, 26.86774], [73.29381, 26.87382], [73.30094, 26.87385], [73.30251, 26.86884], [73.31269, 26.86366], [73.31956, 26.86276], [73.32831, 26.85673], [73.33357, 26.85606], [73.342, 26.85728], [73.35284, 26.86825], [73.35666, 26.86965], [73.37383, 26.8701], [73.381, 26.86633], [73.38753, 26.869], [73.40324, 26.88324], [73.42747, 26.88724], [73.43808, 26.88674], [73.44625, 26.87518], [73.45256, 26.87622], [73.45619, 26.87844], [73.45928, 26.87298], [73.47165, 26.88009], [73.47239, 26.87778], [73.48727, 26.88555], [73.49965, 26.887], [73.5134, 26.88092], [73.53148, 26.85856], [73.57314, 26.86226], [73.57657, 26.86465], [73.58166, 26.8605], [73.58878, 26.86337], [73.59473, 26.85564], [73.60725, 26.84383], [73.60983, 26.84404], [73.61346, 26.84054], [73.62258, 26.84535], [73.62765, 26.84433], [73.63208, 26.83942], [73.63403, 26.81451], [73.63329, 26.80689], [73.64427, 26.80591], [73.65613, 26.80787], [73.66176, 26.79647], [73.66355, 26.77965], [73.66804, 26.77428], [73.67145, 26.76414], [73.67841, 26.75592], [73.6729, 26.75181], [73.65716, 26.72101], [73.65358, 26.71776], [73.65091, 26.7101], [73.65195, 26.70067], [73.66052, 26.68798], [73.67376, 26.67831], [73.66996, 26.66714], [73.66166, 26.66064], [73.65968, 26.65621], [73.6606, 26.64811], [73.67976, 26.64542], [73.68294, 26.63794], [73.68161, 26.63419], [73.68633, 26.63241], [73.69372, 26.6228], [73.68577, 26.61843], [73.69292, 26.61542], [73.69393, 26.60859], [73.69789, 26.60739], [73.70245, 26.60266], [73.69868, 26.59911], [73.69936, 26.59691], [73.6952, 26.5887], [73.70154, 26.58174], [73.70213, 26.57746], [73.72188, 26.55212], [73.72247, 26.53911], [73.72938, 26.53823], [73.75623, 26.54076], [73.75974, 26.53997], [73.76154, 26.53533], [73.7714, 26.53811], [73.77346, 26.5341], [73.76988, 26.52997], [73.78062, 26.52234], [73.78316, 26.51717], [73.79505, 26.5045], [73.808, 26.50395], [73.81628, 26.50055], [73.81837, 26.49435], [73.82433, 26.48897], [73.83, 26.48659], [73.83309, 26.48285], [73.83819, 26.48049], [73.83795, 26.47708], [73.8416, 26.47235], [73.85179, 26.47212], [73.85102, 26.46751], [73.85773, 26.46736], [73.86064, 26.44572], [73.86484, 26.43909], [73.87421, 26.43059], [73.88186, 26.42659], [73.89848, 26.42377], [73.91348, 26.42836], [73.92315, 26.42369], [73.94836, 26.42162], [73.95923, 26.41937], [73.96754, 26.42204], [73.97338, 26.43138], [73.97819, 26.42748], [73.98153, 26.42774], [73.98365, 26.42398], [73.98887, 26.42138], [73.99594, 26.42253], [74.00112, 26.42065], [74.01783, 26.42132], [74.02547, 26.42419], [74.03005, 26.42298], [74.03082, 26.41423], [74.03614, 26.4107], [74.04225, 26.40904], [74.04798, 26.41641], [74.0529, 26.41884], [74.07086, 26.42305], [74.07704, 26.42087], [74.07802, 26.41908], [74.08665, 26.41878], [74.08663, 26.41583], [74.10516, 26.41685], [74.10053, 26.44652], [74.11001, 26.44866], [74.11728, 26.45512], [74.1245, 26.45635], [74.1291, 26.44563], [74.13256, 26.44381], [74.13431, 26.43648], [74.13895, 26.43642], [74.14111, 26.43187], [74.14812, 26.42957], [74.14931, 26.42645], [74.15822, 26.42494], [74.16032, 26.4114], [74.17328, 26.41473], [74.17578, 26.42137], [74.19305, 26.42561], [74.19219, 26.43725], [74.20447, 26.43964], [74.21564, 26.44434], [74.21706, 26.44291], [74.22636, 26.44943], [74.22613, 26.45233], [74.22936, 26.45288], [74.23921, 26.46139], [74.24478, 26.45763], [74.24905, 26.45663], [74.25367, 26.45749], [74.2579, 26.45463], [74.26737, 26.45364], [74.2797, 26.45666], [74.29181, 26.44908], [74.31759, 26.45757], [74.319, 26.45173], [74.32597, 26.44345], [74.33848, 26.44298], [74.34327, 26.44566], [74.35418, 26.45591], [74.35363, 26.46854], [74.36576, 26.47386], [74.37256, 26.47863], [74.37643, 26.48886], [74.39206, 26.48826], [74.39603, 26.48465], [74.40029, 26.48462], [74.40634, 26.48851], [74.42999, 26.48606], [74.43242, 26.48827], [74.43208, 26.49217], [74.43429, 26.49496], [74.43884, 26.49976], [74.44427, 26.50236], [74.45078, 26.49936], [74.4619, 26.4881], [74.46617, 26.48687], [74.47383, 26.49062], [74.48224, 26.4975], [74.50846, 26.52495], [74.54197, 26.56244], [74.5658, 26.59139], [74.57697, 26.61013], [74.59431, 26.62916], [74.59989, 26.61849], [74.60737, 26.60899], [74.61877, 26.60004], [74.60263, 26.58213], [74.61409, 26.5733], [74.61969, 26.56594], [74.638, 26.57853], [74.64646, 26.59053], [74.65615, 26.58592], [74.66857, 26.59673], [74.67495, 26.59405], [74.68026, 26.60371], [74.68363, 26.61625], [74.69466, 26.63876], [74.7067, 26.65495], [74.71547, 26.66278], [74.72291, 26.67569], [74.72296, 26.69707], [74.72457, 26.70194], [74.71384, 26.70546], [74.68832, 26.7066], [74.68702, 26.7096], [74.66639, 26.71142], [74.68808, 26.73777], [74.68568, 26.74233], [74.69882, 26.77121], [74.71297, 26.77665], [74.71676, 26.77222], [74.75039, 26.77055], [74.75468, 26.78159], [74.76008, 26.78916], [74.76616, 26.79239], [74.77596, 26.7928], [74.78, 26.79028], [74.78208, 26.7987], [74.77839, 26.81923], [74.7741, 26.8225], [74.77513, 26.84881], [74.8058, 26.85273], [74.8168, 26.8685], [74.82642, 26.89081], [74.8322, 26.8996], [74.82826, 26.92129], [74.84538, 26.96126], [74.85309, 26.9751], [74.87864, 26.97525], [74.8935, 26.97708], [74.90562, 26.9753], [74.91238, 26.97592], [74.91111, 26.96758], [74.92122, 26.96283], [74.94756, 26.962], [74.9559, 26.96292], [74.95861, 26.9583], [74.96198, 26.96034], [74.96537, 26.95821], [74.96477, 26.95404], [74.96713, 26.94519], [74.97151, 26.94725], [74.98443, 26.94124], [74.97535, 26.89281], [74.97778, 26.89033], [74.99387, 26.8884], [74.99481, 26.89067], [74.99921, 26.89005], [75.001, 26.89331], [75.01531, 26.89501], [75.01606, 26.91355], [75.01458, 26.94531], [75.04266, 26.94088], [75.10394, 26.93642], [75.12142, 26.93177], [75.14413, 26.93093], [75.16654, 26.93292], [75.16677, 26.96165], [75.1607, 26.96984], [75.19074, 26.97344], [75.20489, 26.97363], [75.20244, 26.99512], [75.20536, 27.00707], [75.20869, 27.00979], [75.21448, 27.00911], [75.22531, 27.01627], [75.2364, 27.0175], [75.24403, 27.01645], [75.24955, 27.02495], [75.26019, 27.03419], [75.25836, 27.03917], [75.24695, 27.04106], [75.24237, 27.05042], [75.2359, 27.05166], [75.2306, 27.05501], [75.22402, 27.05538], [75.22407, 27.07253], [75.22206, 27.08282], [75.25146, 27.0885], [75.26622, 27.08967], [75.2914, 27.09136], [75.31163, 27.08956], [75.32503, 27.09082], [75.33265, 27.09192], [75.33617, 27.09465], [75.34098, 27.09354], [75.35168, 27.08592], [75.36932, 27.08762], [75.36992, 27.10086], [75.36729, 27.11016], [75.36419, 27.11165], [75.35053, 27.10911], [75.34837, 27.1172], [75.34192, 27.11776], [75.34237, 27.12886], [75.34522, 27.13533], [75.34538, 27.13966], [75.34232, 27.13994], [75.33824, 27.13719], [75.33412, 27.13866], [75.33389, 27.14293], [75.33124, 27.14755], [75.32693, 27.14601], [75.31932, 27.14689], [75.31715, 27.1592], [75.30721, 27.14474], [75.30105, 27.14357], [75.30207, 27.12911], [75.28318, 27.12315], [75.27656, 27.12871], [75.27379, 27.13333], [75.25448, 27.13203], [75.2511, 27.1289], [75.23919, 27.12557], [75.23662, 27.12645], [75.23633, 27.13399], [75.22647, 27.13516], [75.20981, 27.1334], [75.20715, 27.12942], [75.202, 27.1286], [75.1991, 27.13316], [75.1976, 27.14051], [75.17947, 27.14092], [75.17317, 27.14366], [75.17274, 27.14832], [75.18121, 27.15446], [75.18012, 27.1605], [75.1652, 27.15999], [75.16238, 27.16344], [75.15868, 27.16382], [75.15605, 27.1671], [75.13545, 27.16947], [75.12975, 27.17349], [75.12715, 27.17834], [75.11911, 27.18399], [75.12234, 27.18809], [75.12471, 27.19589], [75.12122, 27.20609], [75.12627, 27.21106], [75.1103, 27.21981], [75.07286, 27.21939], [75.08305, 27.23643], [75.09061, 27.24389], [75.10902, 27.25119], [75.13822, 27.28385], [75.14576, 27.2823], [75.15126, 27.29137], [75.16482, 27.2997], [75.16707, 27.30454], [75.16884, 27.3163], [75.15426, 27.32301], [75.13811, 27.32466], [75.12681, 27.33896], [75.10931, 27.33832], [75.10787, 27.34279], [75.11691, 27.34444], [75.11619, 27.35072], [75.11967, 27.35536], [75.11743, 27.35779], [75.11912, 27.37654], [75.10549, 27.38251], [75.07468, 27.38532], [75.05847, 27.38148], [75.04803, 27.37731], [75.04585, 27.37235], [75.04857, 27.36826], [75.03888, 27.35696], [75.02942, 27.35196], [75.01968, 27.35057], [75.01044, 27.34686], [75.00099, 27.34869], [74.96116, 27.34792], [74.94791, 27.34633], [74.94707, 27.34131], [74.9404, 27.33576], [74.92034, 27.33532], [74.89952, 27.32986], [74.90006, 27.31924], [74.89845, 27.31253], [74.88698, 27.30932], [74.88027, 27.31068], [74.87818, 27.31906], [74.87058, 27.32761], [74.86779, 27.33476], [74.87434, 27.33874], [74.87995, 27.34493], [74.87898, 27.35544], [74.87478, 27.37203], [74.87021, 27.3706], [74.86143, 27.3718], [74.84597, 27.37873], [74.85259, 27.39138], [74.87421, 27.41193], [74.86559, 27.4276], [74.86139, 27.44441], [74.8582, 27.45032], [74.84673, 27.45274], [74.80416, 27.44979], [74.79925, 27.45682], [74.79965, 27.46352], [74.80346, 27.47044], [74.79967, 27.48224], [74.79561, 27.4855], [74.7886, 27.48561], [74.77201, 27.49179], [74.75598, 27.48588], [74.7559, 27.49111], [74.75205, 27.49464], [74.75236, 27.50106], [74.73139, 27.49269], [74.7241, 27.50121], [74.72208, 27.50802], [74.72372, 27.51461], [74.72116, 27.52163], [74.72391, 27.52666], [74.71944, 27.53027], [74.71738, 27.5375], [74.74474, 27.55413], [74.76254, 27.56763], [74.75946, 27.57681], [74.76209, 27.58052], [74.75659, 27.59062], [74.74202, 27.58509], [74.7379, 27.59035], [74.73666, 27.59869], [74.7312, 27.60263], [74.72894, 27.60746], [74.7145, 27.59968], [74.70694, 27.59264], [74.70151, 27.61705], [74.70398, 27.62468], [74.7116, 27.62837], [74.71151, 27.63905], [74.7083, 27.64611], [74.7023, 27.65176], [74.69162, 27.65331], [74.68714, 27.65589], [74.68206, 27.66723]]]}}, {"type": "Feature", "properties": {"shapeName": "Ganganagar", "shapeISO": "", "shapeID": "76128533B72079972234594", "shapeGroup": "IND", "shapeType": "ADM2", "district": "Ganganagar"}, "geometry": {"type": "Polygon", "coordinates": [[[73.94608, 30.17762], [73.82721, 30.09169], [73.82003, 30.08522], [73.80659, 30.06796], [73.59718, 30.01897], [73.39707, 29.94595], [73.3354, 29.73989], [73.28201, 29.57159], [73.08436, 29.23618], [73.05755, 29.20814], [73.05456, 29.2075], [73.05444, 29.20486], [73.05258, 29.20476], [73.05025, 29.20045], [73.00431, 29.15282], [72.94588, 29.02792], [72.73202, 28.94758], [72.64894, 28.90319], [72.66815, 28.87786], [72.67316, 28.86957], [72.67463, 28.86365], [72.6938, 28.84787], [72.70774, 28.83171], [72.7235, 28.80982], [72.73647, 28.80227], [72.74808, 28.78258], [72.75979, 28.79513], [72.76659, 28.79973], [72.79303, 28.78126], [72.80091, 28.77818], [72.82642, 28.77623], [72.89856, 28.74523], [72.92563, 28.73079], [72.93562, 28.72855], [72.94389, 28.73139], [72.95108, 28.73693], [72.95884, 28.73977], [72.96486, 28.73801], [72.99746, 28.71721], [72.99924, 28.71345], [73.0047, 28.71192], [73.01236, 28.71372], [73.02876, 28.73531], [73.03668, 28.7429], [73.04658, 28.74841], [73.0651, 28.75373], [73.08799, 28.76256], [73.11746, 28.76687], [73.15122, 28.78391], [73.16114, 28.79462], [73.1583, 28.79988], [73.158, 28.80683], [73.16347, 28.81393], [73.16053, 28.81775], [73.16984, 28.82678], [73.17468, 28.82739], [73.17793, 28.82948], [73.20652, 28.85328], [73.2156, 28.85235], [73.22337, 28.84966], [73.22712, 28.85262], [73.21372, 28.86395], [73.19856, 28.88409], [73.22034, 28.91946], [73.229, 28.92963], [73.24973, 28.93563], [73.25905, 28.94216], [73.27361, 28.93739], [73.28144, 28.94032], [73.28083, 28.95362], [73.28641, 28.96773], [73.29107, 28.97138], [73.30077, 28.96931], [73.30878, 28.97074], [73.32108, 28.98909], [73.34658, 29.0058], [73.36502, 29.00541], [73.38885, 29.01007], [73.41601, 29.00315], [73.41991, 29.00096], [73.42838, 28.99176], [73.43615, 28.99047], [73.45574, 28.99278], [73.48853, 29.01187], [73.49294, 29.01155], [73.50912, 29.00592], [73.52197, 28.99447], [73.54387, 29.00129], [73.558, 29.00877], [73.56744, 28.99681], [73.56973, 28.99613], [73.599, 29.02128], [73.60423, 29.02774], [73.62519, 29.03728], [73.63026, 29.03762], [73.6353, 29.02965], [73.63981, 29.02997], [73.64635, 29.02701], [73.65741, 29.01843], [73.6631, 29.02006], [73.66692, 29.01825], [73.68489, 29.02129], [73.6858, 29.0275], [73.69094, 29.0356], [73.70317, 29.03689], [73.70169, 29.0323], [73.70295, 29.02695], [73.70972, 29.02689], [73.71459, 29.02424], [73.73189, 29.02629], [73.7338, 29.02288], [73.73789, 29.02015], [73.74355, 29.00747], [73.75305, 29.018], [73.75454, 29.02727], [73.7596, 29.03081], [73.77349, 29.05164], [73.78549, 29.05044], [73.786, 29.04097], [73.78757, 29.03969], [73.7942, 29.04146], [73.80106, 29.04082], [73.80387, 29.02277], [73.79887, 29.01856], [73.79962, 29.00703], [73.80575, 29.00155], [73.81117, 28.99223], [73.82042, 28.99094], [73.82554, 28.98667], [73.82819, 28.98249], [73.83193, 28.96682], [73.8434, 28.96937], [73.85352, 28.95171], [73.84683, 28.94599], [73.84793, 28.93789], [73.86365, 28.93784], [73.87154, 28.94243], [73.8781, 28.94085], [73.91132, 28.95675], [73.91217, 28.96099], [73.95813, 28.97179], [73.97001, 28.97617], [73.96881, 28.96428], [73.96387, 28.95611], [73.96399, 28.94992], [73.96064, 28.94579], [73.97143, 28.91242], [73.97621, 28.9036], [74.00933, 28.92037], [74.01658, 28.92858], [74.02738, 28.93324], [74.02158, 28.9601], [74.0243, 28.96434], [74.02265, 28.9751], [74.02337, 28.98645], [74.03112, 29.00013], [74.02946, 29.0034], [74.03014, 29.00709], [74.02848, 29.00797], [74.04195, 29.02067], [74.05946, 29.03215], [74.0765, 29.03388], [74.08687, 29.03949], [74.09666, 29.04875], [74.09992, 29.06364], [74.09808, 29.09347], [74.09936, 29.10379], [74.10977, 29.11124], [74.13191, 29.11123], [74.14692, 29.11398], [74.15357, 29.12147], [74.1549, 29.13518], [74.14894, 29.15532], [74.13999, 29.16334], [74.13599, 29.17634], [74.15338, 29.17794], [74.15324, 29.18011], [74.1422, 29.18345], [74.13411, 29.18768], [74.13269, 29.19651], [74.13538, 29.19885], [74.13668, 29.2044], [74.13402, 29.2165], [74.11643, 29.22796], [74.10281, 29.23077], [74.0995, 29.23651], [74.10864, 29.23997], [74.12761, 29.24341], [74.1518, 29.23824], [74.17073, 29.2359], [74.19488, 29.24045], [74.20922, 29.24674], [74.22299, 29.25641], [74.23273, 29.2696], [74.23473, 29.28049], [74.22363, 29.28256], [74.21743, 29.28215], [74.21166, 29.2795], [74.21845, 29.29291], [74.20864, 29.29266], [74.18969, 29.28629], [74.1858, 29.28001], [74.16937, 29.27373], [74.14591, 29.27434], [74.13294, 29.27662], [74.09958, 29.2721], [74.09097, 29.26628], [74.07729, 29.26577], [74.0572, 29.27322], [74.04465, 29.28125], [74.04026, 29.28869], [74.02644, 29.29452], [73.99954, 29.29902], [73.98603, 29.30576], [73.92201, 29.31206], [73.86976, 29.3108], [73.85145, 29.31717], [73.84684, 29.32974], [73.83756, 29.34579], [73.82054, 29.36174], [73.82053, 29.38072], [73.82848, 29.38927], [73.85057, 29.39562], [73.87673, 29.41276], [73.88006, 29.43855], [73.87875, 29.45005], [73.84731, 29.47562], [73.83217, 29.49338], [73.83221, 29.50933], [73.83475, 29.52144], [73.83215, 29.52949], [73.80067, 29.51967], [73.77388, 29.519], [73.76475, 29.52534], [73.76391, 29.55226], [73.76779, 29.5689], [73.77897, 29.57575], [73.81821, 29.57525], [73.82874, 29.5828], [73.83134, 29.59995], [73.8359, 29.60516], [73.8471, 29.60568], [73.86069, 29.61701], [73.86849, 29.62043], [73.88553, 29.62163], [73.89743, 29.61971], [73.9125, 29.61935], [73.91972, 29.62164], [73.94398, 29.63602], [74.00827, 29.64924], [74.02462, 29.65608], [74.0652, 29.65428], [74.06715, 29.65948], [74.06716, 29.66809], [74.06254, 29.68103], [74.05351, 29.68799], [74.04415, 29.69932], [74.05201, 29.70565], [74.06316, 29.70735], [74.09329, 29.70329], [74.1117, 29.69758], [74.13728, 29.68724], [74.14186, 29.69245], [74.14921, 29.71645], [74.16095, 29.73016], [74.18141, 29.74794], [74.205, 29.75309], [74.22196, 29.7658], [74.24141, 29.78339], [74.24932, 29.77977], [74.25637, 29.79042], [74.25929, 29.79917], [74.25774, 29.79996], [74.26355, 29.80566], [74.28662, 29.81774], [74.28664, 29.82397], [74.28136, 29.8269], [74.27404, 29.82398], [74.26752, 29.82632], [74.26694, 29.83436], [74.2741, 29.84295], [74.27354, 29.85044], [74.27099, 29.85557], [74.25788, 29.85959], [74.24527, 29.8596], [74.24534, 29.86482], [74.26304, 29.87269], [74.28671, 29.87444], [74.3046, 29.87837], [74.3183, 29.88808], [74.35157, 29.93362], [74.35279, 29.95185], [74.3005, 29.9563], [74.26239, 29.95541], [74.23426, 29.95993], [74.19639, 29.9607], [74.07951, 29.96953], [74.02623, 29.97062], [74.01402, 29.96864], [73.94308, 29.9715], [73.90133, 29.97122], [73.89865, 29.98295], [73.89132, 29.99749], [73.89208, 30.01246], [73.89574, 30.01866], [73.90511, 30.04807], [73.90872, 30.05487], [73.92859, 30.06933], [73.9534, 30.10024], [73.95458, 30.10538], [73.96847, 30.12069], [73.97535, 30.12306], [73.97174, 30.13536], [73.97139, 30.14437], [73.97403, 30.17299], [73.97879, 30.18546], [73.97702, 30.19623], [73.9686, 30.18697], [73.94677, 30.17656], [73.94608, 30.17762]]]}}, {"type": "Feature", "properties": {"shapeName": "Jodhpur", "shapeISO": "", "shapeID": "76128533B84094142280102", "shapeGroup": "IND", "shapeType": "ADM2", "district": "Jodhpur"}, "geometry": {"type": "Polygon", "coordinates": [[[72.07401, 26.34956], [72.08646, 26.33642], [72.09895, 26.31912], [72.10647, 26.31534], [72.11533, 26.32142], [72.12273, 26.31549], [72.13414, 26.3231], [72.14214, 26.32645], [72.13779, 26.31913], [72.13767, 26.31605], [72.14619, 26.31442], [72.15442, 26.30838], [72.16485, 26.29291], [72.16544, 26.28723], [72.16077, 26.28111], [72.19324, 26.26403], [72.20255, 26.25671], [72.21847, 26.23164], [72.25627, 26.21056], [72.26984, 26.19799], [72.28122, 26.21167], [72.29131, 26.21463], [72.30971, 26.21686], [72.32578, 26.22908], [72.34171, 26.24455], [72.37554, 26.22557], [72.41064, 26.23911], [72.42659, 26.26307], [72.42134, 26.27893], [72.42831, 26.28655], [72.4682, 26.30109], [72.48529, 26.29872], [72.49291, 26.29939], [72.49331, 26.29469], [72.49605, 26.28989], [72.50341, 26.29002], [72.50438, 26.2844], [72.50864, 26.27875], [72.52597, 26.28825], [72.53305, 26.27402], [72.5415, 26.27091], [72.54696, 26.2722], [72.55352, 26.26463], [72.56126, 26.26698], [72.57467, 26.26701], [72.59131, 26.27489], [72.5974, 26.28], [72.61375, 26.25965], [72.63485, 26.22834], [72.64107, 26.22992], [72.66108, 26.20788], [72.67848, 26.19848], [72.6856, 26.19258], [72.68946, 26.18636], [72.68252, 26.17353], [72.68582, 26.15064], [72.68863, 26.14589], [72.69077, 26.13222], [72.69826, 26.12724], [72.69936, 26.12151], [72.69837, 26.11536], [72.69522, 26.11001], [72.69548, 26.10608], [72.68626, 26.09], [72.67999, 26.07195], [72.68397, 26.06906], [72.6876, 26.06878], [72.68937, 26.06409], [72.6857, 26.05567], [72.68668, 26.05011], [72.69468, 26.03986], [72.69529, 26.03661], [72.68577, 26.02964], [72.65097, 26.01856], [72.6462, 26.01316], [72.63694, 26.01181], [72.62727, 26.00756], [72.61897, 26.00678], [72.61135, 26.00096], [72.62055, 25.98943], [72.62143, 25.98314], [72.61994, 25.97812], [72.62681, 25.96944], [72.63292, 25.96435], [72.62773, 25.95751], [72.64515, 25.95516], [72.66064, 25.95504], [72.68112, 25.94031], [72.68877, 25.94243], [72.69284, 25.92984], [72.70193, 25.93382], [72.72044, 25.91935], [72.72595, 25.92139], [72.74033, 25.90358], [72.75458, 25.89226], [72.75244, 25.8819], [72.77181, 25.88327], [72.77818, 25.88189], [72.80731, 25.85302], [72.81722, 25.85556], [72.82201, 25.8602], [72.83093, 25.86086], [72.83552, 25.86322], [72.84119, 25.87102], [72.84326, 25.89087], [72.85409, 25.89122], [72.85645, 25.89866], [72.86739, 25.90005], [72.86717, 25.89204], [72.86971, 25.89026], [72.88629, 25.89321], [72.91334, 25.89358], [72.92144, 25.89563], [72.93464, 25.90254], [72.95927, 25.90186], [72.97305, 25.92026], [72.97566, 25.93531], [72.99357, 25.94121], [73.00155, 25.95333], [73.02634, 25.95394], [73.03297, 25.95192], [73.05116, 25.96782], [73.05516, 25.9779], [73.05457, 26.00031], [73.05082, 26.01378], [73.06004, 26.01233], [73.07065, 26.01729], [73.07978, 26.01787], [73.09234, 26.02143], [73.11926, 26.03101], [73.13276, 26.04329], [73.14023, 26.04451], [73.14864, 26.0422], [73.15658, 26.03694], [73.16638, 26.03346], [73.18783, 26.03314], [73.17906, 26.05447], [73.18355, 26.05732], [73.19355, 26.0684], [73.19565, 26.07589], [73.19374, 26.08591], [73.1979, 26.08541], [73.20449, 26.07884], [73.20857, 26.07685], [73.22001, 26.07756], [73.227, 26.07405], [73.23253, 26.07817], [73.23417, 26.08255], [73.24231, 26.08509], [73.25161, 26.07478], [73.26094, 26.06917], [73.25158, 26.06479], [73.2576, 26.05382], [73.26293, 26.05754], [73.27088, 26.05637], [73.27574, 26.05218], [73.27314, 26.04757], [73.27626, 26.04333], [73.28521, 26.0384], [73.29569, 26.0348], [73.30681, 26.02783], [73.30868, 26.02602], [73.30838, 26.01839], [73.31138, 26.01473], [73.31829, 26.01277], [73.32246, 26.00527], [73.32587, 26.01497], [73.32224, 26.01968], [73.31751, 26.03428], [73.31972, 26.03924], [73.32853, 26.04251], [73.33096, 26.05491], [73.33395, 26.05703], [73.34301, 26.05909], [73.35134, 26.06375], [73.35433, 26.06137], [73.35888, 26.06127], [73.36127, 26.06282], [73.36009, 26.07536], [73.36445, 26.08076], [73.36154, 26.08338], [73.35655, 26.08296], [73.35286, 26.08583], [73.34642, 26.09946], [73.34206, 26.11736], [73.36654, 26.13564], [73.373, 26.135], [73.37427, 26.1473], [73.37793, 26.15647], [73.38828, 26.15504], [73.39494, 26.16319], [73.40422, 26.1623], [73.40754, 26.13008], [73.41058, 26.12596], [73.41479, 26.12546], [73.41987, 26.12848], [73.42628, 26.12986], [73.43172, 26.12993], [73.43765, 26.12803], [73.44097, 26.12193], [73.45678, 26.1048], [73.46751, 26.0854], [73.47837, 26.08525], [73.49291, 26.0828], [73.50101, 26.08751], [73.51168, 26.06956], [73.53053, 26.06371], [73.53272, 26.07722], [73.52375, 26.10307], [73.52722, 26.10553], [73.53643, 26.10515], [73.53933, 26.10715], [73.55626, 26.11132], [73.56255, 26.1086], [73.57785, 26.11579], [73.58059, 26.12009], [73.57631, 26.13192], [73.57983, 26.13165], [73.58801, 26.12591], [73.59963, 26.13013], [73.60538, 26.12938], [73.62983, 26.14715], [73.63476, 26.14121], [73.64929, 26.13165], [73.65418, 26.12639], [73.65415, 26.11605], [73.65034, 26.09233], [73.65125, 26.07823], [73.65625, 26.0784], [73.6602, 26.07316], [73.67626, 26.06803], [73.68699, 26.06259], [73.69158, 26.06219], [73.69678, 26.06376], [73.72045, 26.10297], [73.72499, 26.1087], [73.73519, 26.11344], [73.74225, 26.11365], [73.74767, 26.11174], [73.75057, 26.10298], [73.75527, 26.10022], [73.75626, 26.09391], [73.76047, 26.09288], [73.76508, 26.09317], [73.76621, 26.09796], [73.7961, 26.09894], [73.80469, 26.09745], [73.81426, 26.11254], [73.81403, 26.11832], [73.81138, 26.12668], [73.80361, 26.13844], [73.79488, 26.14849], [73.7889, 26.15242], [73.78683, 26.15765], [73.78712, 26.16341], [73.79533, 26.18032], [73.80131, 26.20071], [73.80568, 26.20696], [73.80289, 26.21527], [73.79121, 26.23625], [73.79294, 26.24715], [73.79609, 26.25284], [73.80839, 26.2639], [73.81047, 26.26813], [73.81039, 26.27475], [73.81471, 26.28712], [73.81452, 26.29157], [73.81192, 26.29831], [73.80738, 26.29911], [73.80497, 26.30561], [73.80732, 26.30899], [73.80607, 26.31097], [73.79561, 26.31479], [73.7919, 26.31946], [73.7959, 26.32138], [73.80792, 26.31557], [73.81099, 26.31508], [73.81344, 26.31695], [73.81418, 26.34324], [73.81828, 26.35775], [73.82259, 26.36377], [73.82907, 26.36907], [73.85293, 26.37607], [73.8565, 26.37956], [73.84337, 26.38462], [73.84714, 26.4074], [73.86416, 26.41517], [73.87049, 26.4225], [73.87421, 26.43059], [73.86484, 26.43909], [73.86064, 26.44572], [73.85773, 26.46736], [73.85102, 26.46751], [73.85179, 26.47212], [73.8416, 26.47235], [73.83795, 26.47708], [73.83819, 26.48049], [73.83309, 26.48285], [73.83, 26.48659], [73.82433, 26.48897], [73.81837, 26.49435], [73.81628, 26.50055], [73.808, 26.50395], [73.79505, 26.5045], [73.78316, 26.51717], [73.78062, 26.52234], [73.76988, 26.52997], [73.77346, 26.5341], [73.7714, 26.53811], [73.76154, 26.53533], [73.75974, 26.53997], [73.75623, 26.54076], [73.72938, 26.53823], [73.72247, 26.53911], [73.72188, 26.55212], [73.70213, 26.57746], [73.70154, 26.58174], [73.6952, 26.5887], [73.69936, 26.59691], [73.69868, 26.59911], [73.70245, 26.60266], [73.69789, 26.60739], [73.69393, 26.60859], [73.69292, 26.61542], [73.68577, 26.61843], [73.69372, 26.6228], [73.68633, 26.63241], [73.68161, 26.63419], [73.68294, 26.63794], [73.67976, 26.64542], [73.6606, 26.64811], [73.65968, 26.65621], [73.66166, 26.66064], [73.66996, 26.66714], [73.67376, 26.67831], [73.66052, 26.68798], [73.65195, 26.70067], [73.65091, 26.7101], [73.65358, 26.71776], [73.65716, 26.72101], [73.6729, 26.75181], [73.67841, 26.75592], [73.67145, 26.76414], [73.66804, 26.77428], [73.66355, 26.77965], [73.66176, 26.79647], [73.65613, 26.80787], [73.64427, 26.80591], [73.63329, 26.80689], [73.63403, 26.81451], [73.63208, 26.83942], [73.62765, 26.84433], [73.62258, 26.84535], [73.61346, 26.84054], [73.60983, 26.84404], [73.60725, 26.84383], [73.59473, 26.85564], [73.58878, 26.86337], [73.58166, 26.8605], [73.57657, 26.86465], [73.57314, 26.86226], [73.53148, 26.85856], [73.5134, 26.88092], [73.49965, 26.887], [73.48727, 26.88555], [73.47239, 26.87778], [73.47165, 26.88009], [73.45928, 26.87298], [73.45619, 26.87844], [73.45256, 26.87622], [73.44625, 26.87518], [73.43808, 26.88674], [73.42747, 26.88724], [73.40324, 26.88324], [73.38753, 26.869], [73.381, 26.86633], [73.37383, 26.8701], [73.35666, 26.86965], [73.35284, 26.86825], [73.342, 26.85728], [73.33357, 26.85606], [73.32831, 26.85673], [73.31956, 26.86276], [73.31269, 26.86366], [73.30251, 26.86884], [73.30094, 26.87385], [73.29381, 26.87382], [73.29076, 26.86774], [73.28662, 26.86408], [73.27596, 26.86235], [73.25902, 26.86473], [73.2438, 26.86348], [73.2383, 26.868], [73.2309, 26.86608], [73.22161, 26.86866], [73.21428, 26.86859], [73.20877, 26.87432], [73.21114, 26.87931], [73.20443, 26.88225], [73.19218, 26.88208], [73.18182, 26.90536], [73.17973, 26.92698], [73.17545, 26.93197], [73.17309, 26.9333], [73.16996, 26.93175], [73.16805, 26.92846], [73.15878, 26.92594], [73.1563, 26.92671], [73.15645, 26.92898], [73.12395, 26.94406], [73.11933, 26.94217], [73.11518, 26.95367], [73.11585, 26.96576], [73.12944, 26.98051], [73.15381, 26.99244], [73.15698, 26.99727], [73.15798, 27.00259], [73.15609, 27.01249], [73.1589, 27.01754], [73.15899, 27.02498], [73.19308, 27.05646], [73.18658, 27.06419], [73.18827, 27.06615], [73.18131, 27.08025], [73.1777, 27.09297], [73.1676, 27.10522], [73.15791, 27.11058], [73.15321, 27.12088], [73.16581, 27.13622], [73.1682, 27.14458], [73.16604, 27.15677], [73.16698, 27.16146], [73.15751, 27.19903], [73.15407, 27.2019], [73.15247, 27.21183], [73.14935, 27.21501], [73.14569, 27.22332], [73.13319, 27.23522], [73.15504, 27.2518], [73.15381, 27.25843], [73.15714, 27.26188], [73.15708, 27.26656], [73.16104, 27.26984], [73.16011, 27.27528], [73.16425, 27.29488], [73.15287, 27.32076], [73.1487, 27.34864], [73.15097, 27.35109], [73.14773, 27.3541], [73.15129, 27.3611], [73.14754, 27.36247], [73.14827, 27.36946], [73.1439, 27.37407], [73.14625, 27.37874], [73.1465, 27.39019], [73.13948, 27.39394], [73.13395, 27.40161], [73.12182, 27.40813], [73.10196, 27.40952], [73.09657, 27.40702], [73.08335, 27.40711], [73.04368, 27.41045], [73.0139, 27.40064], [72.98879, 27.38389], [72.98486, 27.38443], [72.98076, 27.39023], [72.97295, 27.38809], [72.97183, 27.39404], [72.96399, 27.39703], [72.96091, 27.4022], [72.94963, 27.4044], [72.94848, 27.4084], [72.95104, 27.41496], [72.94936, 27.43281], [72.94713, 27.4419], [72.94082, 27.44759], [72.90335, 27.41519], [72.89815, 27.42163], [72.89694, 27.42666], [72.89608, 27.45075], [72.87751, 27.4441], [72.869, 27.44247], [72.86885, 27.44548], [72.86099, 27.44321], [72.85946, 27.44489], [72.86537, 27.44966], [72.87514, 27.4638], [72.883, 27.46958], [72.88385, 27.47697], [72.86636, 27.47713], [72.83199, 27.46618], [72.8259, 27.47765], [72.82341, 27.48788], [72.82698, 27.49189], [72.82761, 27.50973], [72.8208, 27.5163], [72.82678, 27.52152], [72.83355, 27.51998], [72.83895, 27.52128], [72.84882, 27.5337], [72.85151, 27.5551], [72.84652, 27.57037], [72.83677, 27.57972], [72.83535, 27.58354], [72.83119, 27.58276], [72.83203, 27.5794], [72.81435, 27.57233], [72.7904, 27.56611], [72.78953, 27.56865], [72.77498, 27.56319], [72.77496, 27.5573], [72.77923, 27.55283], [72.78064, 27.54491], [72.77965, 27.53551], [72.77522, 27.5331], [72.7674, 27.52298], [72.72927, 27.55359], [72.72907, 27.5645], [72.71888, 27.58822], [72.71462, 27.58473], [72.70911, 27.59358], [72.69729, 27.60443], [72.67719, 27.57502], [72.67254, 27.54258], [72.66182, 27.53236], [72.64495, 27.56026], [72.62554, 27.57113], [72.61731, 27.58352], [72.62052, 27.5902], [72.60515, 27.60666], [72.59774, 27.60097], [72.5951, 27.60232], [72.59157, 27.60914], [72.57474, 27.60562], [72.57092, 27.60639], [72.56144, 27.61849], [72.54271, 27.61007], [72.51545, 27.58983], [72.50292, 27.58363], [72.50116, 27.58751], [72.49938, 27.58572], [72.48449, 27.58681], [72.47818, 27.58538], [72.46983, 27.59063], [72.46439, 27.58681], [72.45668, 27.58724], [72.45071, 27.58581], [72.43877, 27.56159], [72.42202, 27.55437], [72.40878, 27.54296], [72.40567, 27.54823], [72.40148, 27.5494], [72.38519, 27.54291], [72.37814, 27.53294], [72.36907, 27.52741], [72.36242, 27.48996], [72.3602, 27.48886], [72.33819, 27.50993], [72.32813, 27.5137], [72.32321, 27.50961], [72.30209, 27.49787], [72.30033, 27.49129], [72.29705, 27.48904], [72.29479, 27.48328], [72.2888, 27.47514], [72.2798, 27.46563], [72.2676, 27.45746], [72.26217, 27.45775], [72.2565, 27.46099], [72.24986, 27.46816], [72.25016, 27.47705], [72.25507, 27.48698], [72.25123, 27.49102], [72.25085, 27.49737], [72.25312, 27.5073], [72.2809, 27.51269], [72.2854, 27.51528], [72.29061, 27.52231], [72.28869, 27.52452], [72.29344, 27.52641], [72.29741, 27.54291], [72.28537, 27.54877], [72.27321, 27.546], [72.25284, 27.53335], [72.24676, 27.49765], [72.25032, 27.48726], [72.23493, 27.48873], [72.22467, 27.49168], [72.21228, 27.48911], [72.20931, 27.47977], [72.20471, 27.47949], [72.2042, 27.47522], [72.17678, 27.46182], [72.15902, 27.47586], [72.15996, 27.47891], [72.15811, 27.49212], [72.16097, 27.49391], [72.15786, 27.49933], [72.15421, 27.49761], [72.14703, 27.51492], [72.14432, 27.51567], [72.13896, 27.52202], [72.14247, 27.52455], [72.14671, 27.53245], [72.13981, 27.53966], [72.12692, 27.54642], [72.11643, 27.54711], [72.10773, 27.5564], [72.10699, 27.56009], [72.11995, 27.57179], [72.12552, 27.57155], [72.1303, 27.57599], [72.13041, 27.58043], [72.12397, 27.58389], [72.11863, 27.58113], [72.11682, 27.58228], [72.11929, 27.58793], [72.11317, 27.59087], [72.0965, 27.59035], [72.08707, 27.59276], [72.05127, 27.61448], [72.00163, 27.56921], [71.96788, 27.54977], [71.96109, 27.55018], [71.93218, 27.55917], [71.9082, 27.53334], [71.9042, 27.50324], [71.89901, 27.49492], [71.90194, 27.47912], [71.90084, 27.47384], [71.88369, 27.48457], [71.85365, 27.47869], [71.83957, 27.47854], [71.82588, 27.46041], [71.82348, 27.45336], [71.81876, 27.44823], [71.81588, 27.4417], [71.81656, 27.43113], [71.82684, 27.40997], [71.82874, 27.4], [71.8213, 27.34433], [71.83026, 27.32903], [71.83089, 27.32066], [71.82854, 27.31791], [71.8206, 27.3186], [71.8077, 27.30337], [71.80809, 27.30037], [71.80629, 27.29678], [71.79487, 27.28802], [71.79245, 27.28151], [71.79296, 27.27367], [71.79002, 27.25589], [71.79183, 27.24535], [71.79905, 27.25103], [71.82168, 27.25382], [71.84643, 27.23638], [71.85816, 27.23097], [71.89608, 27.21683], [71.90593, 27.21526], [71.90893, 27.21563], [71.91203, 27.21807], [71.91692, 27.21131], [71.91758, 27.18319], [71.9201, 27.17783], [71.92833, 27.17408], [71.93563, 27.1757], [71.94645, 27.18125], [71.95671, 27.18251], [71.96082, 27.17223], [71.95848, 27.15481], [71.96558, 27.14271], [71.96907, 27.1396], [71.9859, 27.13616], [72.00133, 27.12981], [72.0781, 27.11667], [72.08868, 27.10486], [72.08013, 27.07698], [72.06741, 27.06109], [72.06226, 27.05854], [72.06616, 27.05763], [72.06079, 27.05016], [72.08161, 27.04407], [72.0734, 27.03655], [72.06713, 27.03499], [72.05736, 27.03581], [72.04955, 27.03138], [72.05325, 27.02867], [72.05361, 27.02648], [72.04557, 27.02097], [72.0434, 27.01127], [72.04543, 27.0002], [72.04416, 26.99749], [72.05122, 26.96878], [72.04124, 26.93585], [72.07669, 26.91353], [72.10493, 26.88699], [72.10061, 26.88052], [72.10382, 26.86692], [72.10321, 26.86176], [72.0889, 26.84932], [72.0902, 26.84423], [72.10055, 26.83016], [72.09016, 26.8138], [72.08438, 26.80791], [72.0555, 26.80319], [72.04677, 26.78916], [72.0621, 26.78625], [72.06046, 26.76886], [72.06351, 26.76026], [72.08854, 26.73031], [72.08455, 26.72478], [72.09038, 26.71942], [72.07872, 26.71721], [72.0783, 26.71302], [72.07011, 26.71883], [72.05646, 26.7061], [72.057, 26.70066], [72.04706, 26.68737], [72.04369, 26.6877], [72.04101, 26.67545], [72.05061, 26.66804], [72.06755, 26.64624], [72.06313, 26.63815], [72.0873, 26.62347], [72.09984, 26.60047], [72.08027, 26.57115], [72.07471, 26.55689], [72.06544, 26.55143], [72.04673, 26.52626], [72.04026, 26.52089], [72.04252, 26.51638], [72.02842, 26.49878], [72.05718, 26.47666], [72.05983, 26.46919], [72.07971, 26.45129], [72.08332, 26.44308], [72.07983, 26.4168], [72.07457, 26.40088], [72.07424, 26.37798], [72.07671, 26.35445], [72.07401, 26.34956]]]}}, {"type": "Feature", "properties": {"shapeName": "Churu", "shapeISO": "", "shapeID": "76128533B66825707357376", "shapeGroup": "IND", "shapeType": "ADM2", "district": "Churu"}, "geometry": {"type": "Polygon", "coordinates": [[[75.47785, 28.93325], [75.47335, 28.93435], [75.47023, 28.94411], [75.45139, 28.96232], [75.45836, 28.97164], [75.45402, 28.97526], [75.45149, 28.97545], [75.45245, 28.98309], [75.4496, 28.98577], [75.44968, 28.98861], [75.4434, 28.99259], [75.42981, 28.99623], [75.42969, 28.99831], [75.42448, 28.99847], [75.42158, 28.98472], [75.40485, 28.96695], [75.40247, 28.96013], [75.40072, 28.9422], [75.38031, 28.93732], [75.38016, 28.92418], [75.37397, 28.9141], [75.35832, 28.91039], [75.3522, 28.9124], [75.34575, 28.91262], [75.34455, 28.91777], [75.33907, 28.91613], [75.33463, 28.91651], [75.33514, 28.92664], [75.33983, 28.93806], [75.35983, 28.94666], [75.35979, 28.96431], [75.35734, 28.9685], [75.33133, 28.9824], [75.32137, 28.98553], [75.30688, 28.98384], [75.30017, 28.98545], [75.29688, 28.97852], [75.29587, 28.97019], [75.29745, 28.9642], [75.30438, 28.96574], [75.30625, 28.96178], [75.31165, 28.95799], [75.31377, 28.95398], [75.3041, 28.94768], [75.2958, 28.91769], [75.2926, 28.91777], [75.29192, 28.92327], [75.28241, 28.92473], [75.27989, 28.93036], [75.27657, 28.93171], [75.27141, 28.92849], [75.26521, 28.92691], [75.26026, 28.92706], [75.25942, 28.92939], [75.25531, 28.92854], [75.25756, 28.93489], [75.24835, 28.93153], [75.24314, 28.92766], [75.243, 28.9243], [75.24472, 28.90476], [75.25035, 28.89512], [75.25136, 28.88886], [75.24946, 28.88366], [75.23213, 28.86664], [75.22274, 28.86519], [75.22266, 28.85963], [75.22069, 28.85732], [75.20331, 28.86072], [75.1998, 28.86347], [75.19975, 28.86839], [75.19598, 28.86921], [75.1916, 28.8667], [75.18911, 28.86179], [75.18056, 28.85466], [75.17407, 28.84509], [75.17091, 28.84444], [75.16714, 28.85292], [75.16051, 28.85521], [75.15753, 28.85969], [75.15773, 28.86356], [75.14904, 28.87223], [75.14462, 28.87336], [75.12168, 28.87423], [75.10233, 28.87259], [75.08439, 28.86196], [75.0726, 28.86023], [75.0578, 28.85543], [75.04399, 28.84791], [75.02875, 28.85023], [75.02903, 28.86858], [75.03133, 28.87829], [75.0389, 28.88752], [75.04693, 28.89328], [75.04387, 28.90209], [75.04396, 28.9161], [75.04091, 28.9238], [75.04288, 28.92843], [75.04101, 28.93611], [75.03834, 28.93696], [75.01985, 28.93333], [75.01767, 28.9312], [75.00566, 28.92824], [75.00466, 28.9194], [75.00237, 28.91609], [74.99985, 28.91518], [74.96145, 28.90914], [74.9487, 28.90563], [74.93733, 28.89385], [74.92851, 28.89464], [74.92038, 28.89774], [74.91773, 28.91039], [74.91427, 28.91724], [74.90031, 28.9353], [74.90326, 28.94003], [74.88849, 28.94134], [74.88297, 28.9434], [74.86333, 28.9448], [74.84442, 28.93624], [74.82094, 28.93459], [74.81239, 28.93221], [74.79268, 28.92121], [74.78394, 28.9135], [74.77365, 28.89871], [74.76974, 28.88768], [74.77207, 28.87834], [74.77703, 28.87368], [74.78932, 28.8668], [74.8017, 28.85348], [74.80268, 28.83403], [74.77892, 28.82575], [74.77179, 28.82444], [74.7581, 28.82839], [74.75548, 28.8476], [74.74973, 28.85419], [74.74268, 28.85484], [74.70668, 28.84401], [74.69546, 28.83779], [74.64695, 28.83825], [74.63851, 28.83672], [74.63436, 28.81454], [74.60247, 28.81295], [74.59693, 28.81598], [74.59404, 28.82063], [74.58578, 28.8278], [74.57983, 28.82882], [74.54467, 28.8205], [74.53799, 28.82466], [74.52568, 28.82733], [74.49106, 28.82008], [74.47146, 28.82002], [74.45718, 28.82831], [74.44617, 28.82943], [74.44008, 28.83172], [74.43857, 28.84133], [74.43425, 28.84903], [74.42334, 28.87847], [74.42051, 28.88492], [74.41696, 28.88592], [74.38229, 28.87471], [74.35484, 28.84782], [74.34582, 28.84204], [74.32483, 28.83352], [74.27905, 28.80023], [74.26674, 28.79731], [74.24058, 28.81006], [74.22309, 28.81183], [74.21458, 28.80946], [74.19664, 28.80885], [74.19001, 28.80643], [74.17235, 28.79358], [74.1704, 28.7826], [74.16744, 28.77917], [74.16192, 28.77714], [74.16051, 28.76871], [74.16354, 28.76394], [74.14762, 28.7565], [74.14212, 28.75075], [74.13898, 28.74119], [74.14245, 28.73769], [74.17009, 28.73746], [74.17693, 28.73401], [74.18407, 28.7255], [74.18662, 28.72401], [74.19068, 28.72513], [74.19364, 28.72026], [74.19545, 28.7114], [74.17697, 28.70738], [74.1417, 28.69506], [74.13345, 28.69019], [74.11121, 28.68374], [74.10078, 28.67942], [74.08329, 28.6691], [74.08552, 28.65653], [74.08385, 28.65025], [74.09083, 28.64053], [74.09474, 28.61933], [74.10888, 28.59741], [74.10948, 28.5891], [74.10158, 28.57592], [74.08842, 28.56203], [74.07659, 28.54273], [74.06169, 28.52904], [74.06012, 28.52375], [74.06098, 28.51775], [74.06619, 28.50541], [74.06725, 28.49749], [74.06268, 28.47555], [74.06407, 28.4587], [74.06134, 28.45162], [74.0613, 28.44547], [74.07241, 28.42907], [74.07992, 28.42527], [74.07544, 28.41967], [74.06866, 28.41581], [74.04817, 28.4136], [74.03856, 28.40574], [74.03261, 28.39872], [74.03116, 28.39319], [74.03086, 28.3762], [74.03893, 28.36838], [74.03847, 28.36161], [74.04064, 28.35582], [74.04752, 28.34554], [74.0623, 28.33607], [74.06878, 28.33462], [74.06936, 28.33211], [74.0998, 28.33786], [74.12061, 28.33861], [74.14736, 28.332], [74.15529, 28.31427], [74.15976, 28.31007], [74.16663, 28.30928], [74.18464, 28.31171], [74.20146, 28.3119], [74.20477, 28.30658], [74.21241, 28.28339], [74.20905, 28.27063], [74.21045, 28.26576], [74.21575, 28.25668], [74.23982, 28.2309], [74.24551, 28.23007], [74.25239, 28.2315], [74.25809, 28.23012], [74.27425, 28.23583], [74.28179, 28.23564], [74.30957, 28.23147], [74.31786, 28.22803], [74.33577, 28.21901], [74.35302, 28.20427], [74.35612, 28.1922], [74.35586, 28.17978], [74.34765, 28.15973], [74.34112, 28.15415], [74.33149, 28.15104], [74.31052, 28.14996], [74.3047, 28.1444], [74.29899, 28.13489], [74.29795, 28.12031], [74.28786, 28.07863], [74.28759, 28.06261], [74.29097, 28.05144], [74.28979, 28.04068], [74.28009, 28.0264], [74.2714, 28.01889], [74.25183, 28.01551], [74.24479, 28.01124], [74.23973, 28.00083], [74.23357, 27.96928], [74.23077, 27.94274], [74.23454, 27.92661], [74.23401, 27.92048], [74.20876, 27.89805], [74.20752, 27.89056], [74.20864, 27.88316], [74.22523, 27.85054], [74.22195, 27.82339], [74.21785, 27.81182], [74.2133, 27.80836], [74.19392, 27.79993], [74.12808, 27.78878], [74.11615, 27.78531], [74.10129, 27.77465], [74.09674, 27.76873], [74.08963, 27.75241], [74.07535, 27.73741], [74.05027, 27.72057], [74.0382, 27.72053], [74.02657, 27.7167], [74.00655, 27.72241], [73.9986, 27.72811], [73.99729, 27.73254], [74.0079, 27.7485], [74.00762, 27.75171], [73.99784, 27.75165], [73.99167, 27.74779], [73.98515, 27.74778], [73.98334, 27.74968], [73.98172, 27.7586], [73.986, 27.76631], [73.99072, 27.76891], [74.00709, 27.76906], [74.00936, 27.77166], [74.00389, 27.78], [73.98832, 27.79274], [73.97998, 27.79521], [73.9692, 27.79573], [73.95699, 27.79302], [73.93843, 27.78648], [73.92987, 27.77948], [73.91799, 27.77387], [73.90514, 27.77098], [73.89042, 27.77073], [73.86303, 27.77433], [73.85457, 27.77803], [73.84306, 27.79068], [73.8354, 27.78136], [73.832, 27.77081], [73.83178, 27.76141], [73.83408, 27.75562], [73.8342, 27.74837], [73.83164, 27.74314], [73.83111, 27.73768], [73.8378, 27.72342], [73.84345, 27.71892], [73.8454, 27.70451], [73.84515, 27.69991], [73.83734, 27.69425], [73.83683, 27.68862], [73.84096, 27.67952], [73.8417, 27.67088], [73.83926, 27.66895], [73.83061, 27.66779], [73.83761, 27.6572], [73.84499, 27.65378], [73.85672, 27.63156], [73.86073, 27.61842], [73.86855, 27.61404], [73.85978, 27.60774], [73.85415, 27.6007], [73.85004, 27.59199], [73.85441, 27.5842], [73.85984, 27.56565], [73.85956, 27.56065], [73.8528, 27.55492], [73.85267, 27.55111], [73.87602, 27.53162], [73.88686, 27.50573], [73.90324, 27.49631], [73.95186, 27.51285], [73.95637, 27.50873], [73.96067, 27.50744], [73.97484, 27.50597], [73.98878, 27.51226], [73.99208, 27.50864], [73.99512, 27.50768], [74.00113, 27.5133], [74.01246, 27.51365], [74.01055, 27.51833], [74.0118, 27.5216], [74.03133, 27.5349], [74.03704, 27.52907], [74.05374, 27.52056], [74.06143, 27.51039], [74.06828, 27.5059], [74.0685, 27.49669], [74.0777, 27.49225], [74.0832, 27.48242], [74.08321, 27.47907], [74.10817, 27.47633], [74.1162, 27.47153], [74.12103, 27.46242], [74.1343, 27.46209], [74.13833, 27.46064], [74.15082, 27.44083], [74.15112, 27.43317], [74.14246, 27.42835], [74.14423, 27.42253], [74.1513, 27.41646], [74.15517, 27.41059], [74.16075, 27.41206], [74.18255, 27.42282], [74.19218, 27.42427], [74.20573, 27.42381], [74.20415, 27.45473], [74.20761, 27.46283], [74.21329, 27.46854], [74.2087, 27.47019], [74.20752, 27.47531], [74.19802, 27.47741], [74.19402, 27.48058], [74.19457, 27.48757], [74.19746, 27.49553], [74.20706, 27.5061], [74.21978, 27.512], [74.23972, 27.52646], [74.24179, 27.53803], [74.24991, 27.55155], [74.2497, 27.55821], [74.25856, 27.56308], [74.25833, 27.60232], [74.27698, 27.61028], [74.27954, 27.61913], [74.28302, 27.62362], [74.28966, 27.62825], [74.31424, 27.63421], [74.31018, 27.64824], [74.32094, 27.65158], [74.32692, 27.65578], [74.33453, 27.65806], [74.33559, 27.67288], [74.34226, 27.67343], [74.34481, 27.67939], [74.37298, 27.68254], [74.38005, 27.68685], [74.39004, 27.68983], [74.40264, 27.69789], [74.41075, 27.6863], [74.43355, 27.68867], [74.4431, 27.6916], [74.44727, 27.6903], [74.45188, 27.69117], [74.45673, 27.68956], [74.45763, 27.68515], [74.46128, 27.68348], [74.46521, 27.67893], [74.47242, 27.68225], [74.49259, 27.68496], [74.49659, 27.66564], [74.5032, 27.66498], [74.52661, 27.67464], [74.53733, 27.66711], [74.5398, 27.66355], [74.5494, 27.66193], [74.56054, 27.66644], [74.57398, 27.67674], [74.58572, 27.68932], [74.60739, 27.70497], [74.61194, 27.70596], [74.61573, 27.70124], [74.62076, 27.69841], [74.62751, 27.69784], [74.62655, 27.6922], [74.62065, 27.68641], [74.61314, 27.6835], [74.6078, 27.67635], [74.61342, 27.66723], [74.61442, 27.66138], [74.62932, 27.64824], [74.63861, 27.65117], [74.65368, 27.65348], [74.67492, 27.66488], [74.68206, 27.66723], [74.69165, 27.67261], [74.69922, 27.67435], [74.71435, 27.67636], [74.73201, 27.676], [74.74566, 27.68519], [74.7497, 27.68942], [74.75351, 27.71685], [74.7379, 27.71993], [74.72834, 27.71761], [74.72963, 27.72276], [74.72913, 27.73381], [74.74231, 27.76445], [74.75489, 27.76709], [74.76206, 27.76495], [74.77657, 27.77104], [74.78849, 27.77787], [74.78861, 27.78211], [74.80063, 27.78489], [74.79766, 27.79148], [74.8183, 27.79968], [74.81159, 27.81501], [74.79777, 27.83689], [74.78098, 27.83201], [74.76945, 27.84636], [74.76818, 27.85406], [74.75138, 27.85755], [74.74166, 27.85516], [74.73059, 27.86243], [74.73053, 27.86712], [74.74442, 27.87555], [74.73814, 27.87787], [74.73594, 27.88177], [74.73929, 27.88914], [74.75205, 27.89022], [74.76599, 27.89532], [74.78505, 27.89896], [74.79416, 27.8962], [74.80186, 27.89633], [74.83005, 27.91047], [74.83185, 27.91962], [74.82532, 27.92857], [74.82204, 27.93798], [74.81244, 27.93997], [74.80257, 27.9443], [74.78217, 27.9556], [74.76229, 27.98767], [74.77619, 27.99439], [74.79367, 28.00611], [74.79538, 28.02294], [74.79737, 28.028], [74.80442, 28.03077], [74.80434, 28.04081], [74.80929, 28.05826], [74.80678, 28.06378], [74.78899, 28.07776], [74.78796, 28.08474], [74.79049, 28.10476], [74.79492, 28.11299], [74.79918, 28.11659], [74.80344, 28.11694], [74.81747, 28.11275], [74.83088, 28.11465], [74.83904, 28.12269], [74.85761, 28.13352], [74.85801, 28.14126], [74.86196, 28.14037], [74.86904, 28.14511], [74.88473, 28.17114], [74.88839, 28.18755], [74.89358, 28.19183], [74.90524, 28.19313], [74.9188, 28.19683], [74.93515, 28.19558], [74.93989, 28.19456], [74.94539, 28.18836], [74.94904, 28.18725], [74.96683, 28.19471], [74.99351, 28.19865], [75.00095, 28.20097], [75.00867, 28.20061], [75.01034, 28.19637], [75.01563, 28.19243], [75.03049, 28.19811], [75.02843, 28.20088], [75.02875, 28.20555], [75.03236, 28.20867], [75.0317, 28.21279], [75.03992, 28.21669], [75.04309, 28.22159], [75.05036, 28.2261], [75.04906, 28.23401], [75.04532, 28.23975], [75.04631, 28.2446], [75.05072, 28.24887], [75.05117, 28.25303], [75.07869, 28.26413], [75.08496, 28.26225], [75.10192, 28.26592], [75.12572, 28.28473], [75.14256, 28.28857], [75.14983, 28.2916], [75.14708, 28.304], [75.15792, 28.31203], [75.15288, 28.3303], [75.16552, 28.33796], [75.16573, 28.34468], [75.15829, 28.35835], [75.13053, 28.39409], [75.13249, 28.4016], [75.14514, 28.40691], [75.15933, 28.40753], [75.1618, 28.40596], [75.16481, 28.39697], [75.16812, 28.37908], [75.17, 28.37884], [75.18044, 28.38398], [75.18517, 28.38413], [75.19346, 28.38039], [75.21941, 28.39036], [75.22707, 28.39506], [75.23085, 28.39949], [75.22227, 28.40753], [75.22103, 28.42038], [75.22474, 28.42827], [75.23637, 28.43543], [75.23562, 28.45535], [75.24244, 28.45543], [75.25484, 28.45969], [75.26155, 28.45281], [75.26602, 28.4503], [75.2804, 28.44952], [75.29319, 28.42554], [75.29948, 28.42672], [75.30292, 28.42559], [75.30482, 28.42326], [75.30431, 28.41957], [75.3167, 28.41035], [75.3185, 28.4053], [75.32321, 28.4025], [75.32694, 28.39714], [75.33134, 28.39561], [75.33222, 28.37704], [75.33597, 28.36692], [75.34252, 28.36534], [75.35406, 28.35525], [75.35911, 28.35418], [75.36058, 28.35121], [75.36625, 28.34712], [75.3737, 28.34522], [75.38401, 28.33781], [75.40778, 28.33688], [75.42044, 28.34147], [75.41945, 28.3608], [75.43891, 28.36435], [75.4492, 28.36311], [75.45491, 28.34554], [75.4629, 28.33802], [75.47911, 28.34095], [75.4874, 28.34083], [75.49496, 28.3399], [75.50271, 28.33683], [75.5096, 28.33996], [75.51671, 28.36495], [75.51966, 28.36955], [75.53173, 28.37298], [75.53281, 28.37829], [75.53652, 28.38057], [75.54365, 28.38138], [75.54571, 28.37945], [75.5462, 28.3754], [75.56106, 28.37839], [75.57264, 28.37772], [75.57092, 28.39838], [75.57261, 28.40705], [75.57464, 28.40812], [75.58947, 28.40787], [75.59796, 28.40705], [75.60273, 28.40493], [75.61623, 28.40619], [75.61089, 28.41943], [75.60672, 28.42444], [75.59833, 28.42903], [75.59331, 28.43417], [75.59151, 28.44401], [75.59586, 28.44559], [75.60566, 28.44597], [75.60453, 28.45078], [75.61406, 28.48257], [75.61488, 28.50213], [75.61691, 28.50541], [75.64004, 28.50952], [75.64248, 28.50615], [75.66552, 28.50749], [75.66904, 28.50874], [75.67301, 28.5166], [75.67181, 28.51706], [75.67223, 28.52515], [75.67053, 28.52976], [75.67183, 28.53136], [75.66954, 28.53201], [75.66668, 28.53593], [75.6546, 28.53648], [75.64612, 28.53931], [75.64037, 28.5441], [75.63436, 28.54437], [75.63201, 28.55477], [75.62644, 28.56594], [75.62664, 28.57562], [75.6241, 28.58894], [75.62494, 28.59557], [75.62307, 28.60165], [75.61909, 28.60338], [75.59205, 28.60556], [75.58858, 28.60792], [75.58716, 28.61312], [75.56241, 28.61315], [75.56173, 28.636], [75.55583, 28.64343], [75.5507, 28.64145], [75.54515, 28.65473], [75.54632, 28.65921], [75.54235, 28.66043], [75.54613, 28.68272], [75.54072, 28.69418], [75.53946, 28.71741], [75.54186, 28.72467], [75.53828, 28.72908], [75.53537, 28.74242], [75.53784, 28.74474], [75.53642, 28.74628], [75.5328, 28.74657], [75.52834, 28.75359], [75.52683, 28.75378], [75.52479, 28.75706], [75.52493, 28.7609], [75.52301, 28.76093], [75.52403, 28.76356], [75.52237, 28.76329], [75.52391, 28.766], [75.52195, 28.76878], [75.51745, 28.7703], [75.51886, 28.773], [75.51787, 28.7746], [75.51495, 28.7731], [75.51206, 28.78058], [75.50416, 28.78245], [75.50559, 28.78761], [75.50886, 28.78865], [75.50699, 28.79227], [75.50936, 28.79123], [75.51217, 28.79355], [75.51158, 28.79559], [75.50959, 28.79555], [75.50981, 28.80263], [75.51272, 28.80405], [75.51715, 28.81233], [75.52027, 28.81265], [75.52115, 28.8339], [75.51645, 28.83414], [75.51622, 28.83975], [75.51164, 28.83819], [75.50873, 28.83913], [75.50857, 28.84272], [75.50596, 28.84426], [75.50619, 28.85118], [75.49932, 28.84872], [75.49774, 28.85842], [75.49943, 28.87071], [75.49758, 28.89601], [75.49524, 28.89717], [75.49394, 28.90093], [75.49086, 28.90075], [75.48932, 28.90239], [75.48864, 28.90764], [75.48545, 28.90714], [75.48652, 28.9084], [75.47484, 28.92217], [75.47785, 28.93325]]]}}, {"type": "Feature", "properties": {"shapeName": "Bikaner", "shapeISO": "", "shapeID": "76128533B55039756001726", "shapeGroup": "IND", "shapeType": "ADM2", "district": "Bikaner"}, "geometry": {"type": "Polygon", "coordinates": [[[72.28537, 27.54877], [72.29741, 27.54291], [72.29344, 27.52641], [72.28869, 27.52452], [72.29061, 27.52231], [72.2854, 27.51528], [72.2809, 27.51269], [72.25312, 27.5073], [72.25085, 27.49737], [72.25123, 27.49102], [72.25507, 27.48698], [72.25016, 27.47705], [72.24986, 27.46816], [72.2565, 27.46099], [72.26217, 27.45775], [72.2676, 27.45746], [72.2798, 27.46563], [72.2888, 27.47514], [72.29479, 27.48328], [72.29705, 27.48904], [72.30033, 27.49129], [72.30209, 27.49787], [72.32321, 27.50961], [72.32813, 27.5137], [72.33819, 27.50993], [72.3602, 27.48886], [72.36242, 27.48996], [72.36907, 27.52741], [72.37814, 27.53294], [72.38519, 27.54291], [72.40148, 27.5494], [72.40567, 27.54823], [72.40878, 27.54296], [72.42202, 27.55437], [72.43877, 27.56159], [72.45071, 27.58581], [72.45668, 27.58724], [72.46439, 27.58681], [72.46983, 27.59063], [72.47818, 27.58538], [72.48449, 27.58681], [72.49938, 27.58572], [72.50116, 27.58751], [72.50292, 27.58363], [72.51545, 27.58983], [72.54271, 27.61007], [72.56144, 27.61849], [72.57092, 27.60639], [72.57474, 27.60562], [72.59157, 27.60914], [72.5951, 27.60232], [72.59774, 27.60097], [72.60515, 27.60666], [72.62052, 27.5902], [72.61731, 27.58352], [72.62554, 27.57113], [72.64495, 27.56026], [72.66182, 27.53236], [72.67254, 27.54258], [72.67719, 27.57502], [72.69729, 27.60443], [72.70911, 27.59358], [72.71462, 27.58473], [72.71888, 27.58822], [72.72907, 27.5645], [72.72927, 27.55359], [72.7674, 27.52298], [72.77522, 27.5331], [72.77965, 27.53551], [72.78064, 27.54491], [72.77923, 27.55283], [72.77496, 27.5573], [72.77498, 27.56319], [72.78953, 27.56865], [72.7904, 27.56611], [72.81435, 27.57233], [72.83203, 27.5794], [72.83119, 27.58276], [72.83535, 27.58354], [72.83677, 27.57972], [72.84652, 27.57037], [72.85151, 27.5551], [72.84882, 27.5337], [72.83895, 27.52128], [72.83355, 27.51998], [72.82678, 27.52152], [72.8208, 27.5163], [72.82761, 27.50973], [72.82698, 27.49189], [72.82341, 27.48788], [72.8259, 27.47765], [72.83199, 27.46618], [72.86636, 27.47713], [72.88385, 27.47697], [72.883, 27.46958], [72.87514, 27.4638], [72.86537, 27.44966], [72.85946, 27.44489], [72.86099, 27.44321], [72.86885, 27.44548], [72.869, 27.44247], [72.87751, 27.4441], [72.89608, 27.45075], [72.89694, 27.42666], [72.89815, 27.42163], [72.90335, 27.41519], [72.94082, 27.44759], [72.94713, 27.4419], [72.94936, 27.43281], [72.95104, 27.41496], [72.94848, 27.4084], [72.94963, 27.4044], [72.96091, 27.4022], [72.96399, 27.39703], [72.97183, 27.39404], [72.97295, 27.38809], [72.98076, 27.39023], [72.98486, 27.38443], [72.98879, 27.38389], [73.0139, 27.40064], [73.04368, 27.41045], [73.08335, 27.40711], [73.09657, 27.40702], [73.10196, 27.40952], [73.12182, 27.40813], [73.13395, 27.40161], [73.13948, 27.39394], [73.1465, 27.39019], [73.14625, 27.37874], [73.1439, 27.37407], [73.14827, 27.36946], [73.14754, 27.36247], [73.15129, 27.3611], [73.14773, 27.3541], [73.15097, 27.35109], [73.1487, 27.34864], [73.15287, 27.32076], [73.16425, 27.29488], [73.16914, 27.29457], [73.17855, 27.29018], [73.19077, 27.28067], [73.19816, 27.27729], [73.20944, 27.27781], [73.21129, 27.29473], [73.21465, 27.30445], [73.24356, 27.32609], [73.25087, 27.32582], [73.25387, 27.31441], [73.26512, 27.31408], [73.2691, 27.30375], [73.26412, 27.29634], [73.26652, 27.29342], [73.26486, 27.28489], [73.28023, 27.27419], [73.2847, 27.2681], [73.28641, 27.26483], [73.28379, 27.25869], [73.28523, 27.25518], [73.29508, 27.24803], [73.30652, 27.23509], [73.31432, 27.23101], [73.32338, 27.22077], [73.33331, 27.20464], [73.33431, 27.1993], [73.33726, 27.1995], [73.34035, 27.19635], [73.34415, 27.19846], [73.34711, 27.1967], [73.35224, 27.19697], [73.34996, 27.19047], [73.35158, 27.18679], [73.35457, 27.1866], [73.35902, 27.19068], [73.36229, 27.19648], [73.36331, 27.19584], [73.37069, 27.20183], [73.36866, 27.20517], [73.37503, 27.2108], [73.37428, 27.21358], [73.36065, 27.22097], [73.35975, 27.22526], [73.36155, 27.23798], [73.37636, 27.26052], [73.3865, 27.2692], [73.39528, 27.27452], [73.39543, 27.27163], [73.40457, 27.27442], [73.41595, 27.28666], [73.45112, 27.30967], [73.45144, 27.31389], [73.45883, 27.31652], [73.46093, 27.31491], [73.48179, 27.32259], [73.50535, 27.33339], [73.49631, 27.3486], [73.49579, 27.36046], [73.52735, 27.37516], [73.51782, 27.38793], [73.50979, 27.38682], [73.50654, 27.39531], [73.50644, 27.40921], [73.5085, 27.42], [73.5073, 27.43381], [73.52406, 27.44476], [73.51994, 27.45106], [73.52248, 27.45368], [73.5204, 27.45764], [73.52363, 27.46265], [73.52302, 27.46584], [73.52687, 27.47834], [73.53091, 27.48499], [73.54087, 27.49408], [73.54546, 27.49569], [73.55028, 27.49548], [73.55455, 27.49281], [73.56463, 27.49221], [73.56793, 27.48628], [73.57346, 27.48747], [73.57717, 27.48487], [73.58565, 27.48904], [73.58822, 27.48378], [73.60025, 27.49025], [73.60427, 27.48941], [73.60884, 27.49252], [73.60805, 27.5048], [73.61065, 27.50998], [73.62049, 27.51717], [73.60679, 27.53854], [73.61011, 27.54194], [73.61492, 27.54], [73.6194, 27.54215], [73.64348, 27.56475], [73.64879, 27.56703], [73.6522, 27.56697], [73.66325, 27.55622], [73.66863, 27.55778], [73.67313, 27.55005], [73.67573, 27.55021], [73.6876, 27.53504], [73.69267, 27.52513], [73.70525, 27.52774], [73.70919, 27.53056], [73.71373, 27.5281], [73.72948, 27.53648], [73.73011, 27.54005], [73.743, 27.54267], [73.74815, 27.53834], [73.75374, 27.53634], [73.76795, 27.51769], [73.7819, 27.50877], [73.78444, 27.51161], [73.78929, 27.51038], [73.81105, 27.51751], [73.82163, 27.52848], [73.82278, 27.53382], [73.83871, 27.54825], [73.85267, 27.55111], [73.8528, 27.55492], [73.85956, 27.56065], [73.85984, 27.56565], [73.85441, 27.5842], [73.85004, 27.59199], [73.85415, 27.6007], [73.85978, 27.60774], [73.86855, 27.61404], [73.86073, 27.61842], [73.85672, 27.63156], [73.84499, 27.65378], [73.83761, 27.6572], [73.83061, 27.66779], [73.83926, 27.66895], [73.8417, 27.67088], [73.84096, 27.67952], [73.83683, 27.68862], [73.83734, 27.69425], [73.84515, 27.69991], [73.8454, 27.70451], [73.84345, 27.71892], [73.8378, 27.72342], [73.83111, 27.73768], [73.83164, 27.74314], [73.8342, 27.74837], [73.83408, 27.75562], [73.83178, 27.76141], [73.832, 27.77081], [73.8354, 27.78136], [73.84306, 27.79068], [73.85457, 27.77803], [73.86303, 27.77433], [73.89042, 27.77073], [73.90514, 27.77098], [73.91799, 27.77387], [73.92987, 27.77948], [73.93843, 27.78648], [73.95699, 27.79302], [73.9692, 27.79573], [73.97998, 27.79521], [73.98832, 27.79274], [74.00389, 27.78], [74.00936, 27.77166], [74.00709, 27.76906], [73.99072, 27.76891], [73.986, 27.76631], [73.98172, 27.7586], [73.98334, 27.74968], [73.98515, 27.74778], [73.99167, 27.74779], [73.99784, 27.75165], [74.00762, 27.75171], [74.0079, 27.7485], [73.99729, 27.73254], [73.9986, 27.72811], [74.00655, 27.72241], [74.02657, 27.7167], [74.0382, 27.72053], [74.05027, 27.72057], [74.07535, 27.73741], [74.08963, 27.75241], [74.09674, 27.76873], [74.10129, 27.77465], [74.11615, 27.78531], [74.12808, 27.78878], [74.19392, 27.79993], [74.2133, 27.80836], [74.21785, 27.81182], [74.22195, 27.82339], [74.22523, 27.85054], [74.20864, 27.88316], [74.20752, 27.89056], [74.20876, 27.89805], [74.23401, 27.92048], [74.23454, 27.92661], [74.23077, 27.94274], [74.23357, 27.96928], [74.23973, 28.00083], [74.24479, 28.01124], [74.25183, 28.01551], [74.2714, 28.01889], [74.28009, 28.0264], [74.28979, 28.04068], [74.29097, 28.05144], [74.28759, 28.06261], [74.28786, 28.07863], [74.29795, 28.12031], [74.29899, 28.13489], [74.3047, 28.1444], [74.31052, 28.14996], [74.33149, 28.15104], [74.34112, 28.15415], [74.34765, 28.15973], [74.35586, 28.17978], [74.35612, 28.1922], [74.35302, 28.20427], [74.33577, 28.21901], [74.31786, 28.22803], [74.30957, 28.23147], [74.28179, 28.23564], [74.27425, 28.23583], [74.25809, 28.23012], [74.25239, 28.2315], [74.24551, 28.23007], [74.23982, 28.2309], [74.21575, 28.25668], [74.21045, 28.26576], [74.20905, 28.27063], [74.21241, 28.28339], [74.20477, 28.30658], [74.20146, 28.3119], [74.18464, 28.31171], [74.16663, 28.30928], [74.15976, 28.31007], [74.15529, 28.31427], [74.14736, 28.332], [74.12061, 28.33861], [74.0998, 28.33786], [74.06936, 28.33211], [74.06878, 28.33462], [74.0623, 28.33607], [74.04752, 28.34554], [74.04064, 28.35582], [74.03847, 28.36161], [74.03893, 28.36838], [74.03086, 28.3762], [74.03116, 28.39319], [74.03261, 28.39872], [74.03856, 28.40574], [74.04817, 28.4136], [74.06866, 28.41581], [74.07544, 28.41967], [74.07992, 28.42527], [74.07241, 28.42907], [74.0613, 28.44547], [74.06134, 28.45162], [74.06407, 28.4587], [74.06268, 28.47555], [74.06725, 28.49749], [74.06619, 28.50541], [74.06098, 28.51775], [74.06012, 28.52375], [74.06169, 28.52904], [74.07659, 28.54273], [74.08842, 28.56203], [74.10158, 28.57592], [74.10948, 28.5891], [74.10888, 28.59741], [74.09474, 28.61933], [74.09083, 28.64053], [74.08385, 28.65025], [74.08552, 28.65653], [74.08329, 28.6691], [74.10078, 28.67942], [74.11121, 28.68374], [74.13345, 28.69019], [74.1417, 28.69506], [74.17697, 28.70738], [74.19545, 28.7114], [74.19364, 28.72026], [74.19068, 28.72513], [74.18662, 28.72401], [74.18407, 28.7255], [74.17693, 28.73401], [74.17009, 28.73746], [74.14245, 28.73769], [74.13898, 28.74119], [74.14212, 28.75075], [74.14762, 28.7565], [74.16354, 28.76394], [74.16051, 28.76871], [74.16192, 28.77714], [74.16062, 28.78141], [74.14815, 28.78549], [74.13702, 28.79553], [74.11956, 28.79357], [74.0977, 28.78293], [74.0888, 28.78723], [74.06521, 28.77743], [74.06034, 28.77736], [74.05941, 28.78097], [74.06226, 28.78533], [74.06651, 28.78849], [74.07558, 28.80386], [74.0803, 28.80742], [74.09445, 28.82569], [74.10472, 28.83454], [74.11482, 28.83306], [74.12713, 28.83896], [74.1214, 28.84703], [74.12372, 28.8511], [74.12555, 28.86197], [74.13132, 28.8752], [74.13013, 28.88108], [74.12266, 28.89638], [74.11397, 28.89929], [74.11588, 28.91114], [74.11172, 28.92422], [74.11502, 28.93738], [74.11322, 28.94015], [74.08686, 28.93241], [74.08081, 28.93247], [74.07502, 28.9367], [74.07045, 28.93628], [74.06803, 28.93807], [74.06766, 28.94341], [74.07397, 28.96388], [74.07225, 28.96919], [74.05258, 28.99773], [74.0482, 28.99931], [74.0431, 28.99861], [74.04226, 29.00486], [74.04356, 29.01221], [74.03578, 29.01094], [74.03014, 29.00709], [74.02946, 29.0034], [74.03112, 29.00013], [74.02337, 28.98645], [74.02265, 28.9751], [74.0243, 28.96434], [74.02158, 28.9601], [74.02738, 28.93324], [74.01658, 28.92858], [74.00933, 28.92037], [73.97621, 28.9036], [73.97143, 28.91242], [73.96064, 28.94579], [73.96399, 28.94992], [73.96387, 28.95611], [73.96881, 28.96428], [73.97001, 28.97617], [73.95813, 28.97179], [73.91217, 28.96099], [73.91132, 28.95675], [73.8781, 28.94085], [73.87154, 28.94243], [73.86365, 28.93784], [73.84793, 28.93789], [73.84683, 28.94599], [73.85352, 28.95171], [73.8434, 28.96937], [73.83193, 28.96682], [73.82819, 28.98249], [73.82554, 28.98667], [73.82042, 28.99094], [73.81117, 28.99223], [73.80575, 29.00155], [73.79962, 29.00703], [73.79887, 29.01856], [73.80387, 29.02277], [73.80106, 29.04082], [73.7942, 29.04146], [73.78757, 29.03969], [73.786, 29.04097], [73.78549, 29.05044], [73.77349, 29.05164], [73.7596, 29.03081], [73.75454, 29.02727], [73.75305, 29.018], [73.74355, 29.00747], [73.73789, 29.02015], [73.7338, 29.02288], [73.73189, 29.02629], [73.71459, 29.02424], [73.70972, 29.02689], [73.70295, 29.02695], [73.70169, 29.0323], [73.70317, 29.03689], [73.69094, 29.0356], [73.6858, 29.0275], [73.68489, 29.02129], [73.66692, 29.01825], [73.6631, 29.02006], [73.65741, 29.01843], [73.64635, 29.02701], [73.63981, 29.02997], [73.6353, 29.02965], [73.63026, 29.03762], [73.62519, 29.03728], [73.60423, 29.02774], [73.599, 29.02128], [73.56973, 28.99613], [73.56744, 28.99681], [73.558, 29.00877], [73.54387, 29.00129], [73.52197, 28.99447], [73.50912, 29.00592], [73.49294, 29.01155], [73.48853, 29.01187], [73.45574, 28.99278], [73.43615, 28.99047], [73.42838, 28.99176], [73.41991, 29.00096], [73.41601, 29.00315], [73.38885, 29.01007], [73.36502, 29.00541], [73.34658, 29.0058], [73.32108, 28.98909], [73.30878, 28.97074], [73.30077, 28.96931], [73.29107, 28.97138], [73.28641, 28.96773], [73.28083, 28.95362], [73.28144, 28.94032], [73.27361, 28.93739], [73.25905, 28.94216], [73.24973, 28.93563], [73.229, 28.92963], [73.22034, 28.91946], [73.19856, 28.88409], [73.21372, 28.86395], [73.22712, 28.85262], [73.22337, 28.84966], [73.2156, 28.85235], [73.20652, 28.85328], [73.17793, 28.82948], [73.17468, 28.82739], [73.16984, 28.82678], [73.16053, 28.81775], [73.16347, 28.81393], [73.158, 28.80683], [73.1583, 28.79988], [73.16114, 28.79462], [73.15122, 28.78391], [73.11746, 28.76687], [73.08799, 28.76256], [73.0651, 28.75373], [73.04658, 28.74841], [73.03668, 28.7429], [73.02876, 28.73531], [73.01236, 28.71372], [73.0047, 28.71192], [72.99924, 28.71345], [72.99746, 28.71721], [72.96486, 28.73801], [72.95884, 28.73977], [72.95108, 28.73693], [72.94389, 28.73139], [72.93562, 28.72855], [72.92563, 28.73079], [72.89856, 28.74523], [72.82642, 28.77623], [72.80091, 28.77818], [72.79303, 28.78126], [72.76659, 28.79973], [72.75979, 28.79513], [72.74808, 28.78258], [72.73647, 28.80227], [72.7235, 28.80982], [72.70774, 28.83171], [72.6938, 28.84787], [72.67463, 28.86365], [72.67316, 28.86957], [72.66815, 28.87786], [72.64894, 28.90319], [72.47952, 28.81191], [72.40382, 28.78292], [72.355, 28.73367], [72.29933, 28.66975], [72.27924, 28.60425], [72.23265, 28.4739], [72.20637, 28.3946], [72.13203, 28.31276], [72.00427, 28.21849], [71.92752, 28.12187], [71.89833, 27.96125], [71.9104, 27.94848], [71.92265, 27.92467], [71.9257, 27.92147], [71.95347, 27.91194], [71.95722, 27.91335], [71.96801, 27.92396], [71.98222, 27.9272], [71.99478, 27.9431], [72.00163, 27.94571], [72.03361, 27.94929], [72.03905, 27.94713], [72.05709, 27.93483], [72.07955, 27.92383], [72.08731, 27.91682], [72.08761, 27.91008], [72.09271, 27.90277], [72.10057, 27.89739], [72.12451, 27.88616], [72.14688, 27.87267], [72.15621, 27.85981], [72.1515, 27.85158], [72.14466, 27.84432], [72.15596, 27.81105], [72.15688, 27.77969], [72.13314, 27.75781], [72.1194, 27.74837], [72.10624, 27.74917], [72.10233, 27.74198], [72.09499, 27.73611], [72.10274, 27.73242], [72.09639, 27.72178], [72.09885, 27.71522], [72.11022, 27.70514], [72.11864, 27.71038], [72.14895, 27.71113], [72.18177, 27.69937], [72.19415, 27.69338], [72.22169, 27.67446], [72.22776, 27.65716], [72.253, 27.67293], [72.26123, 27.68318], [72.27776, 27.69828], [72.30116, 27.70764], [72.33115, 27.69296], [72.34443, 27.69184], [72.34261, 27.68228], [72.33073, 27.65583], [72.32442, 27.63398], [72.30479, 27.59964], [72.28346, 27.56783], [72.26447, 27.55778], [72.28537, 27.54877]]]}}, {"type": "Feature", "properties": {"shapeName": "Jaipur", "shapeISO": "", "shapeID": "76128533B28755611410447", "shapeGroup": "IND", "shapeType": "ADM2", "district": "Jaipur"}, "geometry": {"type": "Polygon", "coordinates": [[[76.08765, 27.84794], [76.09028, 27.84098], [76.09828, 27.83029], [76.09758, 27.82323], [76.0941, 27.81275], [76.09039, 27.8069], [76.08197, 27.8019], [76.07377, 27.7833], [76.07177, 27.77473], [76.06783, 27.77093], [76.0576, 27.77196], [76.04262, 27.75153], [76.03673, 27.74046], [76.03563, 27.73153], [76.02912, 27.7268], [76.01493, 27.72198], [76.00177, 27.71477], [75.99212, 27.70319], [75.98033, 27.65562], [75.97031, 27.64419], [75.95946, 27.64213], [75.95714, 27.63836], [75.96522, 27.62434], [75.96026, 27.62236], [75.95069, 27.62406], [75.94291, 27.62171], [75.94684, 27.61174], [75.94743, 27.60208], [75.94287, 27.59279], [75.9491, 27.59172], [75.95344, 27.5979], [75.95808, 27.59582], [75.96079, 27.59887], [75.96564, 27.60037], [75.9679, 27.5943], [75.96082, 27.59183], [75.95324, 27.58396], [75.94701, 27.57536], [75.94395, 27.56809], [75.9537, 27.56491], [75.95192, 27.55551], [75.9529, 27.54682], [75.94997, 27.53009], [75.94436, 27.51723], [75.93891, 27.49642], [75.97014, 27.5031], [75.97937, 27.50137], [75.9865, 27.49071], [75.98218, 27.48556], [75.98647, 27.4779], [75.98018, 27.47554], [75.9759, 27.47745], [75.97028, 27.47743], [75.96631, 27.47201], [75.96161, 27.4762], [75.9551, 27.47613], [75.95264, 27.46979], [75.94577, 27.47188], [75.9407, 27.46829], [75.93738, 27.46332], [75.92774, 27.46484], [75.92536, 27.46129], [75.92082, 27.459], [75.9205, 27.45499], [75.89638, 27.45659], [75.88584, 27.447], [75.87241, 27.42367], [75.87155, 27.41651], [75.87988, 27.40744], [75.88452, 27.39857], [75.87873, 27.38926], [75.86743, 27.38816], [75.86042, 27.39172], [75.85647, 27.39803], [75.84677, 27.40056], [75.83884, 27.39632], [75.83135, 27.38962], [75.81701, 27.39818], [75.81204, 27.405], [75.80135, 27.38797], [75.79482, 27.38083], [75.7787, 27.38461], [75.77752, 27.39594], [75.7751, 27.40229], [75.74054, 27.40421], [75.73481, 27.39588], [75.73126, 27.38642], [75.7218, 27.38279], [75.72586, 27.36921], [75.69316, 27.37207], [75.6799, 27.37091], [75.66627, 27.36586], [75.66783, 27.35298], [75.66613, 27.34453], [75.66116, 27.33804], [75.64998, 27.33765], [75.62953, 27.34042], [75.61474, 27.31477], [75.60004, 27.30854], [75.59264, 27.30915], [75.59114, 27.30761], [75.58078, 27.30636], [75.57919, 27.30974], [75.57405, 27.31166], [75.57718, 27.32772], [75.57631, 27.33659], [75.57315, 27.3419], [75.53176, 27.34392], [75.52295, 27.33509], [75.51005, 27.32957], [75.50798, 27.31454], [75.49226, 27.30372], [75.48821, 27.29931], [75.48702, 27.29501], [75.4795, 27.29468], [75.47757, 27.28922], [75.45825, 27.28893], [75.45413, 27.29722], [75.43315, 27.30107], [75.43336, 27.2942], [75.43074, 27.28768], [75.40983, 27.29209], [75.39194, 27.2894], [75.38159, 27.2897], [75.38203, 27.2837], [75.39597, 27.28256], [75.3915, 27.26705], [75.39037, 27.25397], [75.39214, 27.24002], [75.38561, 27.24273], [75.38077, 27.24012], [75.37839, 27.23323], [75.3689, 27.23234], [75.36829, 27.22973], [75.37039, 27.22826], [75.35891, 27.22547], [75.348, 27.21258], [75.32972, 27.21392], [75.32816, 27.20887], [75.32345, 27.20824], [75.31808, 27.1938], [75.31715, 27.1592], [75.31932, 27.14689], [75.32693, 27.14601], [75.33124, 27.14755], [75.33389, 27.14293], [75.33412, 27.13866], [75.33824, 27.13719], [75.34232, 27.13994], [75.34538, 27.13966], [75.34522, 27.13533], [75.34237, 27.12886], [75.34192, 27.11776], [75.34837, 27.1172], [75.35053, 27.10911], [75.36419, 27.11165], [75.36729, 27.11016], [75.36992, 27.10086], [75.36932, 27.08762], [75.35168, 27.08592], [75.34098, 27.09354], [75.33617, 27.09465], [75.33265, 27.09192], [75.32503, 27.09082], [75.31163, 27.08956], [75.2914, 27.09136], [75.26622, 27.08967], [75.25146, 27.0885], [75.22206, 27.08282], [75.22407, 27.07253], [75.22402, 27.05538], [75.2306, 27.05501], [75.2359, 27.05166], [75.24237, 27.05042], [75.24695, 27.04106], [75.25836, 27.03917], [75.26019, 27.03419], [75.24955, 27.02495], [75.24403, 27.01645], [75.2364, 27.0175], [75.22531, 27.01627], [75.21448, 27.00911], [75.20869, 27.00979], [75.20536, 27.00707], [75.20244, 26.99512], [75.20489, 26.97363], [75.19074, 26.97344], [75.1607, 26.96984], [75.16677, 26.96165], [75.16654, 26.93292], [75.14413, 26.93093], [75.12142, 26.93177], [75.10394, 26.93642], [75.04266, 26.94088], [75.01458, 26.94531], [75.01606, 26.91355], [75.01531, 26.89501], [75.001, 26.89331], [74.99921, 26.89005], [74.99481, 26.89067], [74.99387, 26.8884], [74.97778, 26.89033], [74.97167, 26.88371], [74.9657, 26.87266], [74.95803, 26.86764], [74.9567, 26.85732], [74.95881, 26.84882], [74.95749, 26.84684], [74.947, 26.84533], [74.93881, 26.84187], [74.9177, 26.83693], [74.92363, 26.82712], [74.92784, 26.81012], [74.92876, 26.79049], [74.93549, 26.79318], [74.93738, 26.7786], [74.94272, 26.7799], [74.94075, 26.76333], [74.94161, 26.74978], [74.94356, 26.74561], [74.94784, 26.74344], [74.96151, 26.75348], [74.98289, 26.762], [75.00646, 26.74911], [75.00924, 26.74515], [75.00961, 26.74017], [75.00627, 26.73395], [75.001, 26.73065], [74.94646, 26.73237], [74.94534, 26.72112], [74.96562, 26.72222], [74.96877, 26.71019], [74.9646, 26.70582], [74.96649, 26.68347], [74.97521, 26.67304], [75.001, 26.68651], [75.01438, 26.68705], [75.01374, 26.68396], [75.02176, 26.67283], [75.0224, 26.66526], [75.03223, 26.66004], [75.03527, 26.66396], [75.04327, 26.66152], [75.04271, 26.65755], [75.05277, 26.65342], [75.06171, 26.6548], [75.06866, 26.6506], [75.07112, 26.6327], [75.06655, 26.62855], [75.06565, 26.62163], [75.06912, 26.61229], [75.0827, 26.6099], [75.08338, 26.59596], [75.08113, 26.58995], [75.08182, 26.58659], [75.0728, 26.58231], [75.06314, 26.55594], [75.07224, 26.54406], [75.07829, 26.54306], [75.08272, 26.5486], [75.09894, 26.55508], [75.10528, 26.55599], [75.12449, 26.54688], [75.12319, 26.53338], [75.11688, 26.52358], [75.14178, 26.50406], [75.15385, 26.50018], [75.15288, 26.48582], [75.14796, 26.47988], [75.14608, 26.47393], [75.14972, 26.46922], [75.1575, 26.46708], [75.1606, 26.46846], [75.15984, 26.47211], [75.16307, 26.47205], [75.1636, 26.45865], [75.17096, 26.46209], [75.17438, 26.46273], [75.17517, 26.46896], [75.18857, 26.48411], [75.19079, 26.48891], [75.19609, 26.48314], [75.20172, 26.48038], [75.19726, 26.50139], [75.20657, 26.51566], [75.2192, 26.50786], [75.23083, 26.50617], [75.22499, 26.5143], [75.23148, 26.52539], [75.2341, 26.52193], [75.23812, 26.52118], [75.24064, 26.52645], [75.24461, 26.52861], [75.25552, 26.53018], [75.25629, 26.54157], [75.26973, 26.54789], [75.28772, 26.56404], [75.29683, 26.55867], [75.32178, 26.56074], [75.33192, 26.55817], [75.33695, 26.54914], [75.34103, 26.53537], [75.34188, 26.52923], [75.33831, 26.5215], [75.34847, 26.51754], [75.35309, 26.50158], [75.35864, 26.49574], [75.37338, 26.48621], [75.38323, 26.49008], [75.39116, 26.48201], [75.39585, 26.48284], [75.41404, 26.48103], [75.41097, 26.49137], [75.41155, 26.49539], [75.42448, 26.48367], [75.43804, 26.48155], [75.44462, 26.48392], [75.45374, 26.49323], [75.46433, 26.4913], [75.48715, 26.48089], [75.50378, 26.48108], [75.50698, 26.47915], [75.50935, 26.47343], [75.51653, 26.46807], [75.52809, 26.46324], [75.53416, 26.46966], [75.54955, 26.47871], [75.55048, 26.48505], [75.55377, 26.48632], [75.56025, 26.48113], [75.56847, 26.47904], [75.57687, 26.47299], [75.57746, 26.46144], [75.57486, 26.44625], [75.58451, 26.44598], [75.5902, 26.44763], [75.60087, 26.44313], [75.61818, 26.43947], [75.62577, 26.44143], [75.64442, 26.4425], [75.65056, 26.4452], [75.6554, 26.45357], [75.65363, 26.46383], [75.65595, 26.46612], [75.66554, 26.46091], [75.68493, 26.45902], [75.6843, 26.45372], [75.6904, 26.45154], [75.69938, 26.45061], [75.69881, 26.44578], [75.71323, 26.44492], [75.73057, 26.46554], [75.73509, 26.45944], [75.73946, 26.44927], [75.7452, 26.44702], [75.74914, 26.45283], [75.75017, 26.46893], [75.75899, 26.46922], [75.76868, 26.46585], [75.77172, 26.46705], [75.77362, 26.47237], [75.77144, 26.48035], [75.77431, 26.48492], [75.77902, 26.48616], [75.77748, 26.50901], [75.78684, 26.5241], [75.77487, 26.53238], [75.77369, 26.53574], [75.77493, 26.54336], [75.7825, 26.54398], [75.79923, 26.54988], [75.80446, 26.54699], [75.80766, 26.54012], [75.80083, 26.53072], [75.80424, 26.52671], [75.81113, 26.52442], [75.81792, 26.51807], [75.8271, 26.51588], [75.83688, 26.5105], [75.84404, 26.51229], [75.85627, 26.51851], [75.88565, 26.51933], [75.88921, 26.51228], [75.90443, 26.5093], [75.91419, 26.51048], [75.935, 26.50529], [75.93785, 26.49368], [75.95425, 26.48943], [75.96395, 26.48309], [75.975, 26.50228], [75.98685, 26.49719], [75.98793, 26.50146], [75.99165, 26.49725], [76.00965, 26.49199], [76.017, 26.5035], [76.0277, 26.50653], [76.03591, 26.51685], [76.04388, 26.51066], [76.0732, 26.50749], [76.08271, 26.52156], [76.08974, 26.52414], [76.09957, 26.52357], [76.11385, 26.5354], [76.1213, 26.53423], [76.12931, 26.5288], [76.14776, 26.52837], [76.15226, 26.52551], [76.16141, 26.51475], [76.15933, 26.5386], [76.1555, 26.55028], [76.15426, 26.56754], [76.17003, 26.60555], [76.17437, 26.61964], [76.18431, 26.63607], [76.18378, 26.6505], [76.17445, 26.66434], [76.17151, 26.6786], [76.17233, 26.69418], [76.17609, 26.71376], [76.17637, 26.7266], [76.1776, 26.72771], [76.18906, 26.72726], [76.18795, 26.7225], [76.1911, 26.70967], [76.20535, 26.70467], [76.20898, 26.71021], [76.21186, 26.71079], [76.21096, 26.71605], [76.21264, 26.71923], [76.20443, 26.72404], [76.19794, 26.72403], [76.20726, 26.73119], [76.22039, 26.73235], [76.19504, 26.74071], [76.19109, 26.74033], [76.18978, 26.74648], [76.19285, 26.74606], [76.19079, 26.74923], [76.18071, 26.75012], [76.17627, 26.74819], [76.17555, 26.74203], [76.17448, 26.75494], [76.17799, 26.76568], [76.18056, 26.76519], [76.1833, 26.77665], [76.186, 26.77947], [76.18614, 26.78212], [76.18459, 26.78343], [76.19024, 26.79495], [76.19132, 26.79429], [76.1955, 26.79669], [76.19583, 26.79459], [76.19683, 26.79901], [76.20349, 26.80386], [76.20634, 26.80512], [76.21312, 26.80468], [76.21623, 26.80173], [76.21636, 26.79799], [76.21807, 26.79744], [76.2293, 26.79773], [76.24187, 26.80297], [76.2607, 26.80448], [76.25431, 26.80967], [76.25152, 26.81591], [76.24418, 26.8169], [76.24214, 26.82108], [76.24238, 26.82686], [76.24461, 26.82813], [76.24409, 26.83386], [76.23999, 26.83224], [76.25005, 26.8423], [76.25128, 26.86669], [76.25475, 26.88784], [76.25011, 26.89802], [76.23431, 26.90979], [76.23385, 26.92853], [76.24221, 26.94418], [76.25217, 26.95775], [76.25203, 26.99012], [76.25558, 27.00877], [76.27298, 27.03806], [76.28321, 27.08142], [76.28922, 27.0872], [76.28987, 27.10235], [76.29389, 27.12937], [76.29264, 27.14598], [76.29123, 27.15375], [76.28753, 27.16019], [76.28165, 27.17989], [76.27831, 27.18343], [76.26992, 27.18386], [76.25878, 27.17653], [76.2455, 27.15064], [76.22574, 27.14118], [76.21385, 27.12539], [76.20849, 27.12072], [76.20418, 27.11894], [76.19534, 27.12132], [76.18559, 27.13211], [76.19097, 27.14362], [76.19126, 27.15228], [76.18592, 27.1846], [76.17044, 27.18304], [76.15966, 27.18469], [76.15822, 27.18825], [76.15869, 27.1932], [76.16038, 27.19951], [76.16413, 27.20261], [76.16504, 27.20844], [76.1639, 27.21557], [76.1587, 27.22192], [76.1536, 27.22242], [76.14979, 27.221], [76.13981, 27.20036], [76.12905, 27.19667], [76.1424, 27.22568], [76.13028, 27.23014], [76.12632, 27.23327], [76.12551, 27.23814], [76.1282, 27.25122], [76.14087, 27.2622], [76.14453, 27.27864], [76.15294, 27.28279], [76.15499, 27.28675], [76.15519, 27.29425], [76.1606, 27.31331], [76.17339, 27.31172], [76.17716, 27.31258], [76.18524, 27.3361], [76.20622, 27.36457], [76.20463, 27.36864], [76.20114, 27.37074], [76.20194, 27.37561], [76.21045, 27.37929], [76.22004, 27.39347], [76.22508, 27.39838], [76.23084, 27.40087], [76.23476, 27.41759], [76.23331, 27.42734], [76.22945, 27.43784], [76.23135, 27.44532], [76.23649, 27.44668], [76.25241, 27.44337], [76.25577, 27.44439], [76.25538, 27.44633], [76.24419, 27.4505], [76.2314, 27.4508], [76.22321, 27.45571], [76.22509, 27.45811], [76.23189, 27.45945], [76.23553, 27.46302], [76.23704, 27.46972], [76.24143, 27.4733], [76.24794, 27.48844], [76.24857, 27.50333], [76.24038, 27.51408], [76.24106, 27.52523], [76.23352, 27.53119], [76.21686, 27.53695], [76.21814, 27.55282], [76.21638, 27.56695], [76.20902, 27.60217], [76.20425, 27.60672], [76.2024, 27.61478], [76.2034, 27.62205], [76.20594, 27.62352], [76.21133, 27.62344], [76.21366, 27.62466], [76.21476, 27.62756], [76.21996, 27.62837], [76.24255, 27.62459], [76.24756, 27.62667], [76.25074, 27.63018], [76.25321, 27.63603], [76.25251, 27.64158], [76.25514, 27.65374], [76.2546, 27.65936], [76.25173, 27.66295], [76.24471, 27.66587], [76.2425, 27.66966], [76.24517, 27.67164], [76.25794, 27.67088], [76.25831, 27.67579], [76.24977, 27.67984], [76.24771, 27.68243], [76.24874, 27.68599], [76.25883, 27.69005], [76.26049, 27.7], [76.25668, 27.7127], [76.25614, 27.72831], [76.24761, 27.74391], [76.24703, 27.76128], [76.25063, 27.76373], [76.26172, 27.76605], [76.2669, 27.77176], [76.27675, 27.78839], [76.27562, 27.79743], [76.27673, 27.80195], [76.27836, 27.80271], [76.29129, 27.80032], [76.28765, 27.80674], [76.26583, 27.82184], [76.26411, 27.82609], [76.26874, 27.83484], [76.25806, 27.84511], [76.25031, 27.84928], [76.24489, 27.85015], [76.22686, 27.83324], [76.21909, 27.81664], [76.21051, 27.81614], [76.20836, 27.81703], [76.20861, 27.81864], [76.20148, 27.82143], [76.19414, 27.80913], [76.18375, 27.79776], [76.17983, 27.79722], [76.17292, 27.79962], [76.17283, 27.80538], [76.16466, 27.81186], [76.15903, 27.81474], [76.15393, 27.81528], [76.1545, 27.81972], [76.14534, 27.82271], [76.1331, 27.82446], [76.13623, 27.83927], [76.12863, 27.8437], [76.12416, 27.85101], [76.11748, 27.85194], [76.11616, 27.85045], [76.10673, 27.85608], [76.09929, 27.85661], [76.08951, 27.86064], [76.08765, 27.84794]]]}}, {"type": "Feature", "properties": {"shapeName": "Bharatpur", "shapeISO": "", "shapeID": "76128533B25576352747885", "shapeGroup": "IND", "shapeType": "ADM2", "district": "Bharatpur"}, "geometry": {"type": "Polygon", "coordinates": [[[76.97885, 27.65408], [76.9782, 27.64013], [76.9854, 27.63508], [76.98616, 27.61829], [76.98442, 27.61383], [76.97417, 27.61277], [76.94986, 27.61411], [76.93707, 27.61242], [76.93681, 27.59786], [76.94488, 27.58461], [76.94615, 27.5798], [76.9415, 27.57056], [76.94797, 27.56836], [76.9521, 27.57334], [76.95971, 27.5705], [76.96215, 27.56449], [76.96043, 27.55544], [76.95639, 27.5547], [76.95266, 27.55612], [76.94882, 27.55478], [76.95147, 27.55076], [76.95633, 27.54725], [76.96236, 27.53734], [76.96572, 27.53793], [76.96753, 27.54409], [76.97386, 27.54745], [76.98422, 27.54108], [76.98757, 27.53539], [77.00051, 27.53113], [77.01852, 27.53492], [77.02363, 27.53802], [77.01967, 27.54234], [77.01015, 27.54482], [77.00285, 27.55229], [77.00264, 27.56565], [77.00638, 27.56614], [77.01722, 27.5616], [77.02227, 27.55701], [77.02955, 27.55414], [77.03632, 27.55295], [77.04071, 27.55621], [77.04944, 27.55491], [77.05067, 27.54993], [77.04937, 27.54831], [77.03646, 27.5483], [77.03548, 27.54737], [77.03764, 27.54441], [77.04318, 27.54124], [77.04891, 27.54043], [77.05958, 27.54203], [77.06652, 27.53628], [77.0679, 27.53208], [77.06474, 27.52821], [77.05619, 27.52465], [77.04621, 27.52268], [77.03761, 27.51745], [77.03428, 27.50835], [77.02597, 27.50978], [77.02164, 27.50824], [77.02101, 27.5026], [77.02666, 27.49637], [77.03681, 27.49152], [77.04761, 27.47951], [77.05599, 27.4754], [77.05677, 27.47109], [77.05354, 27.46237], [77.05767, 27.45806], [77.05952, 27.45258], [77.05819, 27.45036], [77.06225, 27.44587], [77.06125, 27.44175], [77.05782, 27.44075], [77.04925, 27.4338], [77.04198, 27.43851], [77.03967, 27.4414], [77.05118, 27.45202], [77.05084, 27.45385], [77.0424, 27.46034], [77.03648, 27.4627], [77.02731, 27.4488], [77.0066, 27.44857], [77.00269, 27.45132], [77.00049, 27.45091], [76.98164, 27.45838], [76.98084, 27.46111], [76.97819, 27.462], [76.97453, 27.45937], [76.96778, 27.46465], [76.97228, 27.47307], [76.96682, 27.47733], [76.94916, 27.48051], [76.94359, 27.48285], [76.94157, 27.48606], [76.94125, 27.49381], [76.93802, 27.50137], [76.92526, 27.51158], [76.90816, 27.51683], [76.91105, 27.52256], [76.9282, 27.52112], [76.92921, 27.52396], [76.92674, 27.52774], [76.9283, 27.52956], [76.92768, 27.53127], [76.91046, 27.528], [76.90051, 27.53248], [76.898, 27.52911], [76.89536, 27.52017], [76.89065, 27.52106], [76.88196, 27.509], [76.88647, 27.50172], [76.89506, 27.49776], [76.89839, 27.49052], [76.90183, 27.49169], [76.9039, 27.49087], [76.90721, 27.49429], [76.90969, 27.49404], [76.91489, 27.4968], [76.92536, 27.49039], [76.92257, 27.48056], [76.91547, 27.4779], [76.91051, 27.4688], [76.90812, 27.46034], [76.90389, 27.45944], [76.90159, 27.45524], [76.91278, 27.4541], [76.91327, 27.45728], [76.9155, 27.45903], [76.92368, 27.45879], [76.92646, 27.45391], [76.93787, 27.44807], [76.95148, 27.4341], [76.95752, 27.43088], [76.96069, 27.42749], [76.96226, 27.41958], [76.96405, 27.41836], [76.97253, 27.42272], [76.97629, 27.42198], [76.97799, 27.41922], [76.9808, 27.4192], [76.9862, 27.4275], [76.99433, 27.42675], [77.00553, 27.41909], [77.00808, 27.41546], [77.00687, 27.4054], [77.01048, 27.39963], [77.0108, 27.39334], [77.01828, 27.38914], [77.02431, 27.39024], [77.02487, 27.39447], [77.03002, 27.3986], [77.03232, 27.39824], [77.03371, 27.39699], [77.02922, 27.38831], [77.03, 27.38587], [77.04638, 27.37707], [77.05144, 27.38016], [77.05732, 27.37688], [77.06417, 27.37703], [77.06736, 27.37959], [77.07316, 27.389], [77.07726, 27.38881], [77.09439, 27.37459], [77.08496, 27.36479], [77.08254, 27.34988], [77.0996, 27.35693], [77.10696, 27.36222], [77.11556, 27.35596], [77.10965, 27.34567], [77.11814, 27.34245], [77.12156, 27.34196], [77.12417, 27.34615], [77.12488, 27.35234], [77.14146, 27.34631], [77.15795, 27.34574], [77.1657, 27.34636], [77.17736, 27.34924], [77.17721, 27.35079], [77.17972, 27.35155], [77.19528, 27.3549], [77.20235, 27.35118], [77.20878, 27.35197], [77.21039, 27.34466], [77.20946, 27.33583], [77.20339, 27.32578], [77.1967, 27.32213], [77.18388, 27.319], [77.17627, 27.31942], [77.16542, 27.31354], [77.15045, 27.31347], [77.1479, 27.31136], [77.14353, 27.29772], [77.13684, 27.28894], [77.13122, 27.27695], [77.12415, 27.25228], [77.11654, 27.25025], [77.11065, 27.2448], [77.10187, 27.24173], [77.09368, 27.24775], [77.08777, 27.23838], [77.07791, 27.23158], [77.06664, 27.23088], [77.05945, 27.23509], [77.05528, 27.23411], [77.04783, 27.22437], [77.04688, 27.21699], [77.05851, 27.2102], [77.06771, 27.20887], [77.0761, 27.20231], [77.08355, 27.19927], [77.0879, 27.1943], [77.08907, 27.19251], [77.08812, 27.1878], [77.08396, 27.18179], [77.0862, 27.17697], [77.09718, 27.17151], [77.09821, 27.16371], [77.09241, 27.16014], [77.07244, 27.16241], [77.06044, 27.15224], [77.05534, 27.15666], [77.03911, 27.15804], [77.03107, 27.15522], [77.02864, 27.15841], [77.02703, 27.16643], [77.00447, 27.15636], [76.98748, 27.17114], [76.9745, 27.17962], [76.97205, 27.17911], [76.96931, 27.16922], [76.96299, 27.15739], [76.96562, 27.14613], [76.96409, 27.1415], [76.96599, 27.13336], [76.96421, 27.12731], [76.97549, 27.12384], [76.98966, 27.11447], [76.99637, 27.10711], [76.99398, 27.10466], [76.98625, 27.10329], [76.98454, 27.09925], [76.99236, 27.08581], [76.9902, 27.08154], [76.98491, 27.07789], [76.98114, 27.07762], [76.9755, 27.07457], [76.97668, 27.06842], [76.97968, 27.06338], [76.99943, 27.04897], [77.00155, 27.04539], [77.00162, 27.04096], [77.01034, 27.02746], [77.01171, 27.02155], [77.00839, 27.01827], [77.00082, 27.02043], [76.99502, 27.028], [76.99049, 27.02665], [76.98692, 27.02371], [76.99661, 27.00943], [77.00894, 27.00044], [77.00831, 26.97724], [77.01161, 26.97842], [77.01587, 26.9775], [77.01879, 26.97182], [77.02329, 26.94741], [77.02824, 26.94239], [77.02375, 26.93656], [77.01719, 26.9319], [77.01828, 26.92843], [77.03756, 26.91694], [77.045, 26.90786], [77.05033, 26.91214], [77.05602, 26.91132], [77.06037, 26.91276], [77.06576, 26.90179], [77.06411, 26.88864], [77.06852, 26.87619], [77.0756, 26.86759], [77.07825, 26.86073], [77.0788, 26.85931], [77.10047, 26.86171], [77.1031, 26.87101], [77.10609, 26.87381], [77.12459, 26.85281], [77.13332, 26.84833], [77.13633, 26.83886], [77.15653, 26.8271], [77.15915, 26.82244], [77.16449, 26.8293], [77.16947, 26.83126], [77.17278, 26.82836], [77.17409, 26.82233], [77.19139, 26.81885], [77.21106, 26.80975], [77.20004, 26.79434], [77.20004, 26.79091], [77.206, 26.78121], [77.22935, 26.79407], [77.25973, 26.81862], [77.26775, 26.81323], [77.29486, 26.77962], [77.30154, 26.78077], [77.3169, 26.78706], [77.31889, 26.79418], [77.33225, 26.80074], [77.33561, 26.79819], [77.33794, 26.80018], [77.3366, 26.80531], [77.34027, 26.80588], [77.34295, 26.80133], [77.3463, 26.80047], [77.3523, 26.80446], [77.35899, 26.79507], [77.35165, 26.78565], [77.35566, 26.7831], [77.34498, 26.76742], [77.33997, 26.76456], [77.34733, 26.75773], [77.35301, 26.75488], [77.35014, 26.74671], [77.35169, 26.73835], [77.3497, 26.71156], [77.37107, 26.7073], [77.38477, 26.70702], [77.39244, 26.7113], [77.42516, 26.72157], [77.43717, 26.72812], [77.44821, 26.73781], [77.45655, 26.74123], [77.46557, 26.75662], [77.47258, 26.76403], [77.46424, 26.77486], [77.45922, 26.77514], [77.43684, 26.7646], [77.43551, 26.77058], [77.43685, 26.78027], [77.44653, 26.80335], [77.44754, 26.81362], [77.43551, 26.82616], [77.43416, 26.83015], [77.43116, 26.83129], [77.42581, 26.83727], [77.4345, 26.84752], [77.43183, 26.85209], [77.43083, 26.86149], [77.44018, 26.86035], [77.44487, 26.86235], [77.45022, 26.87204], [77.45891, 26.86947], [77.46259, 26.87119], [77.46392, 26.87489], [77.46359, 26.88401], [77.4732, 26.8871], [77.48222, 26.89422], [77.49092, 26.89821], [77.50431, 26.90021], [77.52707, 26.9099], [77.58831, 26.92526], [77.59335, 26.93666], [77.59603, 26.93893], [77.60037, 26.93836], [77.60157, 26.93462], [77.60513, 26.93671], [77.60673, 26.93465], [77.61343, 26.94034], [77.65093, 26.96165], [77.65761, 26.96817], [77.66129, 26.96929], [77.66529, 26.96842], [77.66829, 26.96243], [77.67398, 26.96127], [77.67731, 26.96353], [77.67897, 26.97146], [77.70063, 26.97332], [77.71866, 26.98203], [77.72334, 26.98599], [77.73204, 26.98257], [77.7451, 26.98254], [77.74777, 26.98539], [77.74846, 26.99226], [77.75649, 26.99281], [77.75487, 26.99725], [77.75135, 27.00067], [77.75426, 27.00301], [77.75408, 27.00767], [77.75648, 27.01193], [77.76383, 27.01706], [77.75271, 27.01805], [77.74817, 27.0219], [77.74722, 27.02699], [77.74436, 27.02805], [77.73529, 27.02586], [77.73096, 27.02045], [77.72896, 27.00837], [77.72981, 27.00003], [77.73213, 26.99823], [77.73107, 26.99466], [77.72638, 26.99434], [77.72267, 26.99228], [77.71733, 26.99543], [77.71232, 26.99464], [77.70537, 27.00127], [77.70444, 27.01038], [77.70251, 27.01385], [77.6908, 27.02727], [77.69365, 27.03416], [77.69309, 27.03924], [77.68698, 27.04485], [77.68213, 27.04589], [77.67956, 27.04323], [77.67205, 27.02464], [77.66576, 27.01707], [77.6607, 27.01692], [77.65208, 27.02153], [77.64299, 27.02136], [77.63965, 27.01776], [77.63611, 27.00986], [77.63296, 27.01125], [77.62923, 27.01817], [77.62431, 27.02175], [77.60753, 27.02319], [77.5993, 27.02601], [77.59745, 27.03143], [77.59262, 27.03368], [77.58379, 27.03594], [77.56935, 27.03002], [77.56694, 27.03095], [77.56763, 27.04316], [77.57394, 27.04835], [77.57552, 27.05462], [77.57452, 27.06326], [77.57717, 27.06684], [77.57442, 27.07238], [77.56297, 27.07159], [77.55505, 27.07508], [77.53799, 27.06156], [77.53007, 27.0616], [77.523, 27.0648], [77.52644, 27.07414], [77.52612, 27.08387], [77.51972, 27.0883], [77.5081, 27.08835], [77.50711, 27.08958], [77.52258, 27.10248], [77.53812, 27.09851], [77.54086, 27.10407], [77.54825, 27.10562], [77.55322, 27.10996], [77.5649, 27.11018], [77.58347, 27.11647], [77.59223, 27.11502], [77.5947, 27.11859], [77.59993, 27.11759], [77.60451, 27.1205], [77.60611, 27.12338], [77.60339, 27.12802], [77.60318, 27.13285], [77.60123, 27.13446], [77.60096, 27.1391], [77.6025, 27.14228], [77.60693, 27.14232], [77.61542, 27.14847], [77.61296, 27.15865], [77.61402, 27.1628], [77.62372, 27.1691], [77.63436, 27.16868], [77.63972, 27.16453], [77.64484, 27.16444], [77.65225, 27.16871], [77.66356, 27.16988], [77.67436, 27.18044], [77.68097, 27.18936], [77.68198, 27.19465], [77.67618, 27.2014], [77.66563, 27.20732], [77.664, 27.20608], [77.65676, 27.20885], [77.65101, 27.20907], [77.64853, 27.21153], [77.64845, 27.21753], [77.65219, 27.2261], [77.6532, 27.23318], [77.64741, 27.23495], [77.64816, 27.24143], [77.64328, 27.24798], [77.6386, 27.24979], [77.63484, 27.25664], [77.63228, 27.25811], [77.62186, 27.25461], [77.61802, 27.25944], [77.61563, 27.26701], [77.62029, 27.26864], [77.62319, 27.27346], [77.6184, 27.27597], [77.61814, 27.28229], [77.61213, 27.28919], [77.60072, 27.29487], [77.60078, 27.29705], [77.60916, 27.299], [77.61238, 27.30422], [77.62257, 27.30906], [77.62545, 27.3326], [77.62324, 27.3377], [77.61949, 27.33869], [77.61392, 27.33225], [77.60208, 27.33226], [77.59572, 27.32958], [77.5895, 27.32276], [77.58362, 27.32104], [77.58181, 27.3244], [77.57684, 27.32754], [77.55182, 27.33676], [77.54816, 27.34739], [77.53983, 27.3471], [77.53107, 27.35197], [77.51844, 27.36215], [77.51711, 27.36711], [77.51291, 27.3684], [77.51128, 27.3717], [77.50634, 27.37569], [77.49602, 27.37997], [77.48494, 27.38208], [77.47569, 27.37864], [77.47063, 27.38196], [77.45231, 27.3877], [77.44093, 27.39357], [77.43585, 27.41098], [77.42426, 27.41974], [77.4274, 27.43654], [77.42984, 27.44166], [77.4364, 27.44537], [77.43874, 27.45641], [77.43459, 27.45917], [77.42458, 27.4605], [77.41653, 27.47074], [77.40555, 27.47219], [77.4015, 27.48039], [77.4012, 27.49641], [77.39242, 27.50587], [77.3916, 27.51092], [77.38537, 27.51298], [77.37038, 27.5129], [77.36139, 27.51438], [77.34941, 27.51917], [77.3443, 27.52443], [77.3417, 27.53296], [77.34935, 27.54114], [77.34276, 27.54899], [77.33986, 27.55816], [77.3396, 27.56551], [77.34229, 27.57045], [77.34762, 27.57099], [77.35937, 27.5878], [77.34443, 27.59593], [77.33737, 27.59044], [77.33502, 27.59128], [77.32047, 27.6061], [77.32248, 27.61174], [77.34165, 27.63217], [77.35167, 27.64742], [77.3521, 27.65159], [77.3487, 27.65681], [77.34652, 27.66407], [77.34681, 27.67021], [77.3444, 27.67581], [77.34616, 27.67985], [77.34593, 27.69058], [77.34397, 27.69372], [77.34335, 27.70231], [77.33997, 27.70553], [77.33387, 27.70759], [77.32663, 27.70565], [77.31785, 27.70832], [77.31173, 27.70762], [77.307, 27.71309], [77.30575, 27.72424], [77.32176, 27.73309], [77.31911, 27.7372], [77.31543, 27.73909], [77.31478, 27.74364], [77.3108, 27.75087], [77.31242, 27.75904], [77.31094, 27.76612], [77.31317, 27.77039], [77.31367, 27.78242], [77.30492, 27.79426], [77.30016, 27.79612], [77.28882, 27.79723], [77.28468, 27.80164], [77.26943, 27.81494], [77.26511, 27.80464], [77.25305, 27.79069], [77.24888, 27.79106], [77.24362, 27.78428], [77.23738, 27.78452], [77.23449, 27.78706], [77.2389, 27.79227], [77.23327, 27.7965], [77.22725, 27.79858], [77.22306, 27.79588], [77.21133, 27.8011], [77.21388, 27.80757], [77.20739, 27.81377], [77.20398, 27.82356], [77.20262, 27.82356], [77.19852, 27.81585], [77.19203, 27.80908], [77.19333, 27.80817], [77.19214, 27.80682], [77.19925, 27.79882], [77.19336, 27.79412], [77.19114, 27.79434], [77.18398, 27.78678], [77.17848, 27.7871], [77.17771, 27.78547], [77.16978, 27.7909], [77.17426, 27.79441], [77.17961, 27.80438], [77.18356, 27.80181], [77.18609, 27.80231], [77.19029, 27.80899], [77.18053, 27.81714], [77.16792, 27.81295], [77.16065, 27.81665], [77.15801, 27.81348], [77.15727, 27.80959], [77.16224, 27.80328], [77.16148, 27.79254], [77.15821, 27.78562], [77.15719, 27.78453], [77.15205, 27.78591], [77.14426, 27.78559], [77.1352, 27.77531], [77.13249, 27.77807], [77.1352, 27.78604], [77.12354, 27.79262], [77.11224, 27.78574], [77.10917, 27.78548], [77.08149, 27.80408], [77.08237, 27.80625], [77.07531, 27.81356], [77.06456, 27.8113], [77.05626, 27.81791], [77.0545, 27.81694], [77.0455, 27.82098], [77.04342, 27.81828], [77.04653, 27.81496], [77.04509, 27.81216], [77.04127, 27.81257], [77.03941, 27.81012], [77.03374, 27.79841], [77.028, 27.78032], [77.0351, 27.77811], [77.03647, 27.78153], [77.04662, 27.7753], [77.058, 27.77054], [77.05655, 27.76342], [77.06025, 27.76091], [77.07027, 27.7673], [77.07294, 27.76446], [77.07525, 27.76701], [77.07705, 27.76632], [77.08089, 27.75726], [77.07885, 27.75299], [77.07924, 27.75017], [77.08416, 27.74656], [77.08792, 27.73786], [77.08045, 27.73574], [77.07399, 27.73057], [77.06797, 27.73128], [77.06149, 27.72639], [77.0506, 27.73143], [77.05218, 27.73494], [77.048, 27.7372], [77.04871, 27.73962], [77.0464, 27.74179], [77.04693, 27.74318], [77.03833, 27.74851], [77.0358, 27.74512], [77.02852, 27.74579], [77.02695, 27.7438], [77.02168, 27.74567], [77.01339, 27.73098], [77.0055, 27.73616], [77.00196, 27.73687], [76.99672, 27.72705], [76.99475, 27.71738], [76.99124, 27.71099], [76.99051, 27.70191], [76.98764, 27.69475], [76.98915, 27.69352], [76.98861, 27.68989], [76.98324, 27.67898], [76.98027, 27.65365], [76.97885, 27.65408]]]}}, {"type": "Feature", "properties": {"shapeName": "Hapur", "shapeISO": "", "shapeID": "76128533B87317961648652", "shapeGroup": "IND", "shapeType": "ADM2", "district": "Hapur"}, "geometry": {"type": "Polygon", "coordinates": [[[77.54118, 28.61524], [77.53255, 28.60297], [77.54458, 28.59412], [77.54781, 28.59391], [77.55168, 28.59863], [77.55044, 28.60688], [77.55218, 28.60812], [77.55758, 28.60794], [77.55794, 28.61529], [77.56535, 28.61746], [77.57931, 28.60968], [77.58801, 28.60728], [77.58994, 28.60145], [77.60816, 28.59541], [77.61786, 28.58631], [77.62186, 28.57628], [77.62366, 28.57536], [77.63058, 28.5746], [77.63662, 28.5765], [77.64167, 28.58624], [77.64295, 28.59424], [77.64575, 28.59723], [77.65152, 28.59395], [77.65359, 28.58558], [77.65793, 28.5827], [77.66501, 28.58574], [77.67122, 28.58499], [77.67853, 28.57585], [77.67683, 28.5649], [77.67839, 28.55778], [77.69072, 28.54766], [77.69364, 28.54763], [77.69859, 28.54478], [77.70302, 28.55227], [77.70947, 28.55732], [77.72007, 28.5572], [77.72907, 28.55402], [77.74763, 28.56112], [77.75475, 28.57604], [77.76035, 28.58254], [77.7809, 28.5862], [77.78764, 28.59062], [77.80182, 28.61164], [77.83026, 28.62588], [77.84577, 28.6371], [77.85061, 28.64579], [77.85955, 28.65141], [77.8811, 28.63794], [77.89609, 28.63704], [77.90187, 28.63959], [77.90502, 28.64822], [77.90457, 28.65843], [77.90881, 28.66517], [77.93915, 28.69245], [77.95657, 28.69865], [77.97573, 28.70108], [77.99354, 28.69323], [78.00955, 28.69352], [78.02117, 28.6889], [78.0362, 28.67248], [78.0473, 28.66776], [78.079, 28.66906], [78.08578, 28.66731], [78.09852, 28.65031], [78.11542, 28.64024], [78.12818, 28.64195], [78.14753, 28.64125], [78.15806, 28.63927], [78.18972, 28.62174], [78.20904, 28.61781], [78.19857, 28.64783], [78.19357, 28.67023], [78.18437, 28.67749], [78.17501, 28.69167], [78.1473, 28.71174], [78.14184, 28.72099], [78.14144, 28.74235], [78.1353, 28.75702], [78.1343, 28.77116], [78.12476, 28.77614], [78.12044, 28.78199], [78.11937, 28.788], [78.12162, 28.79743], [78.11965, 28.81375], [78.10935, 28.81876], [78.11199, 28.82137], [78.10535, 28.82361], [78.10184, 28.82935], [78.10688, 28.83896], [78.1034, 28.84233], [78.10356, 28.84424], [78.10732, 28.84697], [78.10092, 28.85628], [78.09312, 28.85518], [78.08977, 28.85104], [78.07884, 28.85157], [78.06878, 28.854], [78.0587, 28.85378], [78.04348, 28.86094], [78.03522, 28.86307], [78.02925, 28.86013], [78.02242, 28.86158], [78.01781, 28.85898], [78.01269, 28.86022], [78.00445, 28.85475], [78.00592, 28.84993], [78.00055, 28.84925], [77.99585, 28.85107], [77.98838, 28.85711], [77.98563, 28.85581], [77.97768, 28.85613], [77.97385, 28.85224], [77.96942, 28.84326], [77.96243, 28.84161], [77.95848, 28.8451], [77.95188, 28.84618], [77.9469, 28.84481], [77.93606, 28.83639], [77.93013, 28.83913], [77.93006, 28.84264], [77.93268, 28.84375], [77.92956, 28.84714], [77.93049, 28.84939], [77.92771, 28.85469], [77.89774, 28.86612], [77.89148, 28.86426], [77.8888, 28.86084], [77.88852, 28.85634], [77.88436, 28.85658], [77.87944, 28.8614], [77.87343, 28.86354], [77.86913, 28.86188], [77.86277, 28.85321], [77.86469, 28.84749], [77.86452, 28.8402], [77.86201, 28.83688], [77.8618, 28.83379], [77.87186, 28.82858], [77.86867, 28.82229], [77.87068, 28.81654], [77.86989, 28.80867], [77.87211, 28.79972], [77.86871, 28.79447], [77.85481, 28.8013], [77.84676, 28.80239], [77.844, 28.79867], [77.82938, 28.79717], [77.82478, 28.79368], [77.81262, 28.79278], [77.8103, 28.78559], [77.80448, 28.78402], [77.79798, 28.78685], [77.79312, 28.78583], [77.78966, 28.78303], [77.78431, 28.77622], [77.788, 28.76985], [77.78842, 28.76725], [77.78638, 28.76444], [77.77903, 28.7592], [77.76872, 28.75646], [77.76235, 28.74799], [77.75241, 28.74944], [77.74742, 28.74801], [77.73809, 28.74181], [77.7331, 28.73633], [77.72887, 28.73619], [77.71459, 28.74021], [77.70414, 28.73879], [77.70014, 28.73807], [77.69202, 28.73195], [77.6909, 28.72336], [77.68897, 28.72037], [77.68151, 28.72038], [77.67061, 28.71538], [77.676, 28.71311], [77.67534, 28.71052], [77.67077, 28.70684], [77.6756, 28.70195], [77.67378, 28.69875], [77.66936, 28.69832], [77.65806, 28.70239], [77.64172, 28.6974], [77.6364, 28.69816], [77.63341, 28.70021], [77.63204, 28.70406], [77.6367, 28.71181], [77.6366, 28.7174], [77.62902, 28.71505], [77.62441, 28.71787], [77.61208, 28.71029], [77.61405, 28.70834], [77.61235, 28.70371], [77.60475, 28.70293], [77.60614, 28.69906], [77.60793, 28.69926], [77.59571, 28.69361], [77.58304, 28.68159], [77.57733, 28.68289], [77.57029, 28.68189], [77.56532, 28.68272], [77.5601, 28.68017], [77.55249, 28.66679], [77.53793, 28.66203], [77.53499, 28.65439], [77.53443, 28.63996], [77.5409, 28.6385], [77.54825, 28.63435], [77.5514, 28.62441], [77.55113, 28.61755], [77.54377, 28.61923], [77.54118, 28.61524]]]}}, {"type": "Feature", "properties": {"shapeName": "Samli", "shapeISO": "", "shapeID": "76128533B35465481868600", "shapeGroup": "IND", "shapeType": "ADM2", "district": "Samli"}, "geometry": {"type": "Polygon", "coordinates": [[[77.13259, 29.48487], [77.13407, 29.48248], [77.13296, 29.47804], [77.12335, 29.46876], [77.12391, 29.45523], [77.13461, 29.44737], [77.14519, 29.44528], [77.14912, 29.43394], [77.14511, 29.42642], [77.1337, 29.41863], [77.13249, 29.4127], [77.13495, 29.40473], [77.1341, 29.40095], [77.13636, 29.39969], [77.13841, 29.39509], [77.14811, 29.38769], [77.15222, 29.38737], [77.15172, 29.3898], [77.15398, 29.39049], [77.15807, 29.38716], [77.14344, 29.37711], [77.12768, 29.37548], [77.12747, 29.37345], [77.12398, 29.37021], [77.12428, 29.36712], [77.12959, 29.3568], [77.12525, 29.35131], [77.12869, 29.34413], [77.13196, 29.34114], [77.14274, 29.33964], [77.15243, 29.34098], [77.16108, 29.33539], [77.16154, 29.33002], [77.1575, 29.32508], [77.15717, 29.31916], [77.16089, 29.3157], [77.16132, 29.31214], [77.15898, 29.30276], [77.15305, 29.29744], [77.16113, 29.29386], [77.18306, 29.29034], [77.18727, 29.28726], [77.18788, 29.2799], [77.19999, 29.27539], [77.20764, 29.27408], [77.24042, 29.27997], [77.24702, 29.27987], [77.25481, 29.27843], [77.25702, 29.26835], [77.26019, 29.26675], [77.27099, 29.2645], [77.28297, 29.26657], [77.29911, 29.25725], [77.31014, 29.26087], [77.31625, 29.25913], [77.32542, 29.25374], [77.3283, 29.27864], [77.32563, 29.28492], [77.33374, 29.2844], [77.34766, 29.29633], [77.36265, 29.30622], [77.37173, 29.30696], [77.38177, 29.31043], [77.39661, 29.31823], [77.40061, 29.32356], [77.40094, 29.32731], [77.39147, 29.34106], [77.39695, 29.34631], [77.40327, 29.34977], [77.40835, 29.34865], [77.41821, 29.34099], [77.41754, 29.33377], [77.41984, 29.33104], [77.43096, 29.32859], [77.44327, 29.33049], [77.44255, 29.33264], [77.42777, 29.3396], [77.42466, 29.34383], [77.42586, 29.34819], [77.43955, 29.35839], [77.4399, 29.36029], [77.43679, 29.37089], [77.42431, 29.38566], [77.4241, 29.39382], [77.42887, 29.40228], [77.43286, 29.42545], [77.43898, 29.43079], [77.44829, 29.43586], [77.45873, 29.44644], [77.44284, 29.45604], [77.43733, 29.46326], [77.4395, 29.47508], [77.44684, 29.48543], [77.45065, 29.49751], [77.45502, 29.49964], [77.46176, 29.50001], [77.46319, 29.50256], [77.46369, 29.50985], [77.45014, 29.51709], [77.4503, 29.52187], [77.45298, 29.52452], [77.45612, 29.53385], [77.46013, 29.53602], [77.46551, 29.53356], [77.46936, 29.53394], [77.47866, 29.54299], [77.47573, 29.55305], [77.47929, 29.56015], [77.48141, 29.56139], [77.49183, 29.56134], [77.49567, 29.56344], [77.49602, 29.56884], [77.48477, 29.57817], [77.48456, 29.58044], [77.4858, 29.58186], [77.48984, 29.58204], [77.49716, 29.58877], [77.49726, 29.59566], [77.50047, 29.59989], [77.50614, 29.59977], [77.49461, 29.60893], [77.49259, 29.61947], [77.48423, 29.61954], [77.48468, 29.62419], [77.48947, 29.6323], [77.4914, 29.64187], [77.48683, 29.64615], [77.48803, 29.65217], [77.48678, 29.65525], [77.47221, 29.65688], [77.45992, 29.6684], [77.45401, 29.67089], [77.44696, 29.66959], [77.44353, 29.66731], [77.44121, 29.65863], [77.43346, 29.64945], [77.41796, 29.65719], [77.41052, 29.65168], [77.40312, 29.65437], [77.39122, 29.64614], [77.38439, 29.6473], [77.37481, 29.65266], [77.36778, 29.65399], [77.36506, 29.65022], [77.35977, 29.65181], [77.35693, 29.6484], [77.34836, 29.65017], [77.34238, 29.64493], [77.33375, 29.64839], [77.32641, 29.65458], [77.3114, 29.6599], [77.30552, 29.66463], [77.30457, 29.66861], [77.30062, 29.67052], [77.29139, 29.67154], [77.28614, 29.67379], [77.283, 29.66976], [77.28231, 29.66484], [77.27318, 29.66623], [77.26577, 29.67209], [77.26007, 29.67456], [77.25787, 29.67284], [77.23154, 29.68798], [77.22369, 29.69531], [77.21681, 29.68954], [77.20604, 29.6856], [77.20342, 29.67942], [77.1832, 29.68268], [77.16363, 29.69143], [77.1562, 29.68659], [77.1502, 29.68903], [77.14765, 29.68343], [77.14265, 29.68028], [77.14385, 29.67433], [77.14672, 29.6716], [77.13832, 29.66671], [77.14164, 29.65496], [77.13885, 29.65039], [77.13321, 29.64727], [77.13326, 29.64402], [77.12852, 29.63914], [77.11971, 29.63529], [77.11646, 29.63789], [77.11301, 29.63714], [77.10675, 29.63232], [77.1052, 29.62281], [77.1023, 29.61955], [77.10466, 29.61362], [77.10909, 29.61332], [77.11369, 29.61084], [77.11169, 29.60366], [77.10893, 29.60031], [77.11039, 29.59708], [77.10103, 29.59361], [77.09562, 29.59539], [77.0893, 29.59398], [77.08503, 29.59114], [77.08452, 29.58751], [77.08678, 29.5841], [77.09069, 29.58461], [77.09645, 29.58246], [77.09985, 29.57927], [77.10074, 29.5759], [77.10561, 29.5718], [77.11067, 29.57138], [77.11285, 29.56927], [77.11637, 29.56933], [77.12172, 29.56633], [77.12253, 29.56164], [77.12717, 29.55947], [77.12009, 29.55129], [77.11437, 29.55071], [77.1085, 29.54797], [77.10415, 29.53914], [77.10269, 29.53916], [77.10272, 29.53238], [77.09778, 29.5273], [77.0966, 29.5205], [77.09806, 29.51751], [77.10197, 29.51486], [77.10349, 29.50802], [77.10699, 29.50645], [77.11183, 29.5074], [77.1145, 29.50606], [77.11688, 29.50145], [77.12193, 29.498], [77.12146, 29.49592], [77.13028, 29.48962], [77.13259, 29.48487]]]}}, {"type": "Feature", "properties": {"shapeName": "Meerut", "shapeISO": "", "shapeID": "76128533B61760400952464", "shapeGroup": "IND", "shapeType": "ADM2", "district": "Meerut"}, "geometry": {"type": "Polygon", "coordinates": [[[78.10092, 28.85628], [78.09987, 28.86146], [78.09415, 28.87198], [78.08636, 28.87287], [78.08331, 28.88053], [78.06423, 28.8925], [78.06226, 28.89648], [78.06281, 28.90006], [78.07157, 28.91462], [78.06939, 28.91858], [78.07176, 28.91834], [78.08422, 28.9471], [78.08632, 28.96031], [78.09758, 28.98376], [78.09562, 29.00011], [78.10179, 29.0256], [78.09817, 29.03442], [78.09864, 29.04054], [78.09635, 29.0413], [78.09637, 29.04557], [78.09921, 29.05196], [78.08853, 29.05891], [78.08529, 29.06796], [78.09126, 29.07248], [78.09315, 29.07822], [78.10649, 29.08333], [78.11666, 29.09707], [78.11859, 29.10675], [78.11834, 29.1108], [78.11206, 29.11778], [78.11104, 29.12109], [78.10986, 29.14004], [78.11235, 29.14795], [78.11982, 29.15934], [78.1337, 29.16285], [78.13646, 29.16516], [78.14322, 29.17988], [78.14081, 29.19128], [78.12762, 29.20525], [78.12657, 29.21748], [78.13077, 29.22983], [78.13021, 29.23557], [78.13773, 29.25328], [78.11521, 29.25411], [78.11012, 29.25121], [78.10599, 29.2539], [78.09405, 29.25607], [78.0831, 29.26088], [78.07313, 29.26207], [78.06965, 29.2611], [78.03777, 29.26168], [78.02312, 29.24793], [77.99957, 29.2485], [77.99172, 29.23406], [77.9788, 29.23751], [77.97174, 29.2326], [77.96672, 29.23178], [77.96377, 29.22777], [77.95569, 29.23113], [77.94478, 29.23038], [77.93528, 29.22445], [77.93248, 29.21988], [77.93078, 29.21114], [77.92719, 29.20848], [77.92377, 29.21013], [77.91907, 29.20939], [77.91229, 29.21189], [77.90251, 29.20565], [77.89253, 29.21182], [77.88335, 29.21367], [77.87714, 29.21862], [77.86939, 29.22229], [77.8638, 29.2171], [77.85799, 29.20363], [77.85306, 29.19752], [77.85071, 29.19761], [77.8456, 29.19451], [77.84213, 29.19616], [77.82337, 29.19439], [77.81694, 29.19585], [77.81251, 29.1953], [77.80452, 29.18032], [77.79132, 29.18168], [77.78271, 29.18025], [77.78256, 29.18679], [77.78495, 29.19526], [77.75112, 29.21426], [77.7486, 29.21472], [77.74468, 29.21276], [77.73965, 29.21511], [77.73695, 29.21471], [77.72052, 29.22198], [77.71006, 29.21999], [77.69442, 29.22328], [77.69626, 29.22938], [77.69568, 29.2337], [77.68497, 29.24018], [77.68572, 29.24568], [77.67184, 29.24976], [77.66575, 29.24986], [77.65797, 29.24301], [77.65197, 29.22253], [77.64102, 29.22272], [77.6346, 29.22547], [77.63124, 29.23065], [77.6259, 29.24701], [77.61919, 29.25054], [77.60633, 29.25237], [77.59999, 29.25576], [77.59581, 29.26005], [77.59155, 29.26136], [77.58983, 29.25581], [77.57867, 29.24835], [77.57778, 29.24472], [77.57227, 29.24044], [77.57103, 29.23838], [77.57307, 29.23353], [77.57219, 29.23104], [77.56273, 29.22644], [77.55779, 29.22177], [77.55135, 29.22246], [77.54398, 29.21368], [77.53748, 29.21234], [77.53359, 29.20779], [77.53298, 29.20229], [77.52244, 29.20235], [77.51915, 29.20105], [77.51546, 29.19747], [77.51173, 29.18911], [77.50811, 29.19002], [77.49978, 29.17924], [77.47768, 29.18297], [77.47431, 29.17783], [77.48046, 29.15949], [77.47952, 29.14943], [77.48081, 29.14334], [77.47398, 29.13713], [77.46593, 29.1384], [77.46212, 29.13641], [77.46289, 29.12604], [77.4591, 29.12308], [77.4503, 29.12294], [77.44759, 29.12097], [77.44809, 29.11035], [77.44271, 29.10471], [77.43988, 29.09525], [77.4342, 29.09058], [77.43292, 29.08597], [77.43587, 29.0766], [77.45187, 29.07372], [77.45879, 29.07093], [77.46025, 29.06709], [77.45502, 29.05397], [77.45065, 29.03134], [77.45254, 29.02761], [77.46253, 29.02294], [77.46454, 29.01839], [77.46318, 29.0046], [77.46652, 28.98872], [77.47781, 28.9604], [77.47681, 28.9558], [77.46963, 28.94433], [77.46864, 28.92524], [77.46224, 28.9203], [77.46401, 28.91235], [77.46244, 28.90548], [77.49313, 28.89952], [77.49877, 28.89578], [77.509, 28.90065], [77.51925, 28.89425], [77.53137, 28.89116], [77.53635, 28.88808], [77.5496, 28.88993], [77.55344, 28.89395], [77.55895, 28.89574], [77.57145, 28.88849], [77.58175, 28.88803], [77.5875, 28.89268], [77.59162, 28.89107], [77.59474, 28.87846], [77.59786, 28.87453], [77.6017, 28.87598], [77.61409, 28.87254], [77.61938, 28.87858], [77.656, 28.87869], [77.66016, 28.87559], [77.66091, 28.86852], [77.6656, 28.8682], [77.67579, 28.871], [77.68161, 28.87532], [77.68758, 28.87701], [77.6938, 28.87487], [77.70078, 28.85783], [77.7077, 28.84815], [77.70513, 28.84561], [77.70826, 28.83668], [77.70356, 28.8235], [77.71661, 28.81336], [77.71876, 28.80888], [77.71784, 28.7874], [77.70249, 28.77518], [77.69615, 28.77517], [77.69272, 28.76473], [77.69036, 28.76265], [77.69825, 28.74325], [77.70414, 28.73879], [77.71459, 28.74021], [77.72887, 28.73619], [77.7331, 28.73633], [77.73809, 28.74181], [77.74742, 28.74801], [77.75241, 28.74944], [77.76235, 28.74799], [77.76872, 28.75646], [77.77903, 28.7592], [77.78638, 28.76444], [77.78842, 28.76725], [77.788, 28.76985], [77.78431, 28.77622], [77.78966, 28.78303], [77.79312, 28.78583], [77.79798, 28.78685], [77.80448, 28.78402], [77.8103, 28.78559], [77.81262, 28.79278], [77.82478, 28.79368], [77.82938, 28.79717], [77.844, 28.79867], [77.84676, 28.80239], [77.85481, 28.8013], [77.86871, 28.79447], [77.87211, 28.79972], [77.86989, 28.80867], [77.87068, 28.81654], [77.86867, 28.82229], [77.87186, 28.82858], [77.8618, 28.83379], [77.86201, 28.83688], [77.86452, 28.8402], [77.86469, 28.84749], [77.86277, 28.85321], [77.86913, 28.86188], [77.87343, 28.86354], [77.87944, 28.8614], [77.88436, 28.85658], [77.88852, 28.85634], [77.8888, 28.86084], [77.89148, 28.86426], [77.89774, 28.86612], [77.92771, 28.85469], [77.93049, 28.84939], [77.92956, 28.84714], [77.93268, 28.84375], [77.93006, 28.84264], [77.93013, 28.83913], [77.93606, 28.83639], [77.9469, 28.84481], [77.95188, 28.84618], [77.95848, 28.8451], [77.96243, 28.84161], [77.96942, 28.84326], [77.97385, 28.85224], [77.97768, 28.85613], [77.98563, 28.85581], [77.98838, 28.85711], [77.99585, 28.85107], [78.00055, 28.84925], [78.00592, 28.84993], [78.00445, 28.85475], [78.01269, 28.86022], [78.01781, 28.85898], [78.02242, 28.86158], [78.02925, 28.86013], [78.03522, 28.86307], [78.04348, 28.86094], [78.0587, 28.85378], [78.06878, 28.854], [78.07884, 28.85157], [78.08977, 28.85104], [78.09312, 28.85518], [78.10092, 28.85628]]]}}, {"type": "Feature", "properties": {"shapeName": "Aligarh", "shapeISO": "", "shapeID": "76128533B60862799554879", "shapeGroup": "IND", "shapeType": "ADM2", "district": "Aligarh"}, "geometry": {"type": "Polygon", "coordinates": [[[77.52962, 27.92548], [77.53611, 27.91933], [77.54632, 27.91695], [77.55737, 27.91233], [77.56495, 27.91253], [77.57069, 27.91769], [77.57023, 27.92463], [77.57184, 27.92648], [77.57547, 27.92826], [77.58331, 27.92805], [77.59036, 27.93439], [77.60522, 27.93514], [77.6092, 27.93712], [77.6173, 27.93278], [77.62315, 27.93295], [77.62683, 27.9358], [77.64493, 27.96473], [77.65654, 27.96393], [77.66155, 27.96143], [77.66894, 27.95004], [77.67398, 27.94462], [77.67929, 27.94158], [77.68815, 27.94095], [77.70292, 27.9453], [77.7078, 27.94492], [77.71519, 27.94288], [77.74191, 27.92697], [77.74476, 27.92359], [77.74923, 27.91146], [77.75481, 27.90659], [77.76212, 27.90404], [77.76587, 27.90069], [77.76665, 27.8965], [77.76438, 27.88696], [77.76584, 27.8804], [77.7722, 27.86909], [77.77857, 27.86524], [77.80965, 27.86063], [77.80621, 27.85667], [77.78498, 27.84506], [77.78438, 27.83968], [77.79803, 27.82399], [77.80758, 27.82333], [77.81665, 27.81311], [77.81452, 27.79548], [77.81631, 27.78452], [77.81826, 27.77862], [77.82276, 27.77469], [77.82761, 27.76531], [77.83539, 27.7551], [77.83415, 27.75264], [77.81067, 27.75024], [77.80238, 27.74314], [77.79747, 27.73332], [77.79716, 27.72903], [77.80043, 27.72254], [77.79847, 27.70642], [77.80112, 27.70259], [77.80071, 27.69748], [77.79732, 27.69136], [77.79365, 27.68852], [77.79474, 27.68414], [77.81873, 27.66754], [77.8212, 27.66846], [77.82355, 27.67196], [77.82917, 27.67116], [77.83194, 27.66949], [77.83395, 27.66194], [77.84061, 27.65704], [77.84262, 27.6601], [77.85152, 27.65326], [77.85619, 27.63803], [77.86355, 27.62256], [77.86311, 27.61678], [77.85571, 27.60719], [77.8555, 27.60215], [77.86604, 27.58638], [77.87042, 27.57643], [77.8727, 27.57535], [77.88084, 27.57781], [77.88917, 27.58628], [77.89207, 27.58696], [77.89821, 27.58386], [77.90062, 27.58629], [77.93706, 27.59632], [77.94596, 27.60691], [77.95527, 27.61126], [77.96172, 27.60812], [77.96166, 27.59895], [77.96771, 27.59461], [77.97775, 27.60484], [77.98499, 27.6098], [77.99044, 27.60814], [77.99358, 27.60137], [78.00061, 27.60035], [78.00576, 27.60731], [78.00403, 27.61261], [77.99471, 27.62104], [77.9968, 27.63187], [78.0093, 27.65043], [78.01657, 27.66706], [78.01868, 27.677], [78.00632, 27.69568], [78.00667, 27.70262], [78.0165, 27.71041], [78.01784, 27.7172], [78.01098, 27.72792], [78.01285, 27.73232], [78.02195, 27.7316], [78.02623, 27.73496], [78.02621, 27.7371], [78.01795, 27.74425], [78.01586, 27.75231], [78.01981, 27.7628], [78.02338, 27.76524], [78.02446, 27.7715], [78.0312, 27.77378], [78.03424, 27.77079], [78.04188, 27.76899], [78.04758, 27.77201], [78.0541, 27.78132], [78.06228, 27.78684], [78.07053, 27.78777], [78.07745, 27.78051], [78.0778, 27.77132], [78.08899, 27.76898], [78.10791, 27.7685], [78.11891, 27.77026], [78.12607, 27.77457], [78.13551, 27.77211], [78.14052, 27.76803], [78.15175, 27.77009], [78.16273, 27.77417], [78.1695, 27.77039], [78.173, 27.76428], [78.18305, 27.76173], [78.20477, 27.76584], [78.21858, 27.76094], [78.21939, 27.7547], [78.2055, 27.7371], [78.20478, 27.73018], [78.22819, 27.70861], [78.24148, 27.70352], [78.24722, 27.6989], [78.24912, 27.6879], [78.26022, 27.67654], [78.26826, 27.67727], [78.27416, 27.69019], [78.29367, 27.70457], [78.30788, 27.70718], [78.3199, 27.71907], [78.32536, 27.72767], [78.33394, 27.73409], [78.37613, 27.74445], [78.38264, 27.75168], [78.38863, 27.76763], [78.39853, 27.77691], [78.40815, 27.78298], [78.41874, 27.78676], [78.44913, 27.81788], [78.46647, 27.82745], [78.47927, 27.8076], [78.4874, 27.80571], [78.4899, 27.80279], [78.49397, 27.80303], [78.49642, 27.80086], [78.50444, 27.79844], [78.50983, 27.80022], [78.51776, 27.81146], [78.51836, 27.81741], [78.51508, 27.81948], [78.51593, 27.82838], [78.51118, 27.82988], [78.51092, 27.833], [78.51478, 27.84036], [78.49434, 27.85463], [78.49533, 27.85744], [78.50049, 27.85779], [78.50986, 27.86692], [78.50827, 27.87088], [78.5146, 27.87728], [78.51485, 27.88086], [78.52262, 27.89337], [78.53521, 27.89679], [78.5352, 27.89974], [78.53113, 27.90402], [78.53337, 27.90902], [78.54084, 27.90604], [78.55272, 27.90911], [78.5691, 27.92631], [78.57628, 27.93686], [78.57055, 27.94047], [78.58755, 27.95644], [78.58573, 27.96196], [78.59051, 27.96987], [78.59959, 27.97606], [78.60081, 27.98021], [78.59493, 27.99434], [78.60038, 28.00094], [78.60927, 28.02973], [78.58905, 28.02509], [78.57018, 28.0152], [78.56029, 28.0121], [78.54513, 28.01489], [78.53306, 28.02138], [78.51017, 28.03901], [78.48264, 28.06376], [78.47306, 28.07613], [78.46099, 28.08263], [78.44274, 28.08139], [78.43439, 28.07675], [78.42697, 28.06933], [78.41831, 28.06562], [78.40995, 28.06438], [78.39123, 28.06817], [78.37253, 28.06067], [78.36263, 28.06531], [78.35706, 28.07273], [78.3351, 28.1114], [78.31835, 28.12249], [78.30726, 28.11808], [78.30015, 28.11705], [78.29657, 28.12153], [78.29072, 28.12182], [78.28291, 28.11953], [78.27424, 28.11402], [78.26084, 28.11564], [78.25363, 28.11404], [78.25215, 28.10829], [78.24958, 28.10602], [78.23459, 28.09843], [78.22429, 28.10855], [78.22139, 28.10846], [78.19903, 28.08604], [78.19199, 28.08383], [78.1853, 28.08398], [78.18083, 28.08597], [78.1775, 28.08532], [78.16574, 28.0731], [78.17193, 28.06387], [78.15847, 28.05015], [78.1495, 28.04613], [78.14067, 28.03387], [78.11711, 28.01851], [78.11579, 28.05108], [78.113, 28.05757], [78.10651, 28.06716], [78.07001, 28.0984], [78.06444, 28.10026], [78.05794, 28.10026], [78.04836, 28.09717], [78.03134, 28.07737], [78.01742, 28.06685], [78.00969, 28.06438], [77.97628, 28.065], [77.96453, 28.06778], [77.94577, 28.07762], [77.93982, 28.07662], [77.93788, 28.07974], [77.94047, 28.09043], [77.92872, 28.09621], [77.9201, 28.09351], [77.91494, 28.10075], [77.90701, 28.107], [77.89726, 28.10877], [77.87571, 28.1235], [77.87067, 28.13018], [77.86704, 28.13184], [77.86266, 28.1313], [77.85143, 28.12719], [77.84512, 28.1331], [77.85442, 28.14886], [77.84849, 28.15795], [77.85265, 28.15908], [77.85156, 28.16416], [77.84604, 28.17159], [77.83391, 28.16183], [77.82968, 28.16151], [77.82618, 28.15709], [77.81814, 28.15397], [77.81037, 28.15294], [77.81346, 28.14767], [77.81454, 28.1398], [77.80805, 28.13979], [77.80083, 28.13755], [77.7909, 28.13873], [77.78611, 28.13706], [77.77763, 28.12697], [77.77467, 28.12859], [77.76593, 28.14423], [77.76654, 28.15096], [77.76209, 28.1514], [77.74777, 28.14245], [77.75032, 28.13497], [77.74346, 28.12612], [77.73691, 28.12326], [77.73992, 28.11567], [77.73811, 28.11053], [77.73185, 28.10327], [77.73748, 28.08844], [77.72734, 28.08237], [77.72247, 28.08203], [77.71575, 28.07906], [77.71318, 28.08061], [77.70654, 28.08115], [77.70122, 28.07797], [77.69779, 28.07888], [77.67622, 28.10332], [77.67449, 28.10844], [77.66592, 28.10923], [77.65894, 28.11191], [77.65408, 28.10381], [77.64913, 28.10172], [77.64482, 28.09374], [77.64226, 28.09368], [77.63295, 28.09805], [77.62403, 28.09721], [77.61992, 28.09445], [77.61587, 28.10201], [77.60928, 28.10835], [77.60309, 28.10119], [77.58438, 28.09097], [77.57698, 28.08116], [77.57318, 28.07934], [77.54985, 28.07872], [77.53952, 28.08068], [77.52651, 28.07666], [77.5189, 28.07984], [77.50801, 28.0761], [77.50159, 28.07571], [77.49723, 28.07763], [77.48384, 28.07817], [77.4841, 28.07583], [77.49031, 28.07257], [77.50043, 28.06328], [77.502, 28.0574], [77.49421, 28.04711], [77.48599, 28.04462], [77.48429, 28.04043], [77.4896, 28.03652], [77.51077, 28.03332], [77.5134, 28.03187], [77.51257, 28.02773], [77.50885, 28.02522], [77.50903, 28.02275], [77.52197, 28.01412], [77.52792, 27.99896], [77.54325, 27.989], [77.5432, 27.98282], [77.54037, 27.98015], [77.53013, 27.97632], [77.52191, 27.97679], [77.51756, 27.97112], [77.51952, 27.96242], [77.5447, 27.96237], [77.54654, 27.95819], [77.53694, 27.93328], [77.52962, 27.92548]]]}}, {"type": "Feature", "properties": {"shapeName": "Bulandshahr", "shapeISO": "", "shapeID": "76128533B13272482176343", "shapeGroup": "IND", "shapeType": "ADM2", "district": "Bulandshahr"}, "geometry": {"type": "Polygon", "coordinates": [[[78.29154, 28.403], [78.28578, 28.40754], [78.28329, 28.41291], [78.28189, 28.42051], [78.28302, 28.42707], [78.28527, 28.43421], [78.30683, 28.44949], [78.30549, 28.45865], [78.28155, 28.46703], [78.27791, 28.46991], [78.27775, 28.48463], [78.27554, 28.48842], [78.26432, 28.48579], [78.2568, 28.47681], [78.23179, 28.48791], [78.2201, 28.49586], [78.21654, 28.50176], [78.21422, 28.51014], [78.21455, 28.52204], [78.22173, 28.53134], [78.21789, 28.54129], [78.21664, 28.54961], [78.23007, 28.57303], [78.20904, 28.61781], [78.18972, 28.62174], [78.15806, 28.63927], [78.14753, 28.64125], [78.12818, 28.64195], [78.11542, 28.64024], [78.09852, 28.65031], [78.08578, 28.66731], [78.079, 28.66906], [78.0473, 28.66776], [78.0362, 28.67248], [78.02117, 28.6889], [78.00955, 28.69352], [77.99354, 28.69323], [77.97573, 28.70108], [77.95657, 28.69865], [77.93915, 28.69245], [77.90881, 28.66517], [77.90457, 28.65843], [77.90502, 28.64822], [77.90187, 28.63959], [77.89609, 28.63704], [77.8811, 28.63794], [77.85955, 28.65141], [77.85061, 28.64579], [77.84577, 28.6371], [77.83026, 28.62588], [77.80182, 28.61164], [77.78764, 28.59062], [77.7809, 28.5862], [77.76035, 28.58254], [77.75475, 28.57604], [77.74763, 28.56112], [77.72907, 28.55402], [77.72007, 28.5572], [77.70947, 28.55732], [77.70302, 28.55227], [77.69859, 28.54478], [77.69848, 28.51679], [77.69228, 28.50455], [77.67969, 28.49377], [77.64772, 28.48338], [77.63974, 28.47817], [77.64281, 28.46167], [77.64109, 28.45048], [77.62816, 28.44437], [77.62345, 28.44437], [77.62022, 28.43355], [77.6346, 28.41422], [77.63588, 28.40844], [77.63369, 28.40414], [77.64624, 28.38298], [77.64129, 28.36257], [77.63448, 28.34401], [77.63139, 28.32792], [77.63139, 28.3174], [77.62768, 28.31122], [77.6184, 28.30627], [77.61468, 28.3007], [77.61407, 28.28895], [77.62442, 28.2794], [77.63015, 28.26111], [77.6368, 28.24997], [77.64283, 28.24672], [77.6662, 28.24525], [77.66928, 28.241], [77.66742, 28.19445], [77.67052, 28.18177], [77.67717, 28.17465], [77.68629, 28.16011], [77.69031, 28.1465], [77.69078, 28.13614], [77.68892, 28.12593], [77.67449, 28.10844], [77.67622, 28.10332], [77.69779, 28.07888], [77.70122, 28.07797], [77.70654, 28.08115], [77.71318, 28.08061], [77.71575, 28.07906], [77.72247, 28.08203], [77.72734, 28.08237], [77.73748, 28.08844], [77.73185, 28.10327], [77.73811, 28.11053], [77.73992, 28.11567], [77.73691, 28.12326], [77.74346, 28.12612], [77.75032, 28.13497], [77.74777, 28.14245], [77.76209, 28.1514], [77.76654, 28.15096], [77.76593, 28.14423], [77.77467, 28.12859], [77.77763, 28.12697], [77.78611, 28.13706], [77.7909, 28.13873], [77.80083, 28.13755], [77.80805, 28.13979], [77.81454, 28.1398], [77.81346, 28.14767], [77.81037, 28.15294], [77.81814, 28.15397], [77.82618, 28.15709], [77.82968, 28.16151], [77.83391, 28.16183], [77.84604, 28.17159], [77.85156, 28.16416], [77.85265, 28.15908], [77.84849, 28.15795], [77.85442, 28.14886], [77.84512, 28.1331], [77.85143, 28.12719], [77.86266, 28.1313], [77.86704, 28.13184], [77.87067, 28.13018], [77.87571, 28.1235], [77.89726, 28.10877], [77.90701, 28.107], [77.91494, 28.10075], [77.9201, 28.09351], [77.92872, 28.09621], [77.94047, 28.09043], [77.93788, 28.07974], [77.93982, 28.07662], [77.94577, 28.07762], [77.96453, 28.06778], [77.97628, 28.065], [78.00969, 28.06438], [78.01742, 28.06685], [78.03134, 28.07737], [78.04836, 28.09717], [78.05794, 28.10026], [78.06444, 28.10026], [78.07001, 28.0984], [78.10651, 28.06716], [78.113, 28.05757], [78.11579, 28.05108], [78.11711, 28.01851], [78.14067, 28.03387], [78.1495, 28.04613], [78.15847, 28.05015], [78.17193, 28.06387], [78.16574, 28.0731], [78.1775, 28.08532], [78.18083, 28.08597], [78.1853, 28.08398], [78.19199, 28.08383], [78.19903, 28.08604], [78.22139, 28.10846], [78.22429, 28.10855], [78.23459, 28.09843], [78.24958, 28.10602], [78.25215, 28.10829], [78.25363, 28.11404], [78.26084, 28.11564], [78.27424, 28.11402], [78.28291, 28.11953], [78.29072, 28.12182], [78.29657, 28.12153], [78.30015, 28.11705], [78.30726, 28.11808], [78.31835, 28.12249], [78.3351, 28.1114], [78.35706, 28.07273], [78.36263, 28.06531], [78.37253, 28.06067], [78.39123, 28.06817], [78.40995, 28.06438], [78.41831, 28.06562], [78.42697, 28.06933], [78.43439, 28.07675], [78.44274, 28.08139], [78.46099, 28.08263], [78.44083, 28.10217], [78.42666, 28.1349], [78.39201, 28.17512], [78.35489, 28.21347], [78.34685, 28.22894], [78.34747, 28.24317], [78.34252, 28.25368], [78.33448, 28.26173], [78.31221, 28.27596], [78.29226, 28.29513], [78.31214, 28.30812], [78.31072, 28.32168], [78.30558, 28.32936], [78.30486, 28.33558], [78.28476, 28.37184], [78.29442, 28.38313], [78.29782, 28.38956], [78.29853, 28.39477], [78.29601, 28.39943], [78.29154, 28.403]]]}}, {"type": "Feature", "properties": {"shapeName": "Bijnor", "shapeISO": "", "shapeID": "76128533B14534161138054", "shapeGroup": "IND", "shapeType": "ADM2", "district": "Bijnor"}, "geometry": {"type": "Polygon", "coordinates": [[[78.92315, 29.43081], [78.90951, 29.43415], [78.90204, 29.43797], [78.87476, 29.44204], [78.84235, 29.45391], [78.82907, 29.4551], [78.81269, 29.4627], [78.80233, 29.46081], [78.77466, 29.47688], [78.76146, 29.48683], [78.75755, 29.49235], [78.74388, 29.49816], [78.73004, 29.49762], [78.72197, 29.49901], [78.71712, 29.49684], [78.70691, 29.49794], [78.70632, 29.50006], [78.69945, 29.50421], [78.68022, 29.52125], [78.66314, 29.53291], [78.65481, 29.54045], [78.6399, 29.54365], [78.62612, 29.55297], [78.6213, 29.5538], [78.5978, 29.57074], [78.58329, 29.58182], [78.569, 29.59575], [78.549, 29.62005], [78.54248, 29.62311], [78.52317, 29.65517], [78.52564, 29.66693], [78.52229, 29.67876], [78.52475, 29.69033], [78.5212, 29.69881], [78.51881, 29.71698], [78.51463, 29.72125], [78.50502, 29.72812], [78.49012, 29.73464], [78.47544, 29.736], [78.45755, 29.74168], [78.445, 29.74849], [78.43025, 29.76104], [78.41345, 29.75977], [78.39855, 29.7627], [78.34328, 29.78911], [78.33656, 29.78583], [78.32119, 29.78213], [78.3179, 29.77789], [78.31567, 29.77737], [78.31538, 29.77329], [78.30687, 29.77108], [78.2981, 29.75876], [78.29149, 29.76017], [78.28867, 29.75356], [78.28506, 29.75502], [78.28132, 29.75158], [78.27751, 29.75149], [78.27278, 29.74749], [78.27019, 29.74271], [78.26466, 29.73965], [78.26631, 29.73658], [78.2634, 29.73389], [78.25715, 29.73404], [78.25399, 29.73062], [78.24932, 29.73049], [78.24838, 29.73267], [78.24342, 29.73392], [78.24079, 29.7371], [78.23465, 29.73387], [78.23313, 29.73126], [78.2265, 29.73718], [78.22403, 29.73489], [78.21764, 29.73756], [78.2149, 29.73656], [78.21394, 29.73278], [78.20981, 29.73402], [78.20711, 29.73265], [78.20848, 29.72789], [78.20298, 29.71905], [78.20143, 29.71292], [78.20241, 29.69513], [78.19987, 29.68675], [78.19637, 29.68148], [78.18084, 29.67846], [78.17424, 29.68232], [78.15592, 29.67786], [78.14606, 29.67022], [78.14472, 29.66319], [78.14773, 29.65722], [78.14723, 29.6508], [78.1418, 29.64461], [78.1353, 29.64118], [78.13014, 29.64334], [78.12666, 29.64278], [78.12421, 29.64073], [78.1056, 29.63456], [78.10283, 29.63046], [78.0961, 29.62729], [78.09354, 29.6241], [78.09229, 29.62477], [78.09331, 29.62091], [78.08837, 29.61541], [78.08769, 29.60724], [78.08331, 29.60321], [78.07588, 29.60278], [78.06989, 29.60584], [78.06228, 29.60452], [78.04913, 29.59906], [78.0441, 29.59334], [78.04421, 29.58968], [78.03994, 29.58591], [78.0402, 29.57745], [78.04684, 29.57244], [78.0488, 29.56883], [78.04519, 29.56192], [78.04815, 29.55683], [78.04732, 29.54901], [78.04884, 29.54415], [78.0455, 29.54101], [78.03323, 29.53847], [78.02222, 29.55555], [78.00674, 29.54933], [77.99651, 29.53769], [77.99411, 29.49313], [77.99693, 29.48168], [78.0006, 29.47543], [78.00456, 29.4738], [78.00822, 29.46878], [78.01967, 29.46934], [78.02132, 29.46456], [78.01754, 29.462], [78.0299, 29.45262], [78.0329, 29.44777], [78.0348, 29.43485], [78.03838, 29.42979], [78.04504, 29.42486], [78.05462, 29.41166], [78.06312, 29.41098], [78.06437, 29.409], [78.0659, 29.4018], [78.05435, 29.39436], [78.04951, 29.38876], [78.05162, 29.37713], [78.0623, 29.3703], [78.06878, 29.35901], [78.08052, 29.35887], [78.08399, 29.35764], [78.08572, 29.35562], [78.08886, 29.34082], [78.1104, 29.32358], [78.12202, 29.28831], [78.1282, 29.28136], [78.13757, 29.26023], [78.13773, 29.25328], [78.13021, 29.23557], [78.13077, 29.22983], [78.12657, 29.21748], [78.12762, 29.20525], [78.14081, 29.19128], [78.14322, 29.17988], [78.13646, 29.16516], [78.1337, 29.16285], [78.11982, 29.15934], [78.11235, 29.14795], [78.10986, 29.14004], [78.11104, 29.12109], [78.11206, 29.11778], [78.11834, 29.1108], [78.11859, 29.10675], [78.11666, 29.09707], [78.10649, 29.08333], [78.11086, 29.08075], [78.1192, 29.07908], [78.13503, 29.07744], [78.14356, 29.07881], [78.14832, 29.07737], [78.16065, 29.07026], [78.15897, 29.0583], [78.16092, 29.05387], [78.16529, 29.05838], [78.17096, 29.06037], [78.17359, 29.05689], [78.17714, 29.05643], [78.18425, 29.06215], [78.19364, 29.05988], [78.20726, 29.0503], [78.21147, 29.05558], [78.21562, 29.05363], [78.21637, 29.05101], [78.22595, 29.04867], [78.22801, 29.04506], [78.23473, 29.04075], [78.24073, 29.04044], [78.24436, 29.0453], [78.25944, 29.04315], [78.26632, 29.04714], [78.26961, 29.04643], [78.27751, 29.04827], [78.28989, 29.03993], [78.29352, 29.04083], [78.29505, 29.03964], [78.29881, 29.04147], [78.30559, 29.05099], [78.31212, 29.04785], [78.30786, 29.04353], [78.31007, 29.03947], [78.32411, 29.03892], [78.33155, 29.04217], [78.33759, 29.04246], [78.3417, 29.04871], [78.35366, 29.0428], [78.36744, 29.02924], [78.37746, 29.03091], [78.38564, 29.03479], [78.39202, 29.03393], [78.39619, 29.03712], [78.40424, 29.03072], [78.40997, 29.03159], [78.41595, 29.03843], [78.42207, 29.03744], [78.42595, 29.04139], [78.43254, 29.0448], [78.43645, 29.04429], [78.44416, 29.04816], [78.44517, 29.05029], [78.44818, 29.05023], [78.45159, 29.05708], [78.45625, 29.05688], [78.46055, 29.05908], [78.46927, 29.06614], [78.47244, 29.06424], [78.47808, 29.06408], [78.48898, 29.06058], [78.49391, 29.06415], [78.50616, 29.05419], [78.50903, 29.05863], [78.51295, 29.06101], [78.51688, 29.05897], [78.52566, 29.06967], [78.5331, 29.07877], [78.53578, 29.07986], [78.5496, 29.07884], [78.55082, 29.07672], [78.56035, 29.07504], [78.56685, 29.08079], [78.572, 29.08085], [78.57357, 29.08275], [78.57789, 29.08291], [78.57689, 29.08914], [78.58806, 29.08664], [78.59658, 29.08637], [78.60252, 29.08431], [78.61079, 29.09271], [78.61704, 29.09163], [78.62789, 29.10133], [78.62004, 29.11194], [78.6218, 29.11518], [78.63487, 29.12303], [78.63789, 29.12636], [78.64151, 29.12484], [78.64764, 29.12639], [78.6557, 29.13304], [78.66483, 29.14367], [78.66568, 29.15369], [78.66152, 29.15163], [78.65468, 29.15231], [78.64333, 29.1565], [78.63911, 29.16113], [78.65095, 29.17335], [78.65337, 29.17339], [78.66233, 29.16661], [78.66561, 29.16881], [78.67017, 29.1732], [78.67041, 29.17787], [78.6644, 29.17958], [78.66221, 29.17861], [78.66104, 29.18103], [78.66151, 29.18436], [78.66599, 29.19134], [78.67077, 29.19311], [78.67425, 29.19729], [78.68201, 29.19848], [78.68562, 29.20368], [78.69087, 29.203], [78.69199, 29.20043], [78.70303, 29.20703], [78.70456, 29.21216], [78.7021, 29.21517], [78.70378, 29.21638], [78.70031, 29.21766], [78.68949, 29.20858], [78.68197, 29.20651], [78.67981, 29.20862], [78.68683, 29.22018], [78.68057, 29.22615], [78.6828, 29.22991], [78.6926, 29.23711], [78.69915, 29.24712], [78.6952, 29.25294], [78.69716, 29.25628], [78.70625, 29.26103], [78.70748, 29.2671], [78.71713, 29.26824], [78.72361, 29.26735], [78.73241, 29.27629], [78.73617, 29.27453], [78.74737, 29.27636], [78.75437, 29.28252], [78.76254, 29.27868], [78.77114, 29.28055], [78.77813, 29.2799], [78.76348, 29.29095], [78.75204, 29.29605], [78.74395, 29.30173], [78.74418, 29.3035], [78.73412, 29.30271], [78.73237, 29.3058], [78.72814, 29.30735], [78.72847, 29.31086], [78.73162, 29.30839], [78.73508, 29.31029], [78.74431, 29.30724], [78.74495, 29.31029], [78.74196, 29.31285], [78.74124, 29.31811], [78.74182, 29.3218], [78.74522, 29.32283], [78.74328, 29.32646], [78.75029, 29.32497], [78.75024, 29.32066], [78.75293, 29.32087], [78.75497, 29.32306], [78.75948, 29.32249], [78.75905, 29.3278], [78.76339, 29.33198], [78.76304, 29.3358], [78.77214, 29.33816], [78.77594, 29.34192], [78.78364, 29.33593], [78.7814, 29.33315], [78.78537, 29.32975], [78.79538, 29.33018], [78.79895, 29.33181], [78.80052, 29.33521], [78.80281, 29.33418], [78.80493, 29.3297], [78.7992, 29.31993], [78.80696, 29.31581], [78.80953, 29.32314], [78.8188, 29.32451], [78.81303, 29.33011], [78.81252, 29.33541], [78.80929, 29.33901], [78.82007, 29.34402], [78.83159, 29.36202], [78.8326, 29.36903], [78.835, 29.37222], [78.84076, 29.37258], [78.83554, 29.37073], [78.83703, 29.3682], [78.8368, 29.35909], [78.83923, 29.35654], [78.8458, 29.3541], [78.8503, 29.34951], [78.86565, 29.35312], [78.86562, 29.35477], [78.86122, 29.35892], [78.86111, 29.36495], [78.86529, 29.3651], [78.87072, 29.36297], [78.8827, 29.36803], [78.88919, 29.37296], [78.88548, 29.37648], [78.8869, 29.37944], [78.89673, 29.37772], [78.90195, 29.38589], [78.91058, 29.38904], [78.92047, 29.39947], [78.92123, 29.40526], [78.92819, 29.40833], [78.9277, 29.41394], [78.93094, 29.41739], [78.93066, 29.42059], [78.93469, 29.42964], [78.94112, 29.43512], [78.92867, 29.43096], [78.92315, 29.43081]]]}}, {"type": "Feature", "properties": {"shapeName": "Baghpat", "shapeISO": "", "shapeID": "76128533B46268976217915", "shapeGroup": "IND", "shapeType": "ADM2", "district": "Baghpat"}, "geometry": {"type": "Polygon", "coordinates": [[[77.20755, 28.85688], [77.21969, 28.84504], [77.21874, 28.83463], [77.22029, 28.83006], [77.22376, 28.8269], [77.23598, 28.82781], [77.23643, 28.82473], [77.2453, 28.82105], [77.25893, 28.82395], [77.26333, 28.83122], [77.28802, 28.8334], [77.29233, 28.83164], [77.29957, 28.82465], [77.30195, 28.80997], [77.30628, 28.8078], [77.30551, 28.79678], [77.30826, 28.79108], [77.31869, 28.79232], [77.32559, 28.7947], [77.32857, 28.79856], [77.33326, 28.80035], [77.34638, 28.79478], [77.35027, 28.79709], [77.35451, 28.80417], [77.36413, 28.80149], [77.36587, 28.79105], [77.37043, 28.78534], [77.40846, 28.77639], [77.41326, 28.78168], [77.41347, 28.79099], [77.4059, 28.80319], [77.40581, 28.80967], [77.41062, 28.81199], [77.41049, 28.81781], [77.39876, 28.8282], [77.41069, 28.83386], [77.41816, 28.83567], [77.42023, 28.84358], [77.4103, 28.84865], [77.40966, 28.87495], [77.42466, 28.87998], [77.43585, 28.899], [77.4355, 28.90349], [77.44075, 28.90851], [77.44192, 28.91424], [77.44549, 28.91695], [77.44473, 28.92167], [77.44757, 28.92494], [77.4605, 28.92565], [77.46224, 28.9203], [77.46864, 28.92524], [77.46963, 28.94433], [77.47681, 28.9558], [77.47781, 28.9604], [77.46652, 28.98872], [77.46318, 29.0046], [77.46454, 29.01839], [77.46253, 29.02294], [77.45254, 29.02761], [77.45065, 29.03134], [77.45502, 29.05397], [77.46025, 29.06709], [77.45879, 29.07093], [77.45187, 29.07372], [77.43587, 29.0766], [77.43292, 29.08597], [77.4342, 29.09058], [77.43988, 29.09525], [77.44271, 29.10471], [77.44809, 29.11035], [77.44759, 29.12097], [77.4503, 29.12294], [77.4591, 29.12308], [77.46289, 29.12604], [77.46212, 29.13641], [77.46593, 29.1384], [77.47398, 29.13713], [77.48081, 29.14334], [77.47952, 29.14943], [77.48046, 29.15949], [77.47431, 29.17783], [77.47768, 29.18297], [77.49978, 29.17924], [77.50811, 29.19002], [77.49788, 29.19796], [77.49432, 29.19875], [77.48813, 29.19602], [77.48339, 29.20288], [77.47588, 29.2072], [77.47419, 29.21157], [77.46408, 29.2195], [77.46109, 29.22718], [77.45068, 29.22504], [77.4438, 29.22609], [77.43702, 29.23071], [77.42959, 29.23133], [77.42393, 29.23715], [77.41132, 29.24493], [77.39212, 29.24793], [77.38975, 29.24669], [77.38312, 29.23578], [77.36508, 29.23956], [77.35589, 29.23913], [77.33293, 29.2481], [77.32542, 29.25374], [77.31625, 29.25913], [77.31014, 29.26087], [77.29911, 29.25725], [77.28297, 29.26657], [77.27099, 29.2645], [77.26019, 29.26675], [77.25702, 29.26835], [77.25481, 29.27843], [77.24702, 29.27987], [77.24042, 29.27997], [77.20764, 29.27408], [77.19999, 29.27539], [77.18788, 29.2799], [77.18727, 29.28726], [77.18306, 29.29034], [77.16113, 29.29386], [77.15305, 29.29744], [77.15017, 29.28798], [77.14576, 29.28323], [77.1446, 29.27651], [77.13957, 29.26774], [77.14078, 29.26098], [77.1462, 29.25735], [77.15019, 29.24938], [77.14943, 29.2394], [77.15076, 29.23284], [77.1486, 29.23026], [77.13418, 29.22335], [77.13189, 29.21727], [77.13502, 29.20989], [77.14304, 29.20338], [77.14404, 29.19434], [77.14092, 29.19199], [77.14445, 29.18301], [77.14786, 29.18034], [77.14398, 29.16681], [77.14383, 29.15721], [77.14208, 29.15374], [77.1369, 29.1494], [77.13664, 29.14185], [77.14814, 29.1334], [77.14974, 29.11749], [77.14677, 29.11047], [77.13962, 29.10795], [77.13476, 29.09496], [77.14415, 29.08256], [77.14745, 29.08044], [77.15737, 29.07911], [77.16294, 29.08079], [77.16445, 29.07932], [77.16946, 29.05203], [77.17282, 29.04637], [77.17063, 29.03964], [77.16756, 29.03718], [77.16753, 29.03379], [77.17844, 29.02953], [77.1858, 29.03138], [77.1898, 29.02756], [77.18971, 29.02345], [77.19378, 29.01306], [77.19196, 29.01096], [77.19155, 29.00596], [77.19848, 28.99015], [77.20232, 28.98869], [77.20314, 28.98562], [77.20285, 28.97518], [77.20159, 28.9752], [77.2002, 28.97056], [77.19572, 28.96689], [77.19331, 28.95838], [77.19773, 28.94533], [77.19608, 28.94202], [77.19685, 28.93802], [77.20234, 28.93352], [77.20821, 28.93467], [77.22242, 28.92813], [77.22522, 28.92298], [77.23239, 28.92004], [77.23476, 28.91179], [77.2332, 28.89795], [77.22791, 28.89401], [77.22768, 28.8801], [77.22152, 28.87843], [77.21319, 28.88667], [77.20556, 28.88824], [77.19808, 28.88765], [77.18956, 28.88044], [77.19263, 28.87578], [77.18982, 28.87126], [77.19026, 28.86795], [77.19256, 28.86587], [77.2008, 28.8631], [77.20797, 28.86214], [77.20951, 28.85845], [77.20755, 28.85688]]]}}, {"type": "Feature", "properties": {"shapeName": "Mathura", "shapeISO": "", "shapeID": "76128533B88758450653156", "shapeGroup": "IND", "shapeType": "ADM2", "district": "Mathura"}, "geometry": {"type": "Polygon", "coordinates": [[[77.33582, 27.84741], [77.33582, 27.842], [77.33266, 27.83746], [77.3336, 27.83497], [77.33709, 27.83422], [77.32137, 27.82533], [77.31317, 27.82799], [77.31148, 27.82577], [77.30715, 27.82752], [77.30423, 27.82552], [77.29715, 27.82521], [77.29923, 27.81519], [77.29082, 27.81043], [77.28468, 27.80164], [77.28882, 27.79723], [77.30016, 27.79612], [77.30492, 27.79426], [77.31367, 27.78242], [77.31317, 27.77039], [77.31094, 27.76612], [77.31242, 27.75904], [77.3108, 27.75087], [77.31478, 27.74364], [77.31543, 27.73909], [77.31911, 27.7372], [77.32176, 27.73309], [77.30575, 27.72424], [77.307, 27.71309], [77.31173, 27.70762], [77.31785, 27.70832], [77.32663, 27.70565], [77.33387, 27.70759], [77.33997, 27.70553], [77.34335, 27.70231], [77.34397, 27.69372], [77.34593, 27.69058], [77.34616, 27.67985], [77.3444, 27.67581], [77.34681, 27.67021], [77.34652, 27.66407], [77.3487, 27.65681], [77.3521, 27.65159], [77.35167, 27.64742], [77.34165, 27.63217], [77.32248, 27.61174], [77.32047, 27.6061], [77.33502, 27.59128], [77.33737, 27.59044], [77.34443, 27.59593], [77.35937, 27.5878], [77.34762, 27.57099], [77.34229, 27.57045], [77.3396, 27.56551], [77.33986, 27.55816], [77.34276, 27.54899], [77.34935, 27.54114], [77.3417, 27.53296], [77.3443, 27.52443], [77.34941, 27.51917], [77.36139, 27.51438], [77.37038, 27.5129], [77.38537, 27.51298], [77.3916, 27.51092], [77.39242, 27.50587], [77.4012, 27.49641], [77.4015, 27.48039], [77.40555, 27.47219], [77.41653, 27.47074], [77.42458, 27.4605], [77.43459, 27.45917], [77.43874, 27.45641], [77.4364, 27.44537], [77.42984, 27.44166], [77.4274, 27.43654], [77.42426, 27.41974], [77.43585, 27.41098], [77.44093, 27.39357], [77.45231, 27.3877], [77.47063, 27.38196], [77.47569, 27.37864], [77.48494, 27.38208], [77.49602, 27.37997], [77.50634, 27.37569], [77.51128, 27.3717], [77.51291, 27.3684], [77.51711, 27.36711], [77.51844, 27.36215], [77.53107, 27.35197], [77.53983, 27.3471], [77.54816, 27.34739], [77.55182, 27.33676], [77.57684, 27.32754], [77.58181, 27.3244], [77.58362, 27.32104], [77.5895, 27.32276], [77.59572, 27.32958], [77.60208, 27.33226], [77.61392, 27.33225], [77.61949, 27.33869], [77.62324, 27.3377], [77.62545, 27.3326], [77.62257, 27.30906], [77.61238, 27.30422], [77.60916, 27.299], [77.60078, 27.29705], [77.60072, 27.29487], [77.61213, 27.28919], [77.61814, 27.28229], [77.6184, 27.27597], [77.62319, 27.27346], [77.62029, 27.26864], [77.61563, 27.26701], [77.61802, 27.25944], [77.62186, 27.25461], [77.63228, 27.25811], [77.63484, 27.25664], [77.6386, 27.24979], [77.64328, 27.24798], [77.64816, 27.24143], [77.66282, 27.23885], [77.68223, 27.23795], [77.70214, 27.25183], [77.7067, 27.24801], [77.71214, 27.24613], [77.72117, 27.24841], [77.73856, 27.24181], [77.76329, 27.2432], [77.77328, 27.2368], [77.78124, 27.23348], [77.78419, 27.23382], [77.78897, 27.23561], [77.79337, 27.24254], [77.79131, 27.2499], [77.79372, 27.2557], [77.81532, 27.26112], [77.82023, 27.27188], [77.82314, 27.27447], [77.83889, 27.28192], [77.84797, 27.2881], [77.84846, 27.29026], [77.85636, 27.2862], [77.85436, 27.26368], [77.85928, 27.25312], [77.86514, 27.24835], [77.87295, 27.24852], [77.88081, 27.25225], [77.88449, 27.25739], [77.88633, 27.26264], [77.88584, 27.26741], [77.87587, 27.2697], [77.86941, 27.27332], [77.86749, 27.27821], [77.86837, 27.28565], [77.87027, 27.29067], [77.87389, 27.29415], [77.88347, 27.29549], [77.90299, 27.29167], [77.91104, 27.28713], [77.91341, 27.2815], [77.90962, 27.25504], [77.91002, 27.24148], [77.91221, 27.23834], [77.92307, 27.23372], [77.93537, 27.23426], [77.9376, 27.23894], [77.94265, 27.24315], [77.94241, 27.24822], [77.93309, 27.26278], [77.93393, 27.26702], [77.93656, 27.27097], [77.94807, 27.27834], [77.95112, 27.28277], [77.93367, 27.30145], [77.91251, 27.31509], [77.9043, 27.32301], [77.90401, 27.33394], [77.90912, 27.34228], [77.90749, 27.34768], [77.8996, 27.35843], [77.9032, 27.36389], [77.9123, 27.3675], [77.91971, 27.37376], [77.91952, 27.37918], [77.91534, 27.38273], [77.91161, 27.39065], [77.91089, 27.4092], [77.91794, 27.41223], [77.93502, 27.41301], [77.93447, 27.42173], [77.9281, 27.42707], [77.91453, 27.42542], [77.90588, 27.43201], [77.90336, 27.4408], [77.90923, 27.44703], [77.92284, 27.45488], [77.93617, 27.4687], [77.94281, 27.4845], [77.93089, 27.495], [77.92045, 27.49744], [77.91753, 27.5006], [77.91183, 27.50053], [77.90826, 27.5115], [77.90468, 27.51497], [77.88666, 27.518], [77.87987, 27.5254], [77.88015, 27.53385], [77.88229, 27.53689], [77.89031, 27.5389], [77.89927, 27.55131], [77.90639, 27.55334], [77.90907, 27.56119], [77.90908, 27.56376], [77.89821, 27.58386], [77.89207, 27.58696], [77.88917, 27.58628], [77.88084, 27.57781], [77.8727, 27.57535], [77.87042, 27.57643], [77.86604, 27.58638], [77.8555, 27.60215], [77.85571, 27.60719], [77.86311, 27.61678], [77.86355, 27.62256], [77.85619, 27.63803], [77.85152, 27.65326], [77.84262, 27.6601], [77.84061, 27.65704], [77.83395, 27.66194], [77.83194, 27.66949], [77.82917, 27.67116], [77.82355, 27.67196], [77.8212, 27.66846], [77.81873, 27.66754], [77.79474, 27.68414], [77.79365, 27.68852], [77.79732, 27.69136], [77.80071, 27.69748], [77.80112, 27.70259], [77.79847, 27.70642], [77.80043, 27.72254], [77.79716, 27.72903], [77.79747, 27.73332], [77.80238, 27.74314], [77.81067, 27.75024], [77.83415, 27.75264], [77.83539, 27.7551], [77.82761, 27.76531], [77.82276, 27.77469], [77.81826, 27.77862], [77.81631, 27.78452], [77.81452, 27.79548], [77.81665, 27.81311], [77.80758, 27.82333], [77.79803, 27.82399], [77.78438, 27.83968], [77.78498, 27.84506], [77.80621, 27.85667], [77.80965, 27.86063], [77.77857, 27.86524], [77.7722, 27.86909], [77.76584, 27.8804], [77.76438, 27.88696], [77.76665, 27.8965], [77.76587, 27.90069], [77.76212, 27.90404], [77.75481, 27.90659], [77.74923, 27.91146], [77.74476, 27.92359], [77.74191, 27.92697], [77.71519, 27.94288], [77.7078, 27.94492], [77.70292, 27.9453], [77.68815, 27.94095], [77.67929, 27.94158], [77.67398, 27.94462], [77.66894, 27.95004], [77.66155, 27.96143], [77.65654, 27.96393], [77.64493, 27.96473], [77.62683, 27.9358], [77.62315, 27.93295], [77.6173, 27.93278], [77.6092, 27.93712], [77.60522, 27.93514], [77.59036, 27.93439], [77.58331, 27.92805], [77.57547, 27.92826], [77.57184, 27.92648], [77.57023, 27.92463], [77.57069, 27.91769], [77.56495, 27.91253], [77.55737, 27.91233], [77.54632, 27.91695], [77.53611, 27.91933], [77.52962, 27.92548], [77.52681, 27.92548], [77.52588, 27.928], [77.51723, 27.9333], [77.50827, 27.92602], [77.50244, 27.92538], [77.49288, 27.93846], [77.47593, 27.92924], [77.47655, 27.9277], [77.47815, 27.92827], [77.47632, 27.92473], [77.4803, 27.92165], [77.47774, 27.91632], [77.48114, 27.91502], [77.47944, 27.9099], [77.48135, 27.90788], [77.47869, 27.89851], [77.48014, 27.89785], [77.4794, 27.89444], [77.4759, 27.88696], [77.46156, 27.87619], [77.45118, 27.87102], [77.4391, 27.88043], [77.43397, 27.8873], [77.42925, 27.8903], [77.42079, 27.89043], [77.41672, 27.88378], [77.41105, 27.8798], [77.40998, 27.87416], [77.41347, 27.86978], [77.41241, 27.86639], [77.42298, 27.85779], [77.42251, 27.85437], [77.41109, 27.85175], [77.39766, 27.85335], [77.39063, 27.85731], [77.37767, 27.85885], [77.3777, 27.85707], [77.36591, 27.85378], [77.36155, 27.85077], [77.34954, 27.85572], [77.33582, 27.84741]]]}}, {"type": "Feature", "properties": {"shapeName": "Mahamaya Nagar", "shapeISO": "", "shapeID": "76128533B8878807356913", "shapeGroup": "IND", "shapeType": "ADM2", "district": "Mahamaya Nagar"}, "geometry": {"type": "Polygon", "coordinates": [[[78.47927, 27.8076], [78.46647, 27.82745], [78.44913, 27.81788], [78.41874, 27.78676], [78.40815, 27.78298], [78.39853, 27.77691], [78.38863, 27.76763], [78.38264, 27.75168], [78.37613, 27.74445], [78.33394, 27.73409], [78.32536, 27.72767], [78.3199, 27.71907], [78.30788, 27.70718], [78.29367, 27.70457], [78.27416, 27.69019], [78.26826, 27.67727], [78.26022, 27.67654], [78.24912, 27.6879], [78.24722, 27.6989], [78.24148, 27.70352], [78.22819, 27.70861], [78.20478, 27.73018], [78.2055, 27.7371], [78.21939, 27.7547], [78.21858, 27.76094], [78.20477, 27.76584], [78.18305, 27.76173], [78.173, 27.76428], [78.1695, 27.77039], [78.16273, 27.77417], [78.15175, 27.77009], [78.14052, 27.76803], [78.13551, 27.77211], [78.12607, 27.77457], [78.11891, 27.77026], [78.10791, 27.7685], [78.08899, 27.76898], [78.0778, 27.77132], [78.07745, 27.78051], [78.07053, 27.78777], [78.06228, 27.78684], [78.0541, 27.78132], [78.04758, 27.77201], [78.04188, 27.76899], [78.03424, 27.77079], [78.0312, 27.77378], [78.02446, 27.7715], [78.02338, 27.76524], [78.01981, 27.7628], [78.01586, 27.75231], [78.01795, 27.74425], [78.02621, 27.7371], [78.02623, 27.73496], [78.02195, 27.7316], [78.01285, 27.73232], [78.01098, 27.72792], [78.01784, 27.7172], [78.0165, 27.71041], [78.00667, 27.70262], [78.00632, 27.69568], [78.01868, 27.677], [78.01657, 27.66706], [78.0093, 27.65043], [77.9968, 27.63187], [77.99471, 27.62104], [78.00403, 27.61261], [78.00576, 27.60731], [78.00061, 27.60035], [77.99358, 27.60137], [77.99044, 27.60814], [77.98499, 27.6098], [77.97775, 27.60484], [77.96771, 27.59461], [77.96166, 27.59895], [77.96172, 27.60812], [77.95527, 27.61126], [77.94596, 27.60691], [77.93706, 27.59632], [77.90062, 27.58629], [77.89821, 27.58386], [77.90908, 27.56376], [77.90907, 27.56119], [77.90639, 27.55334], [77.89927, 27.55131], [77.89031, 27.5389], [77.88229, 27.53689], [77.88015, 27.53385], [77.87987, 27.5254], [77.88666, 27.518], [77.90468, 27.51497], [77.90826, 27.5115], [77.91183, 27.50053], [77.91753, 27.5006], [77.92045, 27.49744], [77.93089, 27.495], [77.94281, 27.4845], [77.93617, 27.4687], [77.92284, 27.45488], [77.90923, 27.44703], [77.90336, 27.4408], [77.90588, 27.43201], [77.91453, 27.42542], [77.9281, 27.42707], [77.93447, 27.42173], [77.93502, 27.41301], [77.91794, 27.41223], [77.91089, 27.4092], [77.91161, 27.39065], [77.91534, 27.38273], [77.91952, 27.37918], [77.91971, 27.37376], [77.9123, 27.3675], [77.9032, 27.36389], [77.8996, 27.35843], [77.90749, 27.34768], [77.90912, 27.34228], [77.90401, 27.33394], [77.9043, 27.32301], [77.91251, 27.31509], [77.93367, 27.30145], [77.95112, 27.28277], [77.96072, 27.28845], [77.96134, 27.28763], [77.96397, 27.27936], [77.96361, 27.26625], [77.96981, 27.26699], [77.98266, 27.28029], [77.99094, 27.2838], [77.99165, 27.30357], [77.98499, 27.30808], [77.98131, 27.3132], [77.98152, 27.31961], [77.98472, 27.32535], [78.00579, 27.32626], [78.014, 27.32122], [78.01184, 27.32762], [78.01513, 27.32766], [78.02167, 27.32435], [78.02992, 27.32969], [78.03161, 27.3332], [78.03953, 27.33376], [78.04133, 27.337], [78.03954, 27.33993], [78.04345, 27.34621], [78.04765, 27.34746], [78.05365, 27.34533], [78.06012, 27.33971], [78.07305, 27.33509], [78.07591, 27.3433], [78.08144, 27.35136], [78.08852, 27.35292], [78.08588, 27.35739], [78.08018, 27.36226], [78.073, 27.36541], [78.05246, 27.36902], [78.0535, 27.375], [78.06163, 27.38154], [78.07123, 27.38], [78.07563, 27.38842], [78.08268, 27.39199], [78.09196, 27.38384], [78.09983, 27.37382], [78.10721, 27.36895], [78.12159, 27.37133], [78.12711, 27.36671], [78.13722, 27.36481], [78.15426, 27.38246], [78.16283, 27.38725], [78.17446, 27.38757], [78.17627, 27.39053], [78.17287, 27.39766], [78.17923, 27.39911], [78.17828, 27.40774], [78.18002, 27.40886], [78.18668, 27.40397], [78.19199, 27.40209], [78.19849, 27.40282], [78.19621, 27.41592], [78.19919, 27.42028], [78.20114, 27.43299], [78.19802, 27.43302], [78.19003, 27.42704], [78.18507, 27.4264], [78.18179, 27.42701], [78.18065, 27.43263], [78.18482, 27.44532], [78.19039, 27.45463], [78.19839, 27.45645], [78.20085, 27.45984], [78.19741, 27.46293], [78.19795, 27.46635], [78.20288, 27.47539], [78.20228, 27.47742], [78.20876, 27.48296], [78.20962, 27.48989], [78.20482, 27.49706], [78.20658, 27.50069], [78.20562, 27.50498], [78.20731, 27.50844], [78.21332, 27.50651], [78.21644, 27.50764], [78.2207, 27.5128], [78.21477, 27.52347], [78.22351, 27.5288], [78.2298, 27.52491], [78.23293, 27.52668], [78.24133, 27.52607], [78.24513, 27.52809], [78.2491, 27.52169], [78.25527, 27.51804], [78.26471, 27.52667], [78.2678, 27.52536], [78.27075, 27.52695], [78.27377, 27.52558], [78.27832, 27.52854], [78.2784, 27.53039], [78.28451, 27.53605], [78.27246, 27.54852], [78.28083, 27.55483], [78.28298, 27.55354], [78.28672, 27.55437], [78.2923, 27.54406], [78.29867, 27.54636], [78.30483, 27.55098], [78.31488, 27.54328], [78.31924, 27.54705], [78.31373, 27.55666], [78.32044, 27.56428], [78.31891, 27.57286], [78.3328, 27.57704], [78.3344, 27.58263], [78.33826, 27.5827], [78.33931, 27.57997], [78.35281, 27.57368], [78.3636, 27.57379], [78.36664, 27.56923], [78.36113, 27.56149], [78.36401, 27.55914], [78.36804, 27.56083], [78.37269, 27.56615], [78.38829, 27.5671], [78.39352, 27.57158], [78.38951, 27.57842], [78.39771, 27.58797], [78.39975, 27.58837], [78.40052, 27.58584], [78.40767, 27.58002], [78.41681, 27.5805], [78.42296, 27.58829], [78.43658, 27.59119], [78.44688, 27.59586], [78.45112, 27.59928], [78.45279, 27.6051], [78.45835, 27.60741], [78.46088, 27.61038], [78.46655, 27.61228], [78.4716, 27.61864], [78.48813, 27.6123], [78.49838, 27.61801], [78.50109, 27.61665], [78.50616, 27.62445], [78.50139, 27.63153], [78.50202, 27.63567], [78.4996, 27.64019], [78.50127, 27.64366], [78.50651, 27.64649], [78.50606, 27.64868], [78.50949, 27.65402], [78.50722, 27.6588], [78.51091, 27.66379], [78.51053, 27.66778], [78.51588, 27.66835], [78.51595, 27.66974], [78.5086, 27.67412], [78.50609, 27.68474], [78.51383, 27.68752], [78.51477, 27.69087], [78.51915, 27.69382], [78.50826, 27.70478], [78.52883, 27.72361], [78.51951, 27.73374], [78.51511, 27.73993], [78.50812, 27.74065], [78.49511, 27.74545], [78.48792, 27.74918], [78.47569, 27.75907], [78.47525, 27.76433], [78.48346, 27.7688], [78.48024, 27.77428], [78.4804, 27.78121], [78.48377, 27.78892], [78.47974, 27.79135], [78.47445, 27.79899], [78.47606, 27.80834], [78.47927, 27.8076]]]}}, {"type": "Feature", "properties": {"shapeName": "Ghaziabad", "shapeISO": "", "shapeID": "76128533B68984344044805", "shapeGroup": "IND", "shapeType": "ADM2", "district": "Ghaziabad"}, "geometry": {"type": "Polygon", "coordinates": [[[77.70414, 28.73879], [77.69825, 28.74325], [77.69036, 28.76265], [77.69272, 28.76473], [77.69615, 28.77517], [77.70249, 28.77518], [77.71784, 28.7874], [77.71876, 28.80888], [77.71661, 28.81336], [77.70356, 28.8235], [77.70826, 28.83668], [77.70513, 28.84561], [77.7077, 28.84815], [77.70078, 28.85783], [77.6938, 28.87487], [77.68758, 28.87701], [77.68161, 28.87532], [77.67579, 28.871], [77.6656, 28.8682], [77.66091, 28.86852], [77.66016, 28.87559], [77.656, 28.87869], [77.61938, 28.87858], [77.61409, 28.87254], [77.6017, 28.87598], [77.59786, 28.87453], [77.59474, 28.87846], [77.59162, 28.89107], [77.5875, 28.89268], [77.58175, 28.88803], [77.57145, 28.88849], [77.55895, 28.89574], [77.55344, 28.89395], [77.5496, 28.88993], [77.53635, 28.88808], [77.53137, 28.89116], [77.51925, 28.89425], [77.509, 28.90065], [77.49877, 28.89578], [77.49313, 28.89952], [77.46244, 28.90548], [77.46401, 28.91235], [77.46224, 28.9203], [77.4605, 28.92565], [77.44757, 28.92494], [77.44473, 28.92167], [77.44549, 28.91695], [77.44192, 28.91424], [77.44075, 28.90851], [77.4355, 28.90349], [77.43585, 28.899], [77.42466, 28.87998], [77.40966, 28.87495], [77.4103, 28.84865], [77.42023, 28.84358], [77.41816, 28.83567], [77.41069, 28.83386], [77.39876, 28.8282], [77.41049, 28.81781], [77.41062, 28.81199], [77.40581, 28.80967], [77.4059, 28.80319], [77.41347, 28.79099], [77.41326, 28.78168], [77.40846, 28.77639], [77.37043, 28.78534], [77.36587, 28.79105], [77.36413, 28.80149], [77.35451, 28.80417], [77.35027, 28.79709], [77.34638, 28.79478], [77.33326, 28.80035], [77.32857, 28.79856], [77.32559, 28.7947], [77.31869, 28.79232], [77.30826, 28.79108], [77.30551, 28.79678], [77.30628, 28.8078], [77.30195, 28.80997], [77.29957, 28.82465], [77.29233, 28.83164], [77.28802, 28.8334], [77.26333, 28.83122], [77.25893, 28.82395], [77.2453, 28.82105], [77.23643, 28.82473], [77.23598, 28.82781], [77.22376, 28.8269], [77.22029, 28.83006], [77.22241, 28.82524], [77.22191, 28.8226], [77.22368, 28.82143], [77.2202, 28.81912], [77.21821, 28.80856], [77.20184, 28.81253], [77.20103, 28.81091], [77.19905, 28.79806], [77.20589907400006, 28.789650867000034], [77.20664092500004, 28.78907868500005], [77.20714632300007, 28.788688808000074], [77.20728801500007, 28.788580508000052], [77.20756, 28.78845], [77.2107, 28.78688], [77.21433, 28.78559], [77.22845, 28.78664], [77.23425, 28.7837], [77.22322, 28.77768], [77.23114, 28.77494], [77.23499, 28.77099], [77.23664, 28.7668], [77.23868, 28.76569], [77.23628, 28.7658], [77.23714, 28.76355], [77.2351, 28.76126], [77.24854, 28.75551], [77.25687, 28.75674], [77.25668, 28.75446], [77.25925, 28.75294], [77.25955, 28.75065], [77.2549, 28.74367], [77.25569, 28.73879], [77.2609, 28.73453], [77.26655, 28.73423], [77.2732, 28.73635], [77.27842, 28.73376], [77.28657, 28.72457], [77.29081, 28.72221], [77.28938, 28.71649], [77.28667, 28.71423], [77.28749, 28.70981], [77.29142, 28.70583], [77.29565537600007, 28.704736715000024], [77.29591692400004, 28.704573722000077], [77.299, 28.70979], [77.30624, 28.71354], [77.31616, 28.71271], [77.3177, 28.71419], [77.32158, 28.71219], [77.33115, 28.71334], [77.32454, 28.70752], [77.32583, 28.70299], [77.32332, 28.69864], [77.32975, 28.69005], [77.33317, 28.68156], [77.32981, 28.67804], [77.32377, 28.67716], [77.32383, 28.676205176000053], [77.32027, 28.65172], [77.31599, 28.64117], [77.32624, 28.63227], [77.33042, 28.63122], [77.33445, 28.63239], [77.38093, 28.63212], [77.40352, 28.63873], [77.40738, 28.63362], [77.40942, 28.63351], [77.41352, 28.6297], [77.41737, 28.61887], [77.42145, 28.62415], [77.42685, 28.62635], [77.43341, 28.62225], [77.43722, 28.62334], [77.44536, 28.61996], [77.44813, 28.62028], [77.45078, 28.61688], [77.45236, 28.61847], [77.45705, 28.61622], [77.46135, 28.61671], [77.46789, 28.62021], [77.47148, 28.61605], [77.48472, 28.62741], [77.49493, 28.6226], [77.50098, 28.625], [77.50605, 28.62409], [77.52267, 28.61131], [77.52646, 28.61174], [77.52849, 28.61551], [77.5244, 28.62484], [77.52806, 28.62445], [77.53489, 28.61615], [77.54118, 28.61524], [77.54377, 28.61923], [77.55113, 28.61755], [77.5514, 28.62441], [77.54825, 28.63435], [77.5409, 28.6385], [77.53443, 28.63996], [77.53499, 28.65439], [77.53793, 28.66203], [77.55249, 28.66679], [77.5601, 28.68017], [77.56532, 28.68272], [77.57029, 28.68189], [77.57733, 28.68289], [77.58304, 28.68159], [77.59571, 28.69361], [77.60793, 28.69926], [77.60614, 28.69906], [77.60475, 28.70293], [77.61235, 28.70371], [77.61405, 28.70834], [77.61208, 28.71029], [77.62441, 28.71787], [77.62902, 28.71505], [77.6366, 28.7174], [77.6367, 28.71181], [77.63204, 28.70406], [77.63341, 28.70021], [77.6364, 28.69816], [77.64172, 28.6974], [77.65806, 28.70239], [77.66936, 28.69832], [77.67378, 28.69875], [77.6756, 28.70195], [77.67077, 28.70684], [77.67534, 28.71052], [77.676, 28.71311], [77.67061, 28.71538], [77.68151, 28.72038], [77.68897, 28.72037], [77.6909, 28.72336], [77.69202, 28.73195], [77.70014, 28.73807], [77.70414, 28.73879]]]}}, {"type": "Feature", "properties": {"shapeName": "Muzaffarnagar", "shapeISO": "", "shapeID": "76128533B87051210355251", "shapeGroup": "IND", "shapeType": "ADM2", "district": "Muzaffarnagar"}, "geometry": {"type": "Polygon", "coordinates": [[[77.82447, 29.66816], [77.79651, 29.6367], [77.79159, 29.62854], [77.78335, 29.63209], [77.77401, 29.624], [77.76569, 29.62096], [77.75929, 29.61227], [77.7485, 29.607], [77.74472, 29.60368], [77.73593, 29.61033], [77.73095, 29.61226], [77.72793, 29.61694], [77.72388, 29.61651], [77.72304, 29.61111], [77.7197, 29.60838], [77.69744, 29.61429], [77.68622, 29.59551], [77.6671, 29.57397], [77.66236, 29.5609], [77.65837, 29.56139], [77.6541, 29.56704], [77.65067, 29.57955], [77.65104, 29.58846], [77.63029, 29.60193], [77.62558, 29.61283], [77.60101, 29.6223], [77.59237, 29.62075], [77.56898, 29.62624], [77.55419, 29.62708], [77.54671, 29.63207], [77.53937, 29.63332], [77.53303, 29.6291], [77.53405, 29.62007], [77.52718, 29.61982], [77.51648, 29.62736], [77.51324, 29.62447], [77.50916, 29.62372], [77.50169, 29.62521], [77.48947, 29.6323], [77.48468, 29.62419], [77.48423, 29.61954], [77.49259, 29.61947], [77.49461, 29.60893], [77.50614, 29.59977], [77.50047, 29.59989], [77.49726, 29.59566], [77.49716, 29.58877], [77.48984, 29.58204], [77.4858, 29.58186], [77.48456, 29.58044], [77.48477, 29.57817], [77.49602, 29.56884], [77.49567, 29.56344], [77.49183, 29.56134], [77.48141, 29.56139], [77.47929, 29.56015], [77.47573, 29.55305], [77.47866, 29.54299], [77.46936, 29.53394], [77.46551, 29.53356], [77.46013, 29.53602], [77.45612, 29.53385], [77.45298, 29.52452], [77.4503, 29.52187], [77.45014, 29.51709], [77.46369, 29.50985], [77.46319, 29.50256], [77.46176, 29.50001], [77.45502, 29.49964], [77.45065, 29.49751], [77.44684, 29.48543], [77.4395, 29.47508], [77.43733, 29.46326], [77.44284, 29.45604], [77.45873, 29.44644], [77.44829, 29.43586], [77.43898, 29.43079], [77.43286, 29.42545], [77.42887, 29.40228], [77.4241, 29.39382], [77.42431, 29.38566], [77.43679, 29.37089], [77.4399, 29.36029], [77.43955, 29.35839], [77.42586, 29.34819], [77.42466, 29.34383], [77.42777, 29.3396], [77.44255, 29.33264], [77.44327, 29.33049], [77.43096, 29.32859], [77.41984, 29.33104], [77.41754, 29.33377], [77.41821, 29.34099], [77.40835, 29.34865], [77.40327, 29.34977], [77.39695, 29.34631], [77.39147, 29.34106], [77.40094, 29.32731], [77.40061, 29.32356], [77.39661, 29.31823], [77.38177, 29.31043], [77.37173, 29.30696], [77.36265, 29.30622], [77.34766, 29.29633], [77.33374, 29.2844], [77.32563, 29.28492], [77.3283, 29.27864], [77.32542, 29.25374], [77.33293, 29.2481], [77.35589, 29.23913], [77.36508, 29.23956], [77.38312, 29.23578], [77.38975, 29.24669], [77.39212, 29.24793], [77.41132, 29.24493], [77.42393, 29.23715], [77.42959, 29.23133], [77.43702, 29.23071], [77.4438, 29.22609], [77.45068, 29.22504], [77.46109, 29.22718], [77.46408, 29.2195], [77.47419, 29.21157], [77.47588, 29.2072], [77.48339, 29.20288], [77.48813, 29.19602], [77.49432, 29.19875], [77.49788, 29.19796], [77.50811, 29.19002], [77.51173, 29.18911], [77.51546, 29.19747], [77.51915, 29.20105], [77.52244, 29.20235], [77.53298, 29.20229], [77.53359, 29.20779], [77.53748, 29.21234], [77.54398, 29.21368], [77.55135, 29.22246], [77.55779, 29.22177], [77.56273, 29.22644], [77.57219, 29.23104], [77.57307, 29.23353], [77.57103, 29.23838], [77.57227, 29.24044], [77.57778, 29.24472], [77.57867, 29.24835], [77.58983, 29.25581], [77.59155, 29.26136], [77.59581, 29.26005], [77.59999, 29.25576], [77.60633, 29.25237], [77.61919, 29.25054], [77.6259, 29.24701], [77.63124, 29.23065], [77.6346, 29.22547], [77.64102, 29.22272], [77.65197, 29.22253], [77.65797, 29.24301], [77.66575, 29.24986], [77.67184, 29.24976], [77.68572, 29.24568], [77.68497, 29.24018], [77.69568, 29.2337], [77.69626, 29.22938], [77.69442, 29.22328], [77.71006, 29.21999], [77.72052, 29.22198], [77.73695, 29.21471], [77.73965, 29.21511], [77.74468, 29.21276], [77.7486, 29.21472], [77.75112, 29.21426], [77.78495, 29.19526], [77.78256, 29.18679], [77.78271, 29.18025], [77.79132, 29.18168], [77.80452, 29.18032], [77.81251, 29.1953], [77.81694, 29.19585], [77.82337, 29.19439], [77.84213, 29.19616], [77.8456, 29.19451], [77.85071, 29.19761], [77.85306, 29.19752], [77.85799, 29.20363], [77.8638, 29.2171], [77.86939, 29.22229], [77.87714, 29.21862], [77.88335, 29.21367], [77.89253, 29.21182], [77.90251, 29.20565], [77.91229, 29.21189], [77.91907, 29.20939], [77.92377, 29.21013], [77.92719, 29.20848], [77.93078, 29.21114], [77.93248, 29.21988], [77.93528, 29.22445], [77.94478, 29.23038], [77.95569, 29.23113], [77.96377, 29.22777], [77.96672, 29.23178], [77.97174, 29.2326], [77.9788, 29.23751], [77.99172, 29.23406], [77.99957, 29.2485], [78.02312, 29.24793], [78.03777, 29.26168], [78.06965, 29.2611], [78.07313, 29.26207], [78.0831, 29.26088], [78.09405, 29.25607], [78.10599, 29.2539], [78.11012, 29.25121], [78.11521, 29.25411], [78.13773, 29.25328], [78.13757, 29.26023], [78.1282, 29.28136], [78.12202, 29.28831], [78.1104, 29.32358], [78.08886, 29.34082], [78.08572, 29.35562], [78.08399, 29.35764], [78.08052, 29.35887], [78.06878, 29.35901], [78.0623, 29.3703], [78.05162, 29.37713], [78.04951, 29.38876], [78.05435, 29.39436], [78.0659, 29.4018], [78.06437, 29.409], [78.06312, 29.41098], [78.05462, 29.41166], [78.04504, 29.42486], [78.03838, 29.42979], [78.0348, 29.43485], [78.0329, 29.44777], [78.0299, 29.45262], [78.01754, 29.462], [78.02132, 29.46456], [78.01967, 29.46934], [78.00822, 29.46878], [78.00456, 29.4738], [78.0006, 29.47543], [77.99693, 29.48168], [77.99411, 29.49313], [77.99651, 29.53769], [78.00674, 29.54933], [78.02222, 29.55555], [77.99778, 29.59245], [77.98845, 29.58065], [77.98555, 29.5799], [77.97664, 29.58137], [77.97552, 29.57708], [77.9636, 29.5858], [77.96591, 29.58869], [77.96751, 29.58707], [77.96865, 29.58789], [77.97013, 29.59056], [77.96977, 29.59509], [77.9799, 29.60782], [77.98113, 29.61174], [77.98427, 29.61349], [77.9845, 29.61728], [77.99258, 29.62874], [77.99333, 29.63478], [77.98981, 29.6389], [77.99152, 29.64802], [77.98716, 29.65275], [77.98705, 29.6572], [77.97946, 29.66108], [77.97193, 29.66985], [77.96846, 29.66862], [77.96574, 29.66976], [77.96359, 29.67215], [77.96345, 29.6787], [77.95629, 29.68323], [77.95379, 29.69581], [77.9488, 29.70325], [77.94794, 29.70929], [77.94351, 29.70804], [77.94077, 29.71116], [77.93644, 29.7089], [77.93211, 29.71149], [77.92875, 29.7107], [77.92224, 29.70222], [77.91949, 29.70294], [77.91811, 29.69913], [77.92238, 29.69556], [77.91571, 29.69403], [77.9149, 29.69247], [77.90396, 29.69771], [77.89777, 29.69851], [77.89265, 29.69512], [77.88436, 29.69869], [77.88066, 29.69613], [77.88216, 29.69499], [77.88158, 29.68968], [77.8769, 29.68391], [77.86525, 29.68547], [77.85802, 29.67674], [77.85637, 29.67795], [77.85462, 29.67667], [77.85307, 29.67744], [77.84933, 29.67209], [77.84574, 29.67122], [77.84382, 29.66815], [77.84222, 29.66886], [77.84067, 29.666], [77.83853, 29.66698], [77.83542, 29.6643], [77.83305, 29.66579], [77.83222, 29.66384], [77.82447, 29.66816]]]}}, {"type": "Feature", "properties": {"shapeName": "Gautam Buddha Nagar", "shapeISO": "", "shapeID": "76128533B34462889864078", "shapeGroup": "IND", "shapeType": "ADM2", "district": "Gautam Buddha Nagar"}, "geometry": {"type": "Polygon", "coordinates": [[[77.48384, 28.07817], [77.49723, 28.07763], [77.50159, 28.07571], [77.50801, 28.0761], [77.5189, 28.07984], [77.52651, 28.07666], [77.53952, 28.08068], [77.54985, 28.07872], [77.57318, 28.07934], [77.57698, 28.08116], [77.58438, 28.09097], [77.60309, 28.10119], [77.60928, 28.10835], [77.61587, 28.10201], [77.61992, 28.09445], [77.62403, 28.09721], [77.63295, 28.09805], [77.64226, 28.09368], [77.64482, 28.09374], [77.64913, 28.10172], [77.65408, 28.10381], [77.65894, 28.11191], [77.66592, 28.10923], [77.67449, 28.10844], [77.68892, 28.12593], [77.69078, 28.13614], [77.69031, 28.1465], [77.68629, 28.16011], [77.67717, 28.17465], [77.67052, 28.18177], [77.66742, 28.19445], [77.66928, 28.241], [77.6662, 28.24525], [77.64283, 28.24672], [77.6368, 28.24997], [77.63015, 28.26111], [77.62442, 28.2794], [77.61407, 28.28895], [77.61468, 28.3007], [77.6184, 28.30627], [77.62768, 28.31122], [77.63139, 28.3174], [77.63139, 28.32792], [77.63448, 28.34401], [77.64129, 28.36257], [77.64624, 28.38298], [77.63369, 28.40414], [77.63588, 28.40844], [77.6346, 28.41422], [77.62022, 28.43355], [77.62345, 28.44437], [77.62816, 28.44437], [77.64109, 28.45048], [77.64281, 28.46167], [77.63974, 28.47817], [77.64772, 28.48338], [77.67969, 28.49377], [77.69228, 28.50455], [77.69848, 28.51679], [77.69859, 28.54478], [77.69364, 28.54763], [77.69072, 28.54766], [77.67839, 28.55778], [77.67683, 28.5649], [77.67853, 28.57585], [77.67122, 28.58499], [77.66501, 28.58574], [77.65793, 28.5827], [77.65359, 28.58558], [77.65152, 28.59395], [77.64575, 28.59723], [77.64295, 28.59424], [77.64167, 28.58624], [77.63662, 28.5765], [77.63058, 28.5746], [77.62366, 28.57536], [77.62186, 28.57628], [77.61786, 28.58631], [77.60816, 28.59541], [77.58994, 28.60145], [77.58801, 28.60728], [77.57931, 28.60968], [77.56535, 28.61746], [77.55794, 28.61529], [77.55758, 28.60794], [77.55218, 28.60812], [77.55044, 28.60688], [77.55168, 28.59863], [77.54781, 28.59391], [77.54458, 28.59412], [77.53255, 28.60297], [77.54118, 28.61524], [77.53489, 28.61615], [77.52806, 28.62445], [77.5244, 28.62484], [77.52849, 28.61551], [77.52646, 28.61174], [77.52267, 28.61131], [77.50605, 28.62409], [77.50098, 28.625], [77.49493, 28.6226], [77.48472, 28.62741], [77.47148, 28.61605], [77.46789, 28.62021], [77.46135, 28.61671], [77.45705, 28.61622], [77.45236, 28.61847], [77.45078, 28.61688], [77.44813, 28.62028], [77.44536, 28.61996], [77.43722, 28.62334], [77.43341, 28.62225], [77.42685, 28.62635], [77.42145, 28.62415], [77.41737, 28.61887], [77.41352, 28.6297], [77.40942, 28.63351], [77.40738, 28.63362], [77.40352, 28.63873], [77.38093, 28.63212], [77.33445, 28.63239], [77.33042, 28.63122], [77.34018, 28.62233], [77.34238, 28.6222], [77.34143, 28.60551], [77.33748, 28.60201], [77.3297, 28.60047], [77.3262, 28.59829], [77.31341, 28.59718], [77.30839, 28.58913], [77.29839, 28.58061], [77.29929, 28.57583], [77.29924, 28.57535], [77.29924041800007, 28.575317804000065], [77.29936, 28.57459], [77.29686, 28.56656], [77.30007, 28.56364], [77.29896, 28.56027], [77.3023, 28.55412], [77.33438, 28.52721], [77.34349, 28.51467], [77.34843, 28.50876], [77.34792, 28.50544], [77.35152, 28.49989], [77.35565, 28.4994], [77.35849, 28.50141], [77.36425, 28.49846], [77.36897, 28.50033], [77.3726, 28.49843], [77.37087, 28.48571], [77.37554, 28.47634], [77.37911, 28.4745], [77.38057, 28.471], [77.38803, 28.46816], [77.39253, 28.47231], [77.40478, 28.46632], [77.40897, 28.46705], [77.404, 28.46158], [77.40107, 28.45602], [77.40208, 28.45561], [77.41468, 28.45246], [77.43434, 28.45499], [77.43908, 28.43863], [77.43688, 28.43797], [77.44002, 28.43507], [77.43631, 28.43123], [77.44274, 28.43096], [77.44144, 28.42942], [77.44245, 28.4285], [77.45309, 28.42686], [77.45236, 28.42472], [77.46353, 28.42437], [77.46211, 28.4174], [77.46427, 28.41502], [77.47815, 28.41885], [77.4845, 28.40892], [77.48198, 28.40478], [77.48149, 28.39906], [77.47619, 28.39923], [77.47428, 28.39687], [77.48409, 28.38746], [77.49275, 28.38435], [77.50323, 28.36958], [77.50527, 28.36962], [77.50064, 28.36534], [77.50568, 28.36235], [77.49687, 28.3491], [77.49072, 28.34331], [77.47286, 28.33649], [77.47207, 28.33486], [77.47385, 28.33202], [77.47228, 28.32844], [77.48275, 28.32511], [77.48549, 28.32568], [77.48636, 28.32163], [77.49706, 28.31447], [77.50286, 28.30775], [77.50755, 28.3054], [77.50342, 28.28881], [77.50203, 28.28665], [77.49772, 28.28556], [77.50221, 28.28358], [77.50077, 28.28124], [77.50376, 28.27986], [77.49986, 28.2787], [77.49501, 28.27264], [77.49434, 28.27454], [77.49139, 28.27119], [77.49308, 28.25185], [77.49942, 28.24715], [77.50184, 28.25204], [77.50569, 28.25055], [77.51031, 28.24958], [77.50911, 28.2466], [77.51401, 28.24714], [77.51839, 28.24313], [77.52144, 28.24225], [77.52291, 28.24224], [77.52535, 28.24574], [77.53171, 28.24474], [77.53896, 28.24858], [77.54602, 28.24852], [77.55067, 28.24206], [77.54834, 28.23864], [77.52782, 28.22955], [77.52185, 28.22424], [77.522, 28.22019], [77.53309, 28.21458], [77.53592, 28.2106], [77.53501, 28.20338], [77.53031, 28.19812], [77.526, 28.1959], [77.52291, 28.19639], [77.51784, 28.20473], [77.50862, 28.20899], [77.50285, 28.20958], [77.49826, 28.20653], [77.49762, 28.20368], [77.50027, 28.19494], [77.49922, 28.18397], [77.50319, 28.18104], [77.50634, 28.18122], [77.51281, 28.19041], [77.51768, 28.19314], [77.53125, 28.18598], [77.53792, 28.19037], [77.54423, 28.19123], [77.54807, 28.18827], [77.55022, 28.17929], [77.54605, 28.17146], [77.53831, 28.16585], [77.52307, 28.16123], [77.51603, 28.16348], [77.51203, 28.16674], [77.50236, 28.16078], [77.50121, 28.15451], [77.50517, 28.15025], [77.50487, 28.14542], [77.50247, 28.14278], [77.49284, 28.13866], [77.492, 28.13651], [77.49441, 28.13282], [77.50919, 28.13048], [77.51226, 28.12817], [77.513, 28.12526], [77.51036, 28.12041], [77.50207, 28.11445], [77.49938, 28.10967], [77.49854, 28.10444], [77.50118, 28.09699], [77.49972, 28.09439], [77.49282, 28.09507], [77.49047, 28.10546], [77.48872, 28.10684], [77.48275, 28.107], [77.48246, 28.09963], [77.47722, 28.08796], [77.48384, 28.07817]]]}}, {"type": "Feature", "properties": {"shapeName": "Saharanpur", "shapeISO": "", "shapeID": "76128533B33437990510331", "shapeGroup": "IND", "shapeType": "ADM2", "district": "Saharanpur"}, "geometry": {"type": "Polygon", "coordinates": [[[77.58843, 30.37763], [77.59137, 30.37587], [77.59336, 30.35284], [77.59156, 30.33789], [77.58674, 30.32858], [77.58545, 30.3117], [77.58347, 30.30717], [77.54114, 30.27606], [77.53169, 30.25786], [77.52999, 30.24978], [77.52113, 30.24445], [77.50527, 30.22499], [77.49547, 30.2038], [77.4869, 30.19445], [77.48118, 30.18402], [77.47605, 30.17892], [77.47245, 30.18167], [77.45845, 30.16247], [77.45574, 30.16246], [77.4502, 30.16558], [77.44136, 30.16478], [77.43738, 30.16029], [77.43569, 30.1606], [77.43546, 30.16379], [77.42634, 30.15792], [77.42818, 30.1555], [77.42332, 30.14975], [77.42335, 30.13991], [77.42043, 30.13504], [77.42575, 30.13087], [77.41971, 30.12382], [77.41459, 30.11238], [77.41292, 30.11414], [77.4065, 30.11336], [77.40408, 30.11033], [77.41113, 30.10418], [77.41889, 30.105], [77.4248, 30.10253], [77.40675, 30.08773], [77.39556, 30.08819], [77.3927, 30.08946], [77.38939, 30.08645], [77.38349, 30.09126], [77.37961, 30.09011], [77.36967, 30.08341], [77.36338, 30.07608], [77.34596, 30.06866], [77.33497, 30.05355], [77.32912, 30.05313], [77.31956, 30.05631], [77.30363, 30.05511], [77.30087, 30.05229], [77.29733, 30.05289], [77.28561, 30.04221], [77.27845, 30.04162], [77.27704, 30.03736], [77.28294, 30.02922], [77.27993, 30.01197], [77.27623, 30.00615], [77.27833, 30.00002], [77.27022, 29.99274], [77.26192, 29.98236], [77.24767, 29.9764], [77.24755, 29.96813], [77.24469, 29.9596], [77.23762, 29.95454], [77.23699, 29.9507], [77.2302, 29.93945], [77.22617, 29.93424], [77.2214, 29.93262], [77.2195, 29.92583], [77.21641, 29.92158], [77.21181, 29.91847], [77.20167, 29.91642], [77.19922, 29.91365], [77.19042, 29.91302], [77.18613, 29.90719], [77.18881, 29.89407], [77.19214, 29.89147], [77.20055, 29.88853], [77.20274, 29.86848], [77.20189, 29.8637], [77.19995, 29.8628], [77.19835, 29.85858], [77.19465, 29.85653], [77.1901, 29.85776], [77.18687, 29.85706], [77.17954, 29.84833], [77.17797, 29.83964], [77.17986, 29.83322], [77.18245, 29.83118], [77.18284, 29.8239], [77.17935, 29.81213], [77.1728, 29.80681], [77.17405, 29.80442], [77.17285, 29.8011], [77.16378, 29.79039], [77.1599, 29.79186], [77.15161, 29.78749], [77.14788, 29.77824], [77.14703, 29.77124], [77.13835, 29.76891], [77.12608, 29.76889], [77.12305, 29.76752], [77.12056, 29.76201], [77.1205, 29.75508], [77.12363, 29.75041], [77.1368, 29.74353], [77.1375, 29.73978], [77.14052, 29.73601], [77.13829, 29.73082], [77.13425, 29.72854], [77.13465, 29.71905], [77.13901, 29.71729], [77.14107, 29.7145], [77.14553, 29.71384], [77.1466, 29.71124], [77.14995, 29.70953], [77.14992, 29.70622], [77.15583, 29.69927], [77.15509, 29.69582], [77.15657, 29.69261], [77.15109, 29.69099], [77.1502, 29.68903], [77.1562, 29.68659], [77.16363, 29.69143], [77.1832, 29.68268], [77.20342, 29.67942], [77.20604, 29.6856], [77.21681, 29.68954], [77.22369, 29.69531], [77.23154, 29.68798], [77.25787, 29.67284], [77.26007, 29.67456], [77.26577, 29.67209], [77.27318, 29.66623], [77.28231, 29.66484], [77.283, 29.66976], [77.28614, 29.67379], [77.29139, 29.67154], [77.30062, 29.67052], [77.30457, 29.66861], [77.30552, 29.66463], [77.3114, 29.6599], [77.32641, 29.65458], [77.33375, 29.64839], [77.34238, 29.64493], [77.34836, 29.65017], [77.35693, 29.6484], [77.35977, 29.65181], [77.36506, 29.65022], [77.36778, 29.65399], [77.37481, 29.65266], [77.38439, 29.6473], [77.39122, 29.64614], [77.40312, 29.65437], [77.41052, 29.65168], [77.41796, 29.65719], [77.43346, 29.64945], [77.44121, 29.65863], [77.44353, 29.66731], [77.44696, 29.66959], [77.45401, 29.67089], [77.45992, 29.6684], [77.47221, 29.65688], [77.48678, 29.65525], [77.48803, 29.65217], [77.48683, 29.64615], [77.4914, 29.64187], [77.48947, 29.6323], [77.50169, 29.62521], [77.50916, 29.62372], [77.51324, 29.62447], [77.51648, 29.62736], [77.52718, 29.61982], [77.53405, 29.62007], [77.53303, 29.6291], [77.53937, 29.63332], [77.54671, 29.63207], [77.55419, 29.62708], [77.56898, 29.62624], [77.59237, 29.62075], [77.60101, 29.6223], [77.62558, 29.61283], [77.63029, 29.60193], [77.65104, 29.58846], [77.65067, 29.57955], [77.6541, 29.56704], [77.65837, 29.56139], [77.66236, 29.5609], [77.6671, 29.57397], [77.68622, 29.59551], [77.69744, 29.61429], [77.7197, 29.60838], [77.72304, 29.61111], [77.72388, 29.61651], [77.72793, 29.61694], [77.73095, 29.61226], [77.73593, 29.61033], [77.74472, 29.60368], [77.7485, 29.607], [77.75929, 29.61227], [77.76569, 29.62096], [77.77401, 29.624], [77.78335, 29.63209], [77.79159, 29.62854], [77.79651, 29.6367], [77.82447, 29.66816], [77.81675, 29.67468], [77.80765, 29.67767], [77.80069, 29.68229], [77.81197, 29.69822], [77.8002, 29.70106], [77.80106, 29.70257], [77.79388, 29.70602], [77.78741, 29.70638], [77.78494, 29.70518], [77.7739, 29.71007], [77.7714, 29.71394], [77.78424, 29.73178], [77.77215, 29.74077], [77.77183, 29.74706], [77.77292, 29.74665], [77.78287, 29.76153], [77.77514, 29.76524], [77.77999, 29.77118], [77.77445, 29.77651], [77.77605, 29.78048], [77.7743, 29.78257], [77.77689, 29.78525], [77.77651, 29.78686], [77.76706, 29.7925], [77.76512, 29.79909], [77.75355, 29.80712], [77.75496, 29.80853], [77.75746, 29.80816], [77.76114, 29.81461], [77.75604, 29.81683], [77.75795, 29.82142], [77.74263, 29.83121], [77.74638, 29.83537], [77.74392, 29.84269], [77.74623, 29.84394], [77.74441, 29.848], [77.72919, 29.85057], [77.72864, 29.85238], [77.72575, 29.85174], [77.71898, 29.85924], [77.72061, 29.86209], [77.71617, 29.86697], [77.71718, 29.86916], [77.7231, 29.87219], [77.71945, 29.87449], [77.71704, 29.88078], [77.72085, 29.88408], [77.7252, 29.88099], [77.72556, 29.8852], [77.7313, 29.88897], [77.73324, 29.88815], [77.73403, 29.88979], [77.73101, 29.8939], [77.73172, 29.89731], [77.73641, 29.89636], [77.73614, 29.89805], [77.7411, 29.89983], [77.73889, 29.90321], [77.75031, 29.90745], [77.74623, 29.91336], [77.74488, 29.92295], [77.73985, 29.92593], [77.7364, 29.92606], [77.73449, 29.92918], [77.73292, 29.92881], [77.74288, 29.93869], [77.74506, 29.93729], [77.74479, 29.93977], [77.74969, 29.94236], [77.74757, 29.94465], [77.75276, 29.95102], [77.75703, 29.95195], [77.7627, 29.96078], [77.74939, 29.97695], [77.74571, 29.97956], [77.75091, 29.98287], [77.7523, 29.98244], [77.75781, 29.9899], [77.76168, 29.99088], [77.76194, 29.99225], [77.75773, 29.99557], [77.7658, 30.00133], [77.76429, 30.00264], [77.76583, 30.00603], [77.77366, 30.0118], [77.77642, 30.01148], [77.77765, 30.01407], [77.78399, 30.01194], [77.78664, 30.01488], [77.79, 30.02152], [77.78142, 30.02731], [77.7841, 30.02961], [77.77752, 30.03441], [77.77499, 30.03841], [77.77307, 30.03871], [77.77323, 30.04218], [77.7776, 30.05104], [77.79824, 30.07666], [77.79733, 30.07737], [77.80036, 30.08049], [77.80302, 30.09165], [77.81192, 30.09025], [77.8212, 30.08211], [77.8277, 30.0819], [77.82893, 30.08353], [77.83315, 30.0834], [77.83612, 30.08587], [77.83531, 30.09059], [77.83807, 30.09405], [77.83777, 30.09794], [77.84056, 30.09928], [77.84251, 30.09823], [77.84768, 30.10161], [77.84993, 30.1003], [77.86156, 30.10938], [77.86821, 30.11705], [77.86899, 30.12253], [77.87938, 30.1371], [77.88368, 30.14606], [77.90383, 30.17035], [77.91222, 30.17609], [77.91464, 30.17958], [77.91435, 30.18375], [77.91688, 30.18853], [77.91551, 30.19106], [77.91941, 30.19982], [77.92046, 30.20752], [77.93448, 30.21156], [77.94272, 30.22411], [77.94746, 30.22672], [77.94889, 30.23056], [77.95895, 30.23797], [77.96336, 30.23889], [77.96106, 30.24123], [77.95438, 30.24185], [77.95178, 30.23867], [77.94627, 30.23578], [77.94345, 30.23638], [77.94047, 30.24256], [77.93316, 30.24744], [77.9159, 30.25185], [77.89705, 30.26166], [77.88793, 30.26375], [77.88469, 30.25974], [77.88136, 30.25822], [77.87082, 30.26285], [77.86669, 30.26267], [77.86082, 30.26802], [77.84923, 30.26768], [77.84876, 30.27252], [77.84395, 30.27291], [77.84233, 30.27031], [77.83159, 30.27828], [77.80731, 30.28798], [77.78769, 30.30016], [77.78719, 30.30234], [77.77034, 30.30944], [77.76441, 30.31422], [77.74927, 30.31619], [77.73488, 30.32413], [77.72366, 30.32657], [77.71546, 30.33621], [77.71139, 30.33809], [77.71138, 30.34083], [77.70843, 30.34284], [77.70519, 30.35056], [77.6965, 30.36237], [77.69231, 30.37221], [77.68808, 30.37537], [77.68401, 30.37216], [77.68068, 30.37165], [77.67869, 30.3743], [77.67814, 30.38424], [77.67397, 30.38709], [77.66735, 30.38592], [77.66162, 30.38673], [77.65885, 30.39462], [77.6596, 30.39646], [77.6551, 30.39742], [77.64998, 30.40079], [77.64329, 30.39917], [77.63821, 30.39546], [77.6325, 30.39389], [77.62553, 30.40136], [77.62003, 30.39851], [77.61449, 30.39927], [77.60715, 30.39785], [77.60484, 30.39914], [77.60357, 30.39592], [77.59894, 30.40182], [77.59243, 30.40243], [77.58746, 30.40121], [77.5839, 30.3978], [77.58429, 30.39603], [77.5807, 30.39477], [77.58991, 30.38477], [77.58843, 30.37763]]]}}, {"type": "Feature", "properties": {"shapeName": "Alwar", "shapeISO": "", "shapeID": "76128533B5628791558965", "shapeGroup": "IND", "shapeType": "ADM2", "district": "Alwar"}, "geometry": {"type": "Polygon", "coordinates": [[[76.85367, 28.22059], [76.84959, 28.22155], [76.84785, 28.22142], [76.84671, 28.2191], [76.84285, 28.22042], [76.83908, 28.21959], [76.83212, 28.20898], [76.81463, 28.20896], [76.80928, 28.21073], [76.80599, 28.20558], [76.80581, 28.19737], [76.81415, 28.19313], [76.81351, 28.19003], [76.80787, 28.18626], [76.80268, 28.18737], [76.80121, 28.19239], [76.79934, 28.19211], [76.79696, 28.19065], [76.79351, 28.18373], [76.79658, 28.18089], [76.79585, 28.16982], [76.79857, 28.16824], [76.7968, 28.16686], [76.80123, 28.16438], [76.80155, 28.16285], [76.79592, 28.14841], [76.79119, 28.15044], [76.78552, 28.15072], [76.78337, 28.14672], [76.77799, 28.14384], [76.77128, 28.14514], [76.76463, 28.14337], [76.75388, 28.13421], [76.74434, 28.12154], [76.72604, 28.12575], [76.72065, 28.12551], [76.71932, 28.12745], [76.71642, 28.12778], [76.7128, 28.12542], [76.70573, 28.11091], [76.70241, 28.1091], [76.6982, 28.10975], [76.69515, 28.10636], [76.68746, 28.09452], [76.68897, 28.09045], [76.68797, 28.08775], [76.66415, 28.09149], [76.65791, 28.08915], [76.65633, 28.07572], [76.6524, 28.0616], [76.65267, 28.05631], [76.65634, 28.05309], [76.65932, 28.0469], [76.6594, 28.0429], [76.65514, 28.03466], [76.66026, 28.03288], [76.66377, 28.02983], [76.66891, 28.01381], [76.65849, 28.00742], [76.64143, 28.0023], [76.60687, 28.00372], [76.60183, 27.99937], [76.59072, 27.99733], [76.58874, 27.99328], [76.5845, 27.99165], [76.58115, 27.97889], [76.56532, 27.97807], [76.56435, 27.9719], [76.56609, 27.97056], [76.56448, 27.96588], [76.5489, 27.96383], [76.54548, 27.96366], [76.53885, 27.96768], [76.53669, 27.9788], [76.54219, 27.98614], [76.54351, 27.99947], [76.53715, 27.99998], [76.54148, 28.00215], [76.54482, 28.00739], [76.54623, 28.00727], [76.54357, 28.01775], [76.54004, 28.02318], [76.54196, 28.0306], [76.5444, 28.03388], [76.53102, 28.04012], [76.52118, 28.03221], [76.51084, 28.02964], [76.50335, 28.03141], [76.49767, 28.04399], [76.48305, 28.04184], [76.48195, 28.04056], [76.47443, 28.04154], [76.46232, 28.0405], [76.45545, 28.04251], [76.45892, 28.05146], [76.459, 28.05614], [76.46332, 28.05907], [76.46926, 28.05712], [76.47316, 28.05852], [76.47684, 28.05717], [76.47703, 28.05437], [76.49021, 28.05275], [76.49763, 28.05378], [76.50216, 28.0599], [76.47968, 28.07764], [76.47257, 28.08021], [76.46842, 28.07875], [76.45763, 28.08333], [76.45095, 28.08877], [76.45783, 28.10525], [76.46447, 28.10912], [76.47803, 28.10794], [76.47744, 28.10549], [76.48079, 28.10048], [76.50008, 28.10019], [76.50129, 28.11454], [76.50345, 28.11868], [76.49713, 28.12002], [76.48785, 28.11937], [76.4927, 28.12981], [76.48419, 28.13077], [76.48264, 28.12832], [76.47715, 28.1308], [76.47753, 28.13201], [76.47283, 28.13504], [76.47209, 28.13846], [76.47634, 28.14341], [76.47652, 28.14854], [76.46694, 28.15156], [76.46073, 28.14743], [76.4508, 28.14698], [76.43818, 28.14867], [76.43341, 28.14087], [76.43374, 28.1322], [76.44152, 28.12074], [76.44215, 28.11683], [76.43823, 28.11407], [76.43834, 28.10933], [76.43125, 28.1097], [76.42363, 28.11429], [76.42453, 28.12077], [76.4226, 28.12248], [76.42869, 28.13456], [76.42941, 28.14144], [76.40162, 28.14498], [76.39647, 28.13711], [76.39435, 28.13742], [76.3913, 28.13412], [76.38552, 28.13668], [76.38322, 28.13309], [76.36711, 28.13677], [76.35716, 28.14353], [76.35903, 28.15488], [76.35498, 28.15476], [76.35864, 28.16102], [76.35515, 28.16378], [76.34494, 28.16985], [76.33533, 28.17232], [76.33398, 28.16978], [76.3124, 28.17802], [76.30921, 28.17888], [76.30685, 28.17555], [76.29415, 28.1791], [76.29144, 28.17006], [76.28432, 28.17115], [76.28259, 28.16541], [76.30335, 28.15988], [76.30351, 28.15845], [76.30644, 28.15929], [76.30524, 28.1547], [76.29975, 28.15199], [76.29947, 28.14899], [76.31192, 28.1455], [76.31253, 28.14721], [76.31452, 28.14707], [76.3161, 28.15047], [76.32285, 28.14844], [76.33179, 28.14263], [76.3337, 28.13915], [76.33251, 28.13691], [76.33536, 28.13612], [76.33502, 28.13344], [76.35602, 28.1277], [76.36174, 28.12479], [76.35232, 28.11407], [76.34834, 28.11244], [76.33839, 28.10238], [76.31946, 28.10764], [76.31115, 28.10806], [76.30332, 28.09774], [76.32064, 28.08869], [76.32446, 28.09081], [76.33074, 28.08755], [76.33608, 28.07979], [76.33487, 28.07671], [76.34577, 28.07129], [76.34532, 28.07008], [76.35231, 28.06984], [76.35355, 28.07174], [76.35749, 28.0706], [76.35696, 28.06798], [76.35841, 28.06735], [76.35146, 28.04575], [76.34419, 28.03044], [76.3303, 28.01827], [76.32486, 28.02141], [76.32261, 28.01577], [76.32082, 28.01528], [76.31438, 28.01704], [76.31384, 28.01882], [76.29973, 28.0225], [76.29296, 28.02584], [76.29199, 28.03454], [76.29437, 28.04917], [76.28499, 28.05146], [76.28391, 28.05733], [76.26178, 28.06749], [76.2574, 28.06764], [76.24481, 28.06424], [76.23949, 28.04953], [76.23257, 28.05101], [76.22983, 28.04803], [76.22195, 28.05019], [76.22106, 28.04886], [76.20944, 28.05223], [76.21042, 28.05583], [76.20301, 28.0583], [76.20106, 28.05559], [76.19138, 28.05633], [76.18999, 28.05323], [76.18229, 28.0544], [76.17982, 28.04548], [76.19064, 28.03649], [76.1914, 28.03433], [76.19788, 28.03027], [76.20259, 28.02931], [76.20451, 28.03775], [76.21799, 28.0354], [76.21631, 28.02622], [76.20518, 28.0279], [76.19766, 28.01544], [76.1862, 28.02025], [76.17877, 28.02143], [76.17143, 28.0073], [76.16399, 28.0013], [76.16019, 27.99129], [76.15944, 27.98709], [76.16871, 27.98275], [76.16785, 27.97679], [76.16534, 27.9733], [76.18848, 27.96537], [76.1858, 27.96154], [76.18434, 27.96188], [76.18254, 27.95701], [76.18181, 27.95275], [76.18428, 27.95181], [76.17917, 27.93025], [76.17577, 27.9297], [76.17051, 27.91515], [76.17004, 27.90326], [76.18797, 27.89886], [76.20335, 27.89242], [76.20396, 27.8872], [76.20216, 27.87811], [76.19629, 27.87729], [76.19566, 27.87526], [76.19569, 27.85938], [76.21405, 27.84632], [76.21074, 27.83989], [76.22686, 27.83324], [76.24489, 27.85015], [76.25031, 27.84928], [76.25806, 27.84511], [76.26874, 27.83484], [76.26411, 27.82609], [76.26583, 27.82184], [76.28765, 27.80674], [76.29129, 27.80032], [76.27836, 27.80271], [76.27673, 27.80195], [76.27562, 27.79743], [76.27675, 27.78839], [76.2669, 27.77176], [76.26172, 27.76605], [76.25063, 27.76373], [76.24703, 27.76128], [76.24761, 27.74391], [76.25614, 27.72831], [76.25668, 27.7127], [76.26049, 27.7], [76.25883, 27.69005], [76.24874, 27.68599], [76.24771, 27.68243], [76.24977, 27.67984], [76.25831, 27.67579], [76.25794, 27.67088], [76.24517, 27.67164], [76.2425, 27.66966], [76.24471, 27.66587], [76.25173, 27.66295], [76.2546, 27.65936], [76.25514, 27.65374], [76.25251, 27.64158], [76.25321, 27.63603], [76.25074, 27.63018], [76.24756, 27.62667], [76.24255, 27.62459], [76.21996, 27.62837], [76.21476, 27.62756], [76.21366, 27.62466], [76.21133, 27.62344], [76.20594, 27.62352], [76.2034, 27.62205], [76.2024, 27.61478], [76.20425, 27.60672], [76.20902, 27.60217], [76.21638, 27.56695], [76.21814, 27.55282], [76.21686, 27.53695], [76.23352, 27.53119], [76.24106, 27.52523], [76.24038, 27.51408], [76.24857, 27.50333], [76.24794, 27.48844], [76.24143, 27.4733], [76.23704, 27.46972], [76.23553, 27.46302], [76.23189, 27.45945], [76.22509, 27.45811], [76.22321, 27.45571], [76.2314, 27.4508], [76.24419, 27.4505], [76.25538, 27.44633], [76.25577, 27.44439], [76.25241, 27.44337], [76.23649, 27.44668], [76.23135, 27.44532], [76.22945, 27.43784], [76.23331, 27.42734], [76.23476, 27.41759], [76.23084, 27.40087], [76.22508, 27.39838], [76.22004, 27.39347], [76.21045, 27.37929], [76.20194, 27.37561], [76.20114, 27.37074], [76.20463, 27.36864], [76.20622, 27.36457], [76.18524, 27.3361], [76.17716, 27.31258], [76.17339, 27.31172], [76.1606, 27.31331], [76.15519, 27.29425], [76.15499, 27.28675], [76.15294, 27.28279], [76.14453, 27.27864], [76.14087, 27.2622], [76.1282, 27.25122], [76.12551, 27.23814], [76.12632, 27.23327], [76.13028, 27.23014], [76.1424, 27.22568], [76.12905, 27.19667], [76.13981, 27.20036], [76.14979, 27.221], [76.1536, 27.22242], [76.1587, 27.22192], [76.1639, 27.21557], [76.16504, 27.20844], [76.16413, 27.20261], [76.16038, 27.19951], [76.15869, 27.1932], [76.15822, 27.18825], [76.15966, 27.18469], [76.17044, 27.18304], [76.18592, 27.1846], [76.19126, 27.15228], [76.19097, 27.14362], [76.18559, 27.13211], [76.19534, 27.12132], [76.20418, 27.11894], [76.20849, 27.12072], [76.21385, 27.12539], [76.22574, 27.14118], [76.2455, 27.15064], [76.25878, 27.17653], [76.26992, 27.18386], [76.27831, 27.18343], [76.28165, 27.17989], [76.28753, 27.16019], [76.29123, 27.15375], [76.29264, 27.14598], [76.29389, 27.12937], [76.28987, 27.10235], [76.28922, 27.0872], [76.28864, 27.0725], [76.29411, 27.06378], [76.3044, 27.06504], [76.32245, 27.06308], [76.32965, 27.06177], [76.33908, 27.05601], [76.34313, 27.0619], [76.35114, 27.06138], [76.36513, 27.05618], [76.37237, 27.06606], [76.37961, 27.07074], [76.38489, 27.0773], [76.39069, 27.07943], [76.39442, 27.08355], [76.40106, 27.08101], [76.40613, 27.09663], [76.4101, 27.12601], [76.42159, 27.13066], [76.4339, 27.13318], [76.43581, 27.12938], [76.43845, 27.10985], [76.4445, 27.09152], [76.44918, 27.08597], [76.46519, 27.07793], [76.47365, 27.07901], [76.4744, 27.08863], [76.47974, 27.0913], [76.48096, 27.09867], [76.48586, 27.09962], [76.48777, 27.10693], [76.49505, 27.11361], [76.51063, 27.11803], [76.52372, 27.11826], [76.53398, 27.12817], [76.53914, 27.12972], [76.55083, 27.1317], [76.55698, 27.12824], [76.55847, 27.13152], [76.55756, 27.13655], [76.56204, 27.14289], [76.55423, 27.14986], [76.55369, 27.15274], [76.55853, 27.15995], [76.56323, 27.17495], [76.57144, 27.17115], [76.57649, 27.1713], [76.57683, 27.17724], [76.5873, 27.17624], [76.5959, 27.1781], [76.62206, 27.17726], [76.6412, 27.1688], [76.65448, 27.16613], [76.63088, 27.1403], [76.62707, 27.12871], [76.62776, 27.1267], [76.63591, 27.12415], [76.6359, 27.11982], [76.63247, 27.11061], [76.63897, 27.10621], [76.63843, 27.09875], [76.64442, 27.09481], [76.66148, 27.0977], [76.67125, 27.0939], [76.67367, 27.09494], [76.67923, 27.11158], [76.69557, 27.11556], [76.70919, 27.11565], [76.72181, 27.11036], [76.73094, 27.10893], [76.7407, 27.11159], [76.75044, 27.10892], [76.76258, 27.1077], [76.76609, 27.11033], [76.77815, 27.11364], [76.78824, 27.11278], [76.79159, 27.11489], [76.79237, 27.12409], [76.79797, 27.13672], [76.80082, 27.13629], [76.80419, 27.12944], [76.80837, 27.12676], [76.81452, 27.12551], [76.81707, 27.12307], [76.8084, 27.10502], [76.81711, 27.0917], [76.81943, 27.07995], [76.82552, 27.07727], [76.83657, 27.07658], [76.84153, 27.09347], [76.84387, 27.11697], [76.84258, 27.11895], [76.83968, 27.11956], [76.8349, 27.11868], [76.82775, 27.13424], [76.83454, 27.14643], [76.83191, 27.16312], [76.84137, 27.16287], [76.84917, 27.16786], [76.85151, 27.17257], [76.85419, 27.1892], [76.8457, 27.19598], [76.84725, 27.20143], [76.84339, 27.20441], [76.8443, 27.20713], [76.84701, 27.20786], [76.85179, 27.21249], [76.85991, 27.20809], [76.87287, 27.23127], [76.89072, 27.22483], [76.89455, 27.22629], [76.89893, 27.23306], [76.90733, 27.23017], [76.90321, 27.22328], [76.90548, 27.22046], [76.90412, 27.21784], [76.90897, 27.21135], [76.91031, 27.2069], [76.90985, 27.18676], [76.91497, 27.18192], [76.91388, 27.17794], [76.90068, 27.17613], [76.89935, 27.17219], [76.90168, 27.16282], [76.9235, 27.15098], [76.92321, 27.14379], [76.92791, 27.14067], [76.93767, 27.13888], [76.94211, 27.14143], [76.94885, 27.1407], [76.95013, 27.14686], [76.96562, 27.14613], [76.96299, 27.15739], [76.96931, 27.16922], [76.97205, 27.17911], [76.9745, 27.17962], [76.98748, 27.17114], [77.00447, 27.15636], [77.02703, 27.16643], [77.02864, 27.15841], [77.03107, 27.15522], [77.03911, 27.15804], [77.05534, 27.15666], [77.06044, 27.15224], [77.07244, 27.16241], [77.09241, 27.16014], [77.09821, 27.16371], [77.09718, 27.17151], [77.0862, 27.17697], [77.08396, 27.18179], [77.08812, 27.1878], [77.08907, 27.19251], [77.0879, 27.1943], [77.08355, 27.19927], [77.0761, 27.20231], [77.06771, 27.20887], [77.05851, 27.2102], [77.04688, 27.21699], [77.04783, 27.22437], [77.05528, 27.23411], [77.05945, 27.23509], [77.06664, 27.23088], [77.07791, 27.23158], [77.08777, 27.23838], [77.09368, 27.24775], [77.10187, 27.24173], [77.11065, 27.2448], [77.11654, 27.25025], [77.12415, 27.25228], [77.13122, 27.27695], [77.13684, 27.28894], [77.14353, 27.29772], [77.1479, 27.31136], [77.15045, 27.31347], [77.16542, 27.31354], [77.17627, 27.31942], [77.18388, 27.319], [77.1967, 27.32213], [77.20339, 27.32578], [77.20946, 27.33583], [77.21039, 27.34466], [77.20878, 27.35197], [77.20235, 27.35118], [77.19528, 27.3549], [77.17972, 27.35155], [77.17721, 27.35079], [77.17736, 27.34924], [77.1657, 27.34636], [77.15795, 27.34574], [77.14146, 27.34631], [77.12488, 27.35234], [77.12417, 27.34615], [77.12156, 27.34196], [77.11814, 27.34245], [77.10965, 27.34567], [77.11556, 27.35596], [77.10696, 27.36222], [77.0996, 27.35693], [77.08254, 27.34988], [77.08496, 27.36479], [77.09439, 27.37459], [77.07726, 27.38881], [77.07316, 27.389], [77.06736, 27.37959], [77.06417, 27.37703], [77.05732, 27.37688], [77.05144, 27.38016], [77.04638, 27.37707], [77.03, 27.38587], [77.02922, 27.38831], [77.03371, 27.39699], [77.03232, 27.39824], [77.03002, 27.3986], [77.02487, 27.39447], [77.02431, 27.39024], [77.01828, 27.38914], [77.0108, 27.39334], [77.01048, 27.39963], [77.00687, 27.4054], [77.00808, 27.41546], [77.00553, 27.41909], [76.99433, 27.42675], [76.9862, 27.4275], [76.9808, 27.4192], [76.97799, 27.41922], [76.97629, 27.42198], [76.97253, 27.42272], [76.96405, 27.41836], [76.96226, 27.41958], [76.96069, 27.42749], [76.95752, 27.43088], [76.95148, 27.4341], [76.93787, 27.44807], [76.92646, 27.45391], [76.92368, 27.45879], [76.9155, 27.45903], [76.91327, 27.45728], [76.91278, 27.4541], [76.90159, 27.45524], [76.90389, 27.45944], [76.90812, 27.46034], [76.91051, 27.4688], [76.91547, 27.4779], [76.92257, 27.48056], [76.92536, 27.49039], [76.91489, 27.4968], [76.90969, 27.49404], [76.90721, 27.49429], [76.9039, 27.49087], [76.90183, 27.49169], [76.89839, 27.49052], [76.89506, 27.49776], [76.88647, 27.50172], [76.88196, 27.509], [76.89065, 27.52106], [76.89536, 27.52017], [76.898, 27.52911], [76.90051, 27.53248], [76.91046, 27.528], [76.92768, 27.53127], [76.9283, 27.52956], [76.92674, 27.52774], [76.92921, 27.52396], [76.9282, 27.52112], [76.91105, 27.52256], [76.90816, 27.51683], [76.92526, 27.51158], [76.93802, 27.50137], [76.94125, 27.49381], [76.94157, 27.48606], [76.94359, 27.48285], [76.94916, 27.48051], [76.96682, 27.47733], [76.97228, 27.47307], [76.96778, 27.46465], [76.97453, 27.45937], [76.97819, 27.462], [76.98084, 27.46111], [76.98164, 27.45838], [77.00049, 27.45091], [77.00269, 27.45132], [77.0066, 27.44857], [77.02731, 27.4488], [77.03648, 27.4627], [77.0424, 27.46034], [77.05084, 27.45385], [77.05118, 27.45202], [77.03967, 27.4414], [77.04198, 27.43851], [77.04925, 27.4338], [77.05782, 27.44075], [77.06125, 27.44175], [77.06225, 27.44587], [77.05819, 27.45036], [77.05952, 27.45258], [77.05767, 27.45806], [77.05354, 27.46237], [77.05677, 27.47109], [77.05599, 27.4754], [77.04761, 27.47951], [77.03681, 27.49152], [77.02666, 27.49637], [77.02101, 27.5026], [77.02164, 27.50824], [77.02597, 27.50978], [77.03428, 27.50835], [77.03761, 27.51745], [77.04621, 27.52268], [77.05619, 27.52465], [77.06474, 27.52821], [77.0679, 27.53208], [77.06652, 27.53628], [77.05958, 27.54203], [77.04891, 27.54043], [77.04318, 27.54124], [77.03764, 27.54441], [77.03548, 27.54737], [77.03646, 27.5483], [77.04937, 27.54831], [77.05067, 27.54993], [77.04944, 27.55491], [77.04071, 27.55621], [77.03632, 27.55295], [77.02955, 27.55414], [77.02227, 27.55701], [77.01722, 27.5616], [77.00638, 27.56614], [77.00264, 27.56565], [77.00285, 27.55229], [77.01015, 27.54482], [77.01967, 27.54234], [77.02363, 27.53802], [77.01852, 27.53492], [77.00051, 27.53113], [76.98757, 27.53539], [76.98422, 27.54108], [76.97386, 27.54745], [76.96753, 27.54409], [76.96572, 27.53793], [76.96236, 27.53734], [76.95633, 27.54725], [76.95147, 27.55076], [76.94882, 27.55478], [76.95266, 27.55612], [76.95639, 27.5547], [76.96043, 27.55544], [76.96215, 27.56449], [76.95971, 27.5705], [76.9521, 27.57334], [76.94797, 27.56836], [76.9415, 27.57056], [76.94615, 27.5798], [76.94488, 27.58461], [76.93681, 27.59786], [76.93707, 27.61242], [76.94986, 27.61411], [76.97417, 27.61277], [76.98442, 27.61383], [76.98616, 27.61829], [76.9854, 27.63508], [76.9782, 27.64013], [76.97885, 27.65408], [76.96648, 27.65874], [76.96473, 27.66145], [76.95946, 27.66286], [76.94497, 27.67361], [76.94356, 27.67362], [76.93887, 27.66656], [76.93437, 27.65608], [76.93303, 27.65901], [76.92763, 27.66164], [76.91699, 27.65256], [76.91173, 27.65477], [76.91297, 27.65855], [76.90767, 27.6617], [76.91184, 27.66831], [76.89895, 27.67782], [76.90693, 27.68671], [76.89278, 27.69434], [76.88986, 27.69752], [76.89068, 27.70205], [76.89213, 27.70259], [76.90986, 27.69434], [76.91711, 27.6983], [76.92128, 27.69622], [76.92565, 27.70012], [76.92128, 27.70409], [76.91956, 27.7102], [76.91452, 27.71353], [76.90649, 27.71691], [76.89539, 27.71776], [76.89251, 27.72866], [76.89396, 27.73487], [76.90001, 27.73887], [76.90121, 27.73748], [76.90179, 27.73981], [76.90155, 27.76466], [76.90436, 27.76933], [76.90286, 27.77136], [76.90299, 27.77534], [76.9071, 27.77889], [76.90831, 27.78235], [76.90687, 27.78778], [76.90974, 27.78691], [76.91405, 27.78859], [76.91222, 27.79609], [76.91434, 27.801], [76.91971, 27.80414], [76.91932, 27.80744], [76.91474, 27.80811], [76.91069, 27.8149], [76.91429, 27.8317], [76.91573, 27.83453], [76.9364, 27.82881], [76.94302, 27.84261], [76.9437, 27.85357], [76.94219, 27.85549], [76.94199, 27.86417], [76.93798, 27.87897], [76.93836, 27.89621], [76.94233, 27.89707], [76.95127, 27.89563], [76.9503, 27.90926], [76.95232, 27.91801], [76.93225, 27.92233], [76.93149, 27.95304], [76.93385, 27.9612], [76.93453, 27.9723], [76.93859, 27.98265], [76.93421, 27.98159], [76.93151, 27.99324], [76.93527, 28.00344], [76.9406, 28.04235], [76.94907, 28.05885], [76.95402, 28.06249], [76.95533, 28.07334], [76.95804, 28.0769], [76.96147, 28.09542], [76.96203, 28.10826], [76.96618, 28.12849], [76.97067, 28.13812], [76.94824, 28.1424], [76.95149, 28.14979], [76.94289, 28.15005], [76.93956, 28.15192], [76.93273, 28.15264], [76.92644, 28.15699], [76.928, 28.15848], [76.92315, 28.16107], [76.92012, 28.16717], [76.90684, 28.17178], [76.90725, 28.17323], [76.90166, 28.17842], [76.90279, 28.18129], [76.89223, 28.18432], [76.89107, 28.18798], [76.89261, 28.1928], [76.899, 28.19283], [76.90209, 28.19877], [76.9064, 28.19758], [76.9072, 28.2002], [76.8932, 28.20484], [76.89052, 28.20296], [76.87855, 28.2065], [76.87425, 28.20512], [76.87191, 28.20604], [76.8752, 28.21789], [76.86737, 28.22001], [76.86496, 28.21905], [76.86026, 28.22061], [76.85367, 28.22059]]]}}, {"type": "Feature", "properties": {"shapeName": "North West", "shapeISO": "", "shapeID": "76128533B71353370080255", "shapeGroup": "IND", "shapeType": "ADM2", "district": "North West"}, "geometry": {"type": "Polygon", "coordinates": [[[76.96688659700004, 28.697344842000064], [76.96691890100004, 28.69735350800005], [76.97021007700005, 28.69699006700006], [76.97101697000005, 28.696430621000047], [76.97117297000005, 28.69631765500003], [76.97140965900007, 28.696183173000065], [76.97260924100004, 28.69531710700005], [76.97342151400005, 28.694746902000077], [76.97432760400005, 28.69453342500003], [76.97650384700006, 28.69402069800003], [76.97675667400006, 28.69375711300006], [76.97737617000007, 28.69317509700005], [76.97768191200004, 28.693165391000036], [77.09535405400004, 28.68328271100006], [77.09588818200007, 28.679436989000067], [77.14014067800008, 28.674095710000074], [77.15928541700004, 28.666811405000033], [77.15935791900006, 28.666777703000037], [77.16548853400008, 28.66360638200007], [77.16816111600008, 28.663996372000042], [77.16976695900007, 28.666479695000078], [77.18037490400008, 28.663564145000066], [77.18103653800006, 28.665108993000047], [77.17138716000005, 28.66741911200006], [77.17101327100005, 28.67260015200003], [77.16955275700008, 28.672610012000064], [77.16815568700008, 28.675484443000073], [77.19643775900005, 28.684083902000054], [77.19411187700007, 28.687443728000062], [77.18755391300004, 28.683431963000032], [77.18144827100008, 28.689026193000075], [77.17651604600007, 28.687945401000036], [77.17247161500006, 28.69052129100004], [77.16346471100007, 28.688908620000063], [77.16133876200007, 28.692144832000054], [77.15785974500005, 28.693652405000023], [77.14505120100006, 28.695405289000064], [77.12817084200003, 28.707462690000057], [77.10285030300008, 28.72193156900005], [77.08536707300004, 28.735797578000074], [77.08898429300007, 28.749663588000033], [77.08295559300007, 28.749060718000067], [77.07029532400009, 28.756295157000068], [77.04798913500008, 28.754486548000045], [77.03369036300006, 28.76116276600004], [77.02176419400007, 28.775796369000034], [77.01569550600004, 28.78095475400005], [76.99759058800004, 28.786416572000064], [76.97614789000005, 28.797137921000058], [76.96977576800003, 28.803914623000026], [76.96643798900004, 28.813219944000025], [76.96587661500007, 28.815043752000065], [76.96349738600003, 28.81544755400006], [76.96308881900006, 28.815499485000032], [76.96300068200003, 28.81549095500003], [76.96238312300005, 28.815936971000042], [76.96226, 28.81581], [76.96202, 28.81569], [76.96179, 28.8152], [76.96165, 28.81494], [76.95113, 28.81817], [76.94607, 28.8111], [76.94593, 28.80555], [76.94213, 28.79829], [76.9464, 28.79761], [76.95371, 28.79054], [76.95108, 28.78705], [76.94946, 28.77706], [76.95571, 28.76743], [76.94709, 28.7592], [76.94449, 28.75383], [76.95815, 28.74413], [76.95591, 28.73885], [76.95953, 28.73407], [76.95977, 28.72973], [76.94813, 28.71261], [76.968, 28.6993], [76.96688659700004, 28.697344842000064]]]}}, {"type": "Feature", "properties": {"shapeName": "New Delhi", "shapeISO": "", "shapeID": "76128533B58262202014972", "shapeGroup": "IND", "shapeType": "ADM2", "district": "New Delhi"}, "geometry": {"type": "Polygon", "coordinates": [[[77.11945829200005, 28.488962984000068], [77.12016749800006, 28.488677236000058], [77.12663641800003, 28.487000618000025], [77.12533161800008, 28.48437380300004], [77.12956275200008, 28.48361295600006], [77.13387307100004, 28.487083244000075], [77.14665703900005, 28.492705874000023], [77.14526830600005, 28.500824618000024], [77.14825942200008, 28.499943307000024], [77.15263927100006, 28.50095815000003], [77.15688558800008, 28.505551651000076], [77.16329512300007, 28.50589883300006], [77.16700731200007, 28.50418962400005], [77.16714084400007, 28.50782169400003], [77.16941088800007, 28.50728756600006], [77.17066608800008, 28.510251976000063], [77.17566018400004, 28.508035345000053], [77.17525958800007, 28.517382584000075], [77.17224176500008, 28.51805024300006], [77.17347025900006, 28.52042711300004], [77.17165422500005, 28.520640764000063], [77.17120021600005, 28.522884101000045], [77.16794203600006, 28.52213632200005], [77.17285601200007, 28.536370831000056], [77.18028039000006, 28.54932343200005], [77.18490960600008, 28.552279115000033], [77.18845254700005, 28.562195915000075], [77.19078768700007, 28.58160144900006], [77.21444788400004, 28.579348097000036], [77.21614494200008, 28.585773389000053], [77.21814471800008, 28.58572211200004], [77.21785415200003, 28.58773897900005], [77.21997357100008, 28.587926992000064], [77.21970009800003, 28.59018314900004], [77.21484594300006, 28.58961910900007], [77.21474339100007, 28.59119158200008], [77.22482772500007, 28.601720311000065], [77.22363127900007, 28.602745837000043], [77.22503283100008, 28.604523414000028], [77.23034847200006, 28.601617759000078], [77.23564702000004, 28.604848164000032], [77.24060372700006, 28.597276367000063], [77.24012514800006, 28.607377794000058], [77.24144124000003, 28.60823239900003], [77.24511604000008, 28.605754046000072], [77.24955998400003, 28.607736728000077], [77.24893983800007, 28.612283458000036], [77.24616300600007, 28.620473236000066], [77.24056226800008, 28.62563991600007], [77.24090531400003, 28.632381803000044], [77.23852500100008, 28.63207376300005], [77.23844799000005, 28.633676973000036], [77.23597666500007, 28.633781987000077], [77.23624270100004, 28.636211307000053], [77.23103401500003, 28.636526349000064], [77.23151707900007, 28.64043986400003], [77.22864670100006, 28.636953404000053], [77.22439714200004, 28.639109688000076], [77.22242288200005, 28.63642833600005], [77.21916745400006, 28.63634432500004], [77.21709518100005, 28.634398069000042], [77.19721168900008, 28.64500227600007], [77.18978414900005, 28.634336810000036], [77.18561641400004, 28.635386949000065], [77.18097830300007, 28.63072696100005], [77.17908586600004, 28.63168958700004], [77.17574949000004, 28.62999405100004], [77.17511503100008, 28.63164583100007], [77.17418522200006, 28.63195212100004], [77.17423991600003, 28.633275733000062], [77.17389288400005, 28.633461946000068], [77.17064579100008, 28.63081105300006], [77.16686843900004, 28.62987098900004], [77.16001450900006, 28.623136703000057], [77.15572439400006, 28.62399130800003], [77.15028910800004, 28.629597515000057], [77.14464871800004, 28.640536454000028], [77.15177612000008, 28.649219238000057], [77.14922939900003, 28.650877170000058], [77.13220567400003, 28.631477645000075], [77.12994951800005, 28.637596615000064], [77.12803520400007, 28.63534045800003], [77.12374508800008, 28.63549428700003], [77.12246318100006, 28.633221039000034], [77.11924986800005, 28.633357775000036], [77.11926695900007, 28.630828145000066], [77.12360835100003, 28.629819712000028], [77.11424188400008, 28.619752469000048], [77.11254976700008, 28.620077219000052], [77.11246430700004, 28.621615507000058], [77.10335422100007, 28.62096600800004], [77.10781525800007, 28.61421463100004], [77.11401968700005, 28.610368910000034], [77.10990049200007, 28.605395111000064], [77.10065367000004, 28.609206648000054], [77.09544177400005, 28.60977604900006], [77.08926842300008, 28.60529686700005], [77.08935800500007, 28.60189275500005], [77.06517088800007, 28.572061977000033], [77.06252814000004, 28.562414106000062], [77.05798415400005, 28.559094007000056], [77.05622189600007, 28.555705510000053], [77.05781506400007, 28.55320365600005], [77.05310222200006, 28.54921782200006], [77.06885193000005, 28.542918136000026], [77.07125865800003, 28.54261289300007], [77.07632846800004, 28.542489239000076], [77.08764728100005, 28.53061977300007], [77.08981683100006, 28.52873241800006], [77.09395409600006, 28.525133289000053], [77.09823367300004, 28.520622529000036], [77.09275753900005, 28.513799499000072], [77.09494315700005, 28.507379082000057], [77.09496925700006, 28.507268156000066], [77.09775866300004, 28.504565510000077], [77.10841051900007, 28.499848947000032], [77.10851892400007, 28.499874454000064], [77.12138, 28.49624], [77.12012, 28.49089], [77.1196, 28.48936], [77.11945829200005, 28.488962984000068]]]}}, {"type": "Feature", "properties": {"shapeName": "East", "shapeISO": "", "shapeID": "76128533B72485933575946", "shapeGroup": "IND", "shapeType": "ADM2", "district": "East"}, "geometry": {"type": "Polygon", "coordinates": [[[77.32383, 28.676205176000053], [77.29300808400006, 28.675780350000025], [77.26302855400007, 28.670208328000058], [77.25280748100005, 28.66667026500005], [77.25241436400006, 28.665114884000047], [77.24452569600004, 28.66192914100003], [77.24863701100008, 28.658380599000054], [77.25024366800005, 28.653868287000023], [77.25479016500003, 28.65130447200005], [77.25407229700005, 28.64754421300006], [77.25825986000007, 28.641408151000064], [77.25619171600005, 28.635237905000054], [77.25343988900005, 28.635101169000052], [77.25215798200009, 28.62009431100006], [77.25420903400004, 28.619684101000075], [77.25390011400003, 28.61340232400005], [77.25480281500006, 28.61080872200006], [77.25484130400008, 28.61080763600006], [77.26106691100006, 28.601035472000035], [77.27190223600007, 28.597274148000054], [77.28182164900005, 28.591534445000036], [77.28709873400004, 28.585525776000054], [77.29219292300007, 28.57512760700007], [77.29924041800007, 28.575317804000065], [77.29924, 28.57535], [77.29929, 28.57583], [77.29839, 28.58061], [77.30839, 28.58913], [77.31341, 28.59718], [77.3262, 28.59829], [77.3297, 28.60047], [77.33748, 28.60201], [77.34143, 28.60551], [77.34238, 28.6222], [77.34018, 28.62233], [77.33042, 28.63122], [77.32624, 28.63227], [77.31599, 28.64117], [77.32027, 28.65172], [77.32383, 28.676205176000053]]]}}, {"type": "Feature", "properties": {"shapeName": "South West", "shapeISO": "", "shapeID": "76128533B53136419849111", "shapeGroup": "IND", "shapeType": "ADM2", "district": "South West"}, "geometry": {"type": "Polygon", "coordinates": [[[77.09275753900005, 28.513799499000072], [77.09823367300004, 28.520622529000036], [77.09395409600006, 28.525133289000053], [77.08981683100006, 28.52873241800006], [77.08764728100005, 28.53061977300007], [77.07632846800004, 28.542489239000076], [77.07125865800003, 28.54261289300007], [77.06885193000005, 28.542918136000026], [77.05310222200006, 28.54921782200006], [77.05781506400007, 28.55320365600005], [77.05622189600007, 28.555705510000053], [77.05798415400005, 28.559094007000056], [77.06252814000004, 28.562414106000062], [77.06517088800007, 28.572061977000033], [77.08935800500007, 28.60189275500005], [77.08926842300008, 28.60529686700005], [77.09544177400005, 28.60977604900006], [77.07682866100004, 28.618125302000067], [77.07436739900004, 28.613815360000046], [77.06669920300004, 28.61448263500006], [77.06591159900006, 28.611922924000055], [77.06259710000006, 28.610041426000066], [77.06174386200007, 28.60367496300006], [77.05915133400003, 28.601334030000032], [77.05162534400006, 28.60758016400007], [77.04534639200006, 28.607733309000025], [77.04378212400007, 28.61324653500003], [77.03855331100004, 28.61429667300007], [77.03819232600006, 28.61586094100005], [77.03230717700006, 28.61600314800006], [77.03141018300005, 28.619076990000053], [77.02265903200004, 28.62048811300008], [77.02303095600007, 28.62595758200007], [77.01665355400007, 28.626767064000035], [77.00712573800007, 28.623955757000033], [77.00427067400005, 28.62471054400004], [77.00125152700008, 28.62713898800007], [76.99662435600004, 28.635966712000027], [76.99132991000005, 28.63983909700005], [76.99020319800007, 28.643405191000056], [76.98478842400004, 28.647102553000025], [76.98381485800007, 28.650504563000027], [76.97714210500004, 28.65699135400007], [76.97330253700005, 28.656827270000065], [76.95737353300007, 28.662029010000026], [76.95439984800004, 28.661720220000063], [76.95432776400008, 28.661708141000076], [76.95410586800006, 28.661671710000064], [76.95373, 28.66161], [76.94794, 28.65836], [76.94113, 28.66805], [76.93557, 28.66774], [76.9248, 28.64952], [76.93783, 28.63639], [76.94445, 28.63315], [76.94234, 28.62704], [76.93521, 28.61837], [76.92669, 28.62418], [76.92152, 28.63106], [76.91422, 28.63226], [76.90669, 28.62368], [76.89543, 28.6306], [76.88927, 28.6319], [76.88564, 28.62773], [76.87812, 28.60907], [76.87203, 28.60297], [76.86825, 28.59097], [76.86461, 28.5854], [76.84614, 28.58452], [76.83947, 28.58267], [76.83886, 28.57287], [76.84231, 28.56263], [76.84215, 28.5568], [76.84533, 28.55036], [76.86266, 28.54489], [76.86562, 28.54239], [76.86832, 28.53495], [76.87364, 28.53286], [76.87619, 28.52585], [76.88787, 28.51991], [76.8818, 28.51018], [76.88057, 28.50552], [76.8865, 28.50216], [76.88624, 28.50077], [76.89246, 28.50088], [76.89868, 28.50911], [76.90273, 28.50892], [76.90788, 28.51345], [76.9166, 28.51062], [76.92079, 28.50692], [76.92818, 28.51105], [76.93572, 28.51033], [76.9457, 28.50432], [76.95472, 28.50493], [76.97854, 28.52109], [76.9911, 28.51348], [76.99681, 28.51963], [77.01049, 28.51459], [77.01698, 28.52096], [77.01637, 28.52264], [77.00044, 28.53135], [77.0041, 28.53924], [77.00712, 28.54144], [77.0169, 28.53905], [77.02427, 28.53301], [77.03201, 28.53167], [77.04335, 28.52494], [77.04847, 28.52113], [77.04624, 28.51654], [77.06109, 28.51226], [77.06758, 28.51194], [77.0723, 28.52023], [77.09275753900005, 28.513799499000072]]]}}, {"type": "Feature", "properties": {"shapeName": "West", "shapeISO": "", "shapeID": "76128533B68379889579232", "shapeGroup": "IND", "shapeType": "ADM2", "district": "West"}, "geometry": {"type": "Polygon", "coordinates": [[[76.95439984800004, 28.661720220000063], [76.95737353300007, 28.662029010000026], [76.97330253700005, 28.656827270000065], [76.97714210500004, 28.65699135400007], [76.98381485800007, 28.650504563000027], [76.98478842400004, 28.647102553000025], [76.99020319800007, 28.643405191000056], [76.99132991000005, 28.63983909700005], [76.99662435600004, 28.635966712000027], [77.00125152700008, 28.62713898800007], [77.00427067400005, 28.62471054400004], [77.00712573800007, 28.623955757000033], [77.01665355400007, 28.626767064000035], [77.02303095600007, 28.62595758200007], [77.02265903200004, 28.62048811300008], [77.03141018300005, 28.619076990000053], [77.03230717700006, 28.61600314800006], [77.03819232600006, 28.61586094100005], [77.03855331100004, 28.61429667300007], [77.04378212400007, 28.61324653500003], [77.04534639200006, 28.607733309000025], [77.05162534400006, 28.60758016400007], [77.05915133400003, 28.601334030000032], [77.06174386200007, 28.60367496300006], [77.06259710000006, 28.610041426000066], [77.06591159900006, 28.611922924000055], [77.06669920300004, 28.61448263500006], [77.07436739900004, 28.613815360000046], [77.07682866100004, 28.618125302000067], [77.09544177400005, 28.60977604900006], [77.10065367000004, 28.609206648000054], [77.10990049200007, 28.605395111000064], [77.11401968700005, 28.610368910000034], [77.10781525800007, 28.61421463100004], [77.10335422100007, 28.62096600800004], [77.11246430700004, 28.621615507000058], [77.11254976700008, 28.620077219000052], [77.11424188400008, 28.619752469000048], [77.12360835100003, 28.629819712000028], [77.11926695900007, 28.630828145000066], [77.11924986800005, 28.633357775000036], [77.12246318100006, 28.633221039000034], [77.12374508800008, 28.63549428700003], [77.12803520400007, 28.63534045800003], [77.12994951800005, 28.637596615000064], [77.13220567400003, 28.631477645000075], [77.14922939900003, 28.650877170000058], [77.15177612000008, 28.649219238000057], [77.14464871800004, 28.640536454000028], [77.15028910800004, 28.629597515000057], [77.15572439400006, 28.62399130800003], [77.16001450900006, 28.623136703000057], [77.16686843900004, 28.62987098900004], [77.17064579100008, 28.63081105300006], [77.17389288400005, 28.633461946000068], [77.17385910400003, 28.63359706400007], [77.17471370900006, 28.642057650000027], [77.18044062800004, 28.650433844000077], [77.17793022700005, 28.651502100000073], [77.17913201500005, 28.655054051000036], [77.18260384700005, 28.65857929400005], [77.17926554700006, 28.658606002000056], [77.18121511400005, 28.660822632000077], [77.18037490400008, 28.663564145000066], [77.16976695900007, 28.666479695000078], [77.16816111600008, 28.663996372000042], [77.16548853400008, 28.66360638200007], [77.15935791900006, 28.666777703000037], [77.15928541700004, 28.666811405000033], [77.14014067800008, 28.674095710000074], [77.09588818200007, 28.679436989000067], [77.09535405400004, 28.68328271100006], [76.97768191200004, 28.693165391000036], [76.97737617000007, 28.69317509700005], [76.97675667400006, 28.69375711300006], [76.97650384700006, 28.69402069800003], [76.97432760400005, 28.69453342500003], [76.97342151400005, 28.694746902000077], [76.97260924100004, 28.69531710700005], [76.97140965900007, 28.696183173000065], [76.97117297000005, 28.69631765500003], [76.97101697000005, 28.696430621000047], [76.97021007700005, 28.69699006700006], [76.96691890100004, 28.69735350800005], [76.96688659700004, 28.697344842000064], [76.95846, 28.68391], [76.95728, 28.67123], [76.95425, 28.66729], [76.95252, 28.66929], [76.94837, 28.66974], [76.95439984800004, 28.661720220000063]]]}}, {"type": "Feature", "properties": {"shapeName": "South", "shapeISO": "", "shapeID": "76128533B97089774514948", "shapeGroup": "IND", "shapeType": "ADM2", "district": "South"}, "geometry": {"type": "Polygon", "coordinates": [[[77.17523, 28.40447], [77.18532, 28.40945], [77.1909, 28.40688], [77.21636, 28.41109], [77.21718, 28.40943], [77.2293, 28.41391], [77.23918, 28.42057], [77.25022, 28.42419], [77.25329, 28.43293], [77.24966, 28.43326], [77.24939, 28.44664], [77.24705, 28.45268], [77.24592, 28.45198], [77.24456, 28.45411], [77.24576, 28.45824], [77.24111, 28.46219], [77.24166, 28.4652], [77.23943, 28.46767], [77.24409, 28.47274], [77.24666, 28.47954], [77.25098, 28.47915], [77.25543, 28.48069], [77.25529, 28.48234], [77.26494, 28.48497], [77.26501947100007, 28.484970994000037], [77.25828914400006, 28.50503442300004], [77.25391152200007, 28.511600857000076], [77.25084827400008, 28.513643022000053], [77.24159764800004, 28.513901780000026], [77.23533833600004, 28.51853106300007], [77.23827238900003, 28.535744169000054], [77.23579474500008, 28.540308250000066], [77.23142626600008, 28.55791256300006], [77.22803580600004, 28.553804890000038], [77.21232232700004, 28.553544086000045], [77.20678022800007, 28.554978512000048], [77.20202054300006, 28.559803397000053], [77.19237077200006, 28.55791256300006], [77.18898031200007, 28.555565322000064], [77.18858910500006, 28.55276167200003], [77.18490960600008, 28.552279115000033], [77.18028039000006, 28.54932343200005], [77.17285601200007, 28.536370831000056], [77.16794203600006, 28.52213632200005], [77.17120021600005, 28.522884101000045], [77.17165422500005, 28.520640764000063], [77.17347025900006, 28.52042711300004], [77.17224176500008, 28.51805024300006], [77.17525958800007, 28.517382584000075], [77.17566018400004, 28.508035345000053], [77.17066608800008, 28.510251976000063], [77.16941088800007, 28.50728756600006], [77.16714084400007, 28.50782169400003], [77.16700731200007, 28.50418962400005], [77.16329512300007, 28.50589883300006], [77.15688558800008, 28.505551651000076], [77.15263927100006, 28.50095815000003], [77.14825942200008, 28.499943307000024], [77.14526830600005, 28.500824618000024], [77.14665703900005, 28.492705874000023], [77.13387307100004, 28.487083244000075], [77.12956275200008, 28.48361295600006], [77.12533161800008, 28.48437380300004], [77.12663641800003, 28.487000618000025], [77.12016749800006, 28.488677236000058], [77.11945829200005, 28.488962984000068], [77.11945677600005, 28.488950577000026], [77.11536410400004, 28.479978840000058], [77.11533754500005, 28.47984210900006], [77.11388, 28.47128], [77.11156, 28.47108], [77.11768, 28.4617], [77.11929, 28.45955], [77.12181, 28.45559], [77.12218, 28.44897], [77.12425, 28.44826], [77.12443, 28.44577], [77.12909, 28.44119], [77.14209, 28.43642], [77.14928, 28.43708], [77.15514, 28.43228], [77.16454, 28.42772], [77.16682, 28.42519], [77.16609, 28.41471], [77.17043, 28.41128], [77.1724, 28.40612], [77.17523, 28.40447]]]}}, {"type": "Feature", "properties": {"shapeName": "North ", "shapeISO": "", "shapeID": "76128533B45574198291616", "shapeGroup": "IND", "shapeType": "ADM2", "district": "North "}, "geometry": {"type": "Polygon", "coordinates": [[[76.96238312300005, 28.815936971000042], [76.96300068200003, 28.81549095500003], [76.96308881900006, 28.815499485000032], [76.96349738600003, 28.81544755400006], [76.96587661500007, 28.815043752000065], [76.96643798900004, 28.813219944000025], [76.96977576800003, 28.803914623000026], [76.97614789000005, 28.797137921000058], [76.99759058800004, 28.786416572000064], [77.01569550600004, 28.78095475400005], [77.02176419400007, 28.775796369000034], [77.03369036300006, 28.76116276600004], [77.04798913500008, 28.754486548000045], [77.07029532400009, 28.756295157000068], [77.08295559300007, 28.749060718000067], [77.08898429300007, 28.749663588000033], [77.08536707300004, 28.735797578000074], [77.10285030300008, 28.72193156900005], [77.12817084200003, 28.707462690000057], [77.14505120100006, 28.695405289000064], [77.15785974500005, 28.693652405000023], [77.16133876200007, 28.692144832000054], [77.16346471100007, 28.688908620000063], [77.17247161500006, 28.69052129100004], [77.17651604600007, 28.687945401000036], [77.18144827100008, 28.689026193000075], [77.18755391300004, 28.683431963000032], [77.19411187700007, 28.687443728000062], [77.19315318600007, 28.68877129200007], [77.19550303500006, 28.689959309000074], [77.19884133500005, 28.689211530000023], [77.20276717500008, 28.695300588000066], [77.20573158500008, 28.692710068000054], [77.21643373300003, 28.70700587600004], [77.21826857500008, 28.708938837000062], [77.22159518300003, 28.720271068000045], [77.20091212300008, 28.727761585000053], [77.18304700600004, 28.732130064000046], [77.18332492000008, 28.734665815000028], [77.17666387000008, 28.73954397600005], [77.17504593700005, 28.744306823000045], [77.17841094200008, 28.74849972800007], [77.17942578600008, 28.74799230600007], [77.18036050900008, 28.750636239000073], [77.18228337000005, 28.75084989000004], [77.18244360800009, 28.753841006000073], [77.17867800600004, 28.755176326000026], [77.17942761200004, 28.757623241000033], [77.17154739900008, 28.756805417000066], [77.17162751800004, 28.76118526500005], [77.17437827700007, 28.76126538500006], [77.17515276200004, 28.76268082300004], [77.17440498300004, 28.76577876600004], [77.17128033500006, 28.767701626000076], [77.17176105000004, 28.769277303000024], [77.17306966300004, 28.770479091000027], [77.18345845100004, 28.76983813700008], [77.18353857100004, 28.771467228000063], [77.18620921000007, 28.771333695000067], [77.18606380400007, 28.77509856200004], [77.18284776500008, 28.77516162300003], [77.18311126800006, 28.777315928000064], [77.18575520200005, 28.777289222000036], [77.18432943700003, 28.786240338000027], [77.19480289500007, 28.786150991000056], [77.19765026700003, 28.784009370000035], [77.20295784200005, 28.788749274000054], [77.20341811400004, 28.788800717000072], [77.20436844200003, 28.788709565000033], [77.20682503400008, 28.788580508000052], [77.20689994100007, 28.78857960600004], [77.20728801500007, 28.788580508000052], [77.20714632300007, 28.788688808000074], [77.20664092500004, 28.78907868500005], [77.20589907400006, 28.789650867000034], [77.19905, 28.79806], [77.20103, 28.81091], [77.20184, 28.81253], [77.21821, 28.80856], [77.2202, 28.81912], [77.22368, 28.82143], [77.22191, 28.8226], [77.22241, 28.82524], [77.22029, 28.83006], [77.21874, 28.83463], [77.21969, 28.84504], [77.20755, 28.85688], [77.20609, 28.8592], [77.18169, 28.85774], [77.17525, 28.85866], [77.17301, 28.85739], [77.17207, 28.85022], [77.16609, 28.84936], [77.15697, 28.8394], [77.1577, 28.83696], [77.1447, 28.83831], [77.14223, 28.83937], [77.14165, 28.84586], [77.14546, 28.85376], [77.14226, 28.85599], [77.14016, 28.86169], [77.13182, 28.86297], [77.12511, 28.85995], [77.12445, 28.8579], [77.12119, 28.85812], [77.10977, 28.86999], [77.09676, 28.87078], [77.0916, 28.87285], [77.08788, 28.87535], [77.08739, 28.88118], [77.08262, 28.88355], [77.07799, 28.87737], [77.08043, 28.87261], [77.07453, 28.86722], [77.07159, 28.86873], [77.06922, 28.86708], [77.06112, 28.87085], [77.05872, 28.86846], [77.04572, 28.84739], [77.04498, 28.84023], [77.04194, 28.8376], [77.04269, 28.83473], [77.04013, 28.83184], [77.02337, 28.83915], [77.01033, 28.84084], [76.9992, 28.83827], [76.99441, 28.83977], [76.98705, 28.83389], [76.98568, 28.82755], [76.98041, 28.82128], [76.97571, 28.82258], [76.97332, 28.82669], [76.96591, 28.82775], [76.96378, 28.8228], [76.96491, 28.82008], [76.96258, 28.81614], [76.96238312300005, 28.815936971000042]]]}}, {"type": "Feature", "properties": {"shapeName": "North East", "shapeISO": "", "shapeID": "76128533B9976625304286", "shapeGroup": "IND", "shapeType": "ADM2", "district": "North East"}, "geometry": {"type": "Polygon", "coordinates": [[[77.20756, 28.78845], [77.21226918700006, 28.78315911800007], [77.21672655900005, 28.78258623800008], [77.21957318700004, 28.77452293600004], [77.22245845800006, 28.772912852000047], [77.22279335600007, 28.770632973000033], [77.21957318700004, 28.76662708300006], [77.22334722500005, 28.757919748000063], [77.22557691300005, 28.747069644000078], [77.22813607100005, 28.746909437000056], [77.23101154600005, 28.749373367000032], [77.23473818600007, 28.749150903000043], [77.24026188600004, 28.740764487000035], [77.24033626700003, 28.738253633000056], [77.23614581800007, 28.73106540300006], [77.23701614300006, 28.728067621000037], [77.23521971800005, 28.72201446100007], [77.23122016900004, 28.71972412100007], [77.23318575900004, 28.718715687000042], [77.23296356200007, 28.71692101800005], [77.22776756500008, 28.70628973500004], [77.22952805100005, 28.704665987000055], [77.22798976200005, 28.69372704700004], [77.22934020500009, 28.68341627600006], [77.23230286800003, 28.67330609000004], [77.23932661900005, 28.67564949000007], [77.25063317900003, 28.676762230000065], [77.25072076600003, 28.682258095000066], [77.25413901000007, 28.686815754000065], [77.25935230500005, 28.686515620000023], [77.26530527400007, 28.69228494500004], [77.26940716700005, 28.702083911000045], [77.27605570500003, 28.701556249000078], [77.27725515700007, 28.700121876000026], [77.27816172200005, 28.701389105000032], [77.28376379200006, 28.700944496000034], [77.29512033600008, 28.69786035800007], [77.29591692400004, 28.704573722000077], [77.29565537600007, 28.704736715000024], [77.29142, 28.70583], [77.28749, 28.70981], [77.28667, 28.71423], [77.28938, 28.71649], [77.29081, 28.72221], [77.28657, 28.72457], [77.27842, 28.73376], [77.2732, 28.73635], [77.26655, 28.73423], [77.2609, 28.73453], [77.25569, 28.73879], [77.2549, 28.74367], [77.25955, 28.75065], [77.25925, 28.75294], [77.25668, 28.75446], [77.25687, 28.75674], [77.24854, 28.75551], [77.2351, 28.76126], [77.23714, 28.76355], [77.23628, 28.7658], [77.23868, 28.76569], [77.23664, 28.7668], [77.23499, 28.77099], [77.23114, 28.77494], [77.22322, 28.77768], [77.23425, 28.7837], [77.22845, 28.78664], [77.21433, 28.78559], [77.2107, 28.78688], [77.20756, 28.78845]]]}}, {"type": "Feature", "properties": {"shapeName": "South East", "shapeISO": "", "shapeID": "76128533B1420136949169", "shapeGroup": "IND", "shapeType": "ADM2", "district": "South East"}, "geometry": {"type": "Polygon", "coordinates": [[[77.34349, 28.51467], [77.33438, 28.52721], [77.3023, 28.55412], [77.29896, 28.56027], [77.30007, 28.56364], [77.29686, 28.56656], [77.29936, 28.57459], [77.29924041800007, 28.575317804000065], [77.29219292300007, 28.57512760700007], [77.28709873400004, 28.585525776000054], [77.28182164900005, 28.591534445000036], [77.27190223600007, 28.597274148000054], [77.26106691100006, 28.601035472000035], [77.25484130400008, 28.61080763600006], [77.25480281500006, 28.61080872200006], [77.25390011400003, 28.61340232400005], [77.24893983800007, 28.612283458000036], [77.24955998400003, 28.607736728000077], [77.24511604000008, 28.605754046000072], [77.24144124000003, 28.60823239900003], [77.24012514800006, 28.607377794000058], [77.24060372700006, 28.597276367000063], [77.23564702000004, 28.604848164000032], [77.23034847200006, 28.601617759000078], [77.22503283100008, 28.604523414000028], [77.22363127900007, 28.602745837000043], [77.22482772500007, 28.601720311000065], [77.21474339100007, 28.59119158200008], [77.21484594300006, 28.58961910900007], [77.21970009800003, 28.59018314900004], [77.21997357100008, 28.587926992000064], [77.21785415200003, 28.58773897900005], [77.21814471800008, 28.58572211200004], [77.21614494200008, 28.585773389000053], [77.21444788400004, 28.579348097000036], [77.19078768700007, 28.58160144900006], [77.18845254700005, 28.562195915000075], [77.18490960600008, 28.552279115000033], [77.18858910500006, 28.55276167200003], [77.18898031200007, 28.555565322000064], [77.19237077200006, 28.55791256300006], [77.20202054300006, 28.559803397000053], [77.20678022800007, 28.554978512000048], [77.21232232700004, 28.553544086000045], [77.22803580600004, 28.553804890000038], [77.23142626600008, 28.55791256300006], [77.23579474500008, 28.540308250000066], [77.23827238900003, 28.535744169000054], [77.23533833600004, 28.51853106300007], [77.24159764800004, 28.513901780000026], [77.25084827400008, 28.513643022000053], [77.25391152200007, 28.511600857000076], [77.25828914400006, 28.50503442300004], [77.26501947100007, 28.484970994000037], [77.26574, 28.48498], [77.26625, 28.48501], [77.26693, 28.48511], [77.2717, 28.48607], [77.2724, 28.48826], [77.27585, 28.48607], [77.281, 28.48901], [77.2867, 28.48943], [77.28782, 28.49592], [77.29147, 28.49669], [77.29914, 28.49589], [77.30037, 28.48785], [77.3089, 28.48734], [77.31363, 28.48344], [77.31699, 28.48489], [77.31684, 28.48646], [77.32651, 28.48972], [77.33609, 28.50418], [77.34286, 28.51107], [77.34349, 28.51467]]]}}, {"type": "Feature", "properties": {"shapeName": "Central", "shapeISO": "", "shapeID": "76128533B19832024635761", "shapeGroup": "IND", "shapeType": "ADM2", "district": "Central"}, "geometry": {"type": "Polygon", "coordinates": [[[77.20728801500007, 28.788580508000052], [77.20689994100007, 28.78857960600004], [77.20682503400008, 28.788580508000052], [77.20436844200003, 28.788709565000033], [77.20341811400004, 28.788800717000072], [77.20295784200005, 28.788749274000054], [77.19765026700003, 28.784009370000035], [77.19480289500007, 28.786150991000056], [77.18432943700003, 28.786240338000027], [77.18575520200005, 28.777289222000036], [77.18311126800006, 28.777315928000064], [77.18284776500008, 28.77516162300003], [77.18606380400007, 28.77509856200004], [77.18620921000007, 28.771333695000067], [77.18353857100004, 28.771467228000063], [77.18345845100004, 28.76983813700008], [77.17306966300004, 28.770479091000027], [77.17176105000004, 28.769277303000024], [77.17128033500006, 28.767701626000076], [77.17440498300004, 28.76577876600004], [77.17515276200004, 28.76268082300004], [77.17437827700007, 28.76126538500006], [77.17162751800004, 28.76118526500005], [77.17154739900008, 28.756805417000066], [77.17942761200004, 28.757623241000033], [77.17867800600004, 28.755176326000026], [77.18244360800009, 28.753841006000073], [77.18228337000005, 28.75084989000004], [77.18036050900008, 28.750636239000073], [77.17942578600008, 28.74799230600007], [77.17841094200008, 28.74849972800007], [77.17504593700005, 28.744306823000045], [77.17666387000008, 28.73954397600005], [77.18332492000008, 28.734665815000028], [77.18304700600004, 28.732130064000046], [77.20091212300008, 28.727761585000053], [77.22159518300003, 28.720271068000045], [77.21826857500008, 28.708938837000062], [77.21643373300003, 28.70700587600004], [77.20573158500008, 28.692710068000054], [77.20276717500008, 28.695300588000066], [77.19884133500005, 28.689211530000023], [77.19550303500006, 28.689959309000074], [77.19315318600007, 28.68877129200007], [77.19411187700007, 28.687443728000062], [77.19643775900005, 28.684083902000054], [77.16815568700008, 28.675484443000073], [77.16955275700008, 28.672610012000064], [77.17101327100005, 28.67260015200003], [77.17138716000005, 28.66741911200006], [77.18103653800006, 28.665108993000047], [77.18037490400008, 28.663564145000066], [77.18121511400005, 28.660822632000077], [77.17926554700006, 28.658606002000056], [77.18260384700005, 28.65857929400005], [77.17913201500005, 28.655054051000036], [77.17793022700005, 28.651502100000073], [77.18044062800004, 28.650433844000077], [77.17471370900006, 28.642057650000027], [77.17385910400003, 28.63359706400007], [77.17389288400005, 28.633461946000068], [77.17423991600003, 28.633275733000062], [77.17418522200006, 28.63195212100004], [77.17511503100008, 28.63164583100007], [77.17574949000004, 28.62999405100004], [77.17908586600004, 28.63168958700004], [77.18097830300007, 28.63072696100005], [77.18561641400004, 28.635386949000065], [77.18978414900005, 28.634336810000036], [77.19721168900008, 28.64500227600007], [77.21709518100005, 28.634398069000042], [77.21916745400006, 28.63634432500004], [77.22242288200005, 28.63642833600005], [77.22439714200004, 28.639109688000076], [77.22864670100006, 28.636953404000053], [77.23151707900007, 28.64043986400003], [77.23103401500003, 28.636526349000064], [77.23624270100004, 28.636211307000053], [77.23597666500007, 28.633781987000077], [77.23844799000005, 28.633676973000036], [77.23852500100008, 28.63207376300005], [77.24090531400003, 28.632381803000044], [77.24056226800008, 28.62563991600007], [77.24616300600007, 28.620473236000066], [77.24893983800007, 28.612283458000036], [77.25390011400003, 28.61340232400005], [77.25420903400004, 28.619684101000075], [77.25215798200009, 28.62009431100006], [77.25343988900005, 28.635101169000052], [77.25619171600005, 28.635237905000054], [77.25825986000007, 28.641408151000064], [77.25407229700005, 28.64754421300006], [77.25479016500003, 28.65130447200005], [77.25024366800005, 28.653868287000023], [77.24863701100008, 28.658380599000054], [77.24452569600004, 28.66192914100003], [77.23754424300006, 28.66480722600005], [77.23230286800003, 28.67330609000004], [77.22934020500009, 28.68341627600006], [77.22798976200005, 28.69372704700004], [77.22952805100005, 28.704665987000055], [77.22776756500008, 28.70628973500004], [77.23296356200007, 28.71692101800005], [77.23318575900004, 28.718715687000042], [77.23122016900004, 28.71972412100007], [77.23521971800005, 28.72201446100007], [77.23701614300006, 28.728067621000037], [77.23614581800007, 28.73106540300006], [77.24033626700003, 28.738253633000056], [77.24026188600004, 28.740764487000035], [77.23473818600007, 28.749150903000043], [77.23101154600005, 28.749373367000032], [77.22813607100005, 28.746909437000056], [77.22557691300005, 28.747069644000078], [77.22334722500005, 28.757919748000063], [77.21957318700004, 28.76662708300006], [77.22279335600007, 28.770632973000033], [77.22245845800006, 28.772912852000047], [77.21957318700004, 28.77452293600004], [77.21672655900005, 28.78258623800008], [77.21226918700006, 28.78315911800007], [77.20756, 28.78845], [77.20728801500007, 28.788580508000052]]]}}, {"type": "Feature", "properties": {"shapeName": "Shahdara", "shapeISO": "", "shapeID": "76128533B81419063387740", "shapeGroup": "IND", "shapeType": "ADM2", "district": "Shahdara"}, "geometry": {"type": "Polygon", "coordinates": [[[77.29591692400004, 28.704573722000077], [77.29512033600008, 28.69786035800007], [77.28376379200006, 28.700944496000034], [77.27816172200005, 28.701389105000032], [77.27725515700007, 28.700121876000026], [77.27605570500003, 28.701556249000078], [77.26940716700005, 28.702083911000045], [77.26530527400007, 28.69228494500004], [77.25935230500005, 28.686515620000023], [77.25413901000007, 28.686815754000065], [77.25072076600003, 28.682258095000066], [77.25063317900003, 28.676762230000065], [77.23932661900005, 28.67564949000007], [77.23230286800003, 28.67330609000004], [77.23754424300006, 28.66480722600005], [77.24452569600004, 28.66192914100003], [77.25241436400006, 28.665114884000047], [77.25280748100005, 28.66667026500005], [77.26302855400007, 28.670208328000058], [77.29300808400006, 28.675780350000025], [77.32383, 28.676205176000053], [77.32377, 28.67716], [77.32981, 28.67804], [77.33317, 28.68156], [77.32975, 28.69005], [77.32332, 28.69864], [77.32583, 28.70299], [77.32454, 28.70752], [77.33115, 28.71334], [77.32158, 28.71219], [77.3177, 28.71419], [77.31616, 28.71271], [77.30624, 28.71354], [77.299, 28.70979], [77.29591692400004, 28.704573722000077]]]}}]}