{
  "type": "FeatureCollection",
  "run_id": "2026-10-09T00Z",
  "valid_hour": "2026-10-10T02:00Z",
  "features": [
    {
      "type": "Feature",
      "geometry": {
        "type": "Polygon",
        "coordinates": [
          [
            [
              76.8440960497174,
              28.303631245254184
            ],
            [
              76.85001789441661,
              28.29217197911149
            ],
            [
              76.8649008457874,
              28.29095585125183
            ],
            [
              76.87386665466146,
              28.30119802927032
            ],
            [
              76.86794840819543,
              28.31265925854274
            ],
            [
              76.85306075342365,
              28.313876346948632
            ],
            [
              76.8440960497174,
              28.303631245254184
            ]
          ]
        ]
      },
      "properties": {
        "h3": "873da1cd1ffffff",
        "run_id": "2026-10-09T00Z",
        "valid_hour": "2026-10-10T02:00Z",
        "lead_h": 26,
        "pm25": null,
        "pm25_p10": null,
        "pm25_p90": null,
        "fire_share": null,
        "fire_share_p10": null,
        "fire_share_p90": null,
        "top_sources": [],
        "hpbl_m": null
      }
    },
    {
      "type": "Feature",
      "geometry": {
        "type": "Polygon",
        "coordinates": [
          [
            [
              76.82935520829001,
              28.359733682719785
            ],
            [
              76.83528476713586,
              28.348267308358565
            ],
            [
              76.85018099323037,
              28.34705112355899
            ],
            [
              76.85915237148751,
              28.357300353850903
            ],
            [
              76.85322641520447,
              28.368768693037072
            ],
            [
              76.83832547689947,
              28.369985837387805
            ],
            [
              76.82935520829001,
              28.359733682719785
            ]
          ]
        ]
      },
      "properties": {
        "h3": "873da1cc4ffffff",
        "run_id": "2026-10-09T00Z",
        "valid_hour": "2026-10-10T02:00Z",
        "lead_h": 26,
        "pm25": null,
        "pm25_p10": null,
        "pm25_p90": null,
        "fire_share": null,
        "fire_share_p10": null,
        "fire_share_p90": null,
        "top_sources": [],
        "hpbl_m": null
      }
    },
    {
      "type": "Feature",
      "geometry": {
        "type": "Polygon",
        "coordinates": [
          [
            [
              76.83543584526237,
              28.403181861228703
            ],
            [
              76.84136815309893,
              28.391709447781313
            ],
            [
              76.8562738065111,
              28.39049134321461
            ],
            [
              76.86525186888883,
              28.400744691496232
            ],
            [
              76.85932316904379,
              28.412219069442905
            ],
            [
              76.84441279762528,
              28.413438134890516
            ],
            [
              76.83543584526237,
              28.403181861228703
            ]
          ]
        ]
      },
      "properties": {
        "h3": "873da1ce1ffffff",
        "run_id": "2026-10-09T00Z",
        "valid_hour": "2026-10-10T02:00Z",
        "lead_h": 26,
        "pm25": 248,
        "pm25_p10": 198,
        "pm25_p90": 310,
        "fire_share": 0.224,
        "fire_share_p10": 0.161,
        "fire_share_p90": 0.291,
        "top_sources": [
          {
            "district": "Sangrur",
            "share": 0.112
          },
          {
            "district": "Patiala",
            "share": 0.065
          },
          {
            "district": "Bathinda",
            "share": 0.047
          }
        ],
        "hpbl_m": 376
      }
    },
    {
      "type": "Feature",
      "geometry": {
        "type": "Polygon",
        "coordinates": [
          [
            [
              76.84152435352706,
              28.446650338610667
            ],
            [
              76.84745941237188,
              28.435171894058524
            ],
            [
              76.86237450469854,
              28.433951867064966
            ],
            [
              76.87135926078659,
              28.44420932269464
            ],
            [
              76.86542781537374,
              28.45568973141541
            ],
            [
              76.85050799923452,
              28.456910720620098
            ],
            [
              76.84152435352706,
              28.446650338610667
            ]
          ]
        ]
      },
      "properties": {
        "h3": "873da1c50ffffff",
        "run_id": "2026-10-09T00Z",
        "valid_hour": "2026-10-10T02:00Z",
        "lead_h": 26,
        "pm25": 262,
        "pm25_p10": 210,
        "pm25_p90": 328,
        "fire_share": 0.251,
        "fire_share_p10": 0.181,
        "fire_share_p90": 0.326,
        "top_sources": [
          {
            "district": "Sangrur",
            "share": 0.126
          },
          {
            "district": "Patiala",
            "share": 0.073
          },
          {
            "district": "Bathinda",
            "share": 0.052
          }
        ],
        "hpbl_m": 381
      }
    },
    {
      "type": "Feature",
      "geometry": {
        "type": "Polygon",
        "coordinates": [
          [
            [
              76.82674951718566,
              28.50284465757854
            ],
            [
              76.83269232411592,
              28.491359147263605
            ],
            [
              76.8476207482401,
              28.490139077544292
            ],
            [
              76.85661109690324,
              28.500403557221343
            ],
            [
              76.85067190776155,
              28.511891033393578
            ],
            [
              76.83573875095823,
              28.51311206431341
            ],
            [
              76.82674951718566,
              28.50284465757854
            ]
          ]
        ]
      },
      "properties": {
        "h3": "873da1c71ffffff",
        "run_id": "2026-10-09T00Z",
        "valid_hour": "2026-10-10T02:00Z",
        "lead_h": 26,
        "pm25": 251,
        "pm25_p10": 201,
        "pm25_p90": 314,
        "fire_share": 0.266,
        "fire_share_p10": 0.192,
        "fire_share_p90": 0.346,
        "top_sources": [
          {
            "district": "Sangrur",
            "share": 0.133
          },
          {
            "district": "Patiala",
            "share": 0.078
          },
          {
            "district": "Bathinda",
            "share": 0.055
          }
        ],
        "hpbl_m": 385
      }
    },
    {
      "type": "Feature",
      "geometry": {
        "type": "Polygon",
        "coordinates": [
          [
            [
              76.83589057976782,
              28.568127573999405
            ],
            [
              76.84183752973806,
              28.556633049697705
            ],
            [
              76.85678016064907,
              28.555410094385273
            ],
            [
              76.86578058181048,
              28.565680700464743
            ],
            [
              76.85983725782832,
              28.577177190114007
            ],
            [
              76.84488988548352,
              28.578401108618753
            ],
            [
              76.83589057976782,
              28.568127573999405
            ]
          ]
        ]
      },
      "properties": {
        "h3": "873da1c65ffffff",
        "run_id": "2026-10-09T00Z",
        "valid_hour": "2026-10-10T02:00Z",
        "lead_h": 26,
        "pm25": 271,
        "pm25_p10": 217,
        "pm25_p90": 339,
        "fire_share": 0.263,
        "fire_share_p10": 0.189,
        "fire_share_p90": 0.342,
        "top_sources": [
          {
            "district": "Sangrur",
            "share": 0.132
          },
          {
            "district": "Patiala",
            "share": 0.077
          },
          {
            "district": "Bathinda",
            "share": 0.055
          }
        ],
        "hpbl_m": 341
      }
    },
    {
      "type": "Feature",
      "geometry": {
        "type": "Polygon",
        "coordinates": [
          [
            [
              76.8419945068049,
              28.61167472890109
            ],
            [
              76.84794422134203,
              28.60017420540286
            ],
            [
              76.86289633804404,
              28.598949323041623
            ],
            [
              76.8719034862768,
              28.609223999940717
            ],
            [
              76.86595740320891,
              28.620726488440425
            ],
            [
              76.85100053922365,
              28.621952335322487
            ],
            [
              76.8419945068049,
              28.61167472890109
            ]
          ]
        ]
      },
      "properties": {
        "h3": "873da1894ffffff",
        "run_id": "2026-10-09T00Z",
        "valid_hour": "2026-10-10T02:00Z",
        "lead_h": 26,
        "pm25": 274,
        "pm25_p10": 219,
        "pm25_p90": 343,
        "fire_share": 0.232,
        "fire_share_p10": 0.167,
        "fire_share_p90": 0.302,
        "top_sources": [
          {
            "district": "Sangrur",
            "share": 0.116
          },
          {
            "district": "Patiala",
            "share": 0.068
          },
          {
            "district": "Bathinda",
            "share": 0.048
          }
        ],
        "hpbl_m": 370
      }
    },
    {
      "type": "Feature",
      "geometry": {
        "type": "Polygon",
        "coordinates": [
          [
            [
              76.82718334397902,
              28.667974458238138
            ],
            [
              76.8331408450375,
              28.65646691790147
            ],
            [
              76.84810635990367,
              28.655242008195724
            ],
            [
              76.85711912870853,
              28.66552367561627
            ],
            [
              76.85116526350869,
              28.677033182635196
            ],
            [
              76.83619499242641,
              28.678259055833998
            ],
            [
              76.82718334397902,
              28.667974458238138
            ]
          ]
        ]
      },
      "properties": {
        "h3": "873da18b5ffffff",
        "run_id": "2026-10-09T00Z",
        "valid_hour": "2026-10-10T02:00Z",
        "lead_h": 26,
        "pm25": 260,
        "pm25_p10": 208,
        "pm25_p90": 325,
        "fire_share": 0.231,
        "fire_share_p10": 0.166,
        "fire_share_p90": 0.3,
        "top_sources": [
          {
            "district": "Sangrur",
            "share": 0.116
          },
          {
            "district": "Patiala",
            "share": 0.067
          },
          {
            "district": "Bathinda",
            "share": 0.048
          }
        ],
        "hpbl_m": 395
      }
    },
    {
      "type": "Feature",
      "geometry": {
        "type": "Polygon",
        "coordinates": [
          [
            [
              76.8332908479234,
              28.711569730758566
            ],
            [
              76.83925112413726,
              28.700056211284767
            ],
            [
              76.85422615437304,
              28.698829373929964
            ],
            [
              76.86324566926731,
              28.70911509151298
            ],
            [
              76.85728903441641,
              28.720630577315074
            ],
            [
              76.84230924208714,
              28.72185837948891
            ],
            [
              76.8332908479234,
              28.711569730758566
            ]
          ]
        ]
      },
      "properties": {
        "h3": "873da18a4ffffff",
        "run_id": "2026-10-09T00Z",
        "valid_hour": "2026-10-10T02:00Z",
        "lead_h": 26,
        "pm25": 271,
        "pm25_p10": 217,
        "pm25_p90": 339,
        "fire_share": 0.269,
        "fire_share_p10": 0.194,
        "fire_share_p90": 0.35,
        "top_sources": [
          {
            "district": "Sangrur",
            "share": 0.135
          },
          {
            "district": "Patiala",
            "share": 0.078
          },
          {
            "district": "Bathinda",
            "share": 0.056
          }
        ],
        "hpbl_m": 313
      }
    },
    {
      "type": "Feature",
      "geometry": {
        "type": "Polygon",
        "coordinates": [
          [
            [
              76.84246700159936,
              28.77700020781694
            ],
            [
              76.84843144438453,
              28.765477735056177
            ],
            [
              76.86342076973133,
              28.76424800125468
            ],
            [
              76.87245042199781,
              28.774539773688762
            ],
            [
              76.86648962885458,
              28.78606421223757
            ],
            [
              76.85149553257847,
              28.787294912847912
            ],
            [
              76.84246700159936,
              28.77700020781694
            ]
          ]
        ]
      },
      "properties": {
        "h3": "873da1832ffffff",
        "run_id": "2026-10-09T00Z",
        "valid_hour": "2026-10-10T02:00Z",
        "lead_h": 26,
        "pm25": 261,
        "pm25_p10": 209,
        "pm25_p90": 326,
        "fire_share": 0.26,
        "fire_share_p10": 0.187,
        "fire_share_p90": 0.338,
        "top_sources": [
          {
            "district": "Sangrur",
            "share": 0.13
          },
          {
            "district": "Patiala",
            "share": 0.076
          },
          {
            "district": "Bathinda",
            "share": 0.054
          }
        ],
        "hpbl_m": 344
      }
    },
    {
      "type": "Feature",
      "geometry": {
        "type": "Polygon",
        "coordinates": [
          [
            [
              76.84859439164495,
              28.820645515541987
            ],
            [
              76.85456161470427,
              28.809117084250257
            ],
            [
              76.86956048486029,
              28.807885416167565
            ],
            [
              76.8785969075634,
              28.81818121152469
            ],
            [
              76.87263333968043,
              28.829711608238053
            ],
            [
              76.85762969269132,
              28.830944244456713
            ],
            [
              76.84859439164495,
              28.820645515541987
            ]
          ]
        ]
      },
      "properties": {
        "h3": "873da1835ffffff",
        "run_id": "2026-10-09T00Z",
        "valid_hour": "2026-10-10T02:00Z",
        "lead_h": 26,
        "pm25": 253,
        "pm25_p10": 202,
        "pm25_p90": 316,
        "fire_share": 0.235,
        "fire_share_p10": 0.169,
        "fire_share_p90": 0.306,
        "top_sources": [
          {
            "district": "Sangrur",
            "share": 0.118
          },
          {
            "district": "Patiala",
            "share": 0.069
          },
          {
            "district": "Bathinda",
            "share": 0.049
          }
        ],
        "hpbl_m": 410
      }
    },
    {
      "type": "Feature",
      "geometry": {
        "type": "Polygon",
        "coordinates": [
          [
            [
              76.83374235297467,
              28.877077834379584
            ],
            [
              76.8397174098971,
              28.865542447955704
            ],
            [
              76.8547297630891,
              28.864310770175255
            ],
            [
              76.86377184397887,
              28.87461351201439
            ],
            [
              76.85780044666652,
              28.886150865529984
            ],
            [
              76.84278330762405,
              28.88738351039851
            ],
            [
              76.83374235297467,
              28.877077834379584
            ]
          ]
        ]
      },
      "properties": {
        "h3": "873da190affffff",
        "run_id": "2026-10-09T00Z",
        "valid_hour": "2026-10-10T02:00Z",
        "lead_h": 26,
        "pm25": 252,
        "pm25_p10": 202,
        "pm25_p90": 315,
        "fire_share": 0.231,
        "fire_share_p10": 0.166,
        "fire_share_p90": 0.3,
        "top_sources": [
          {
            "district": "Sangrur",
            "share": 0.116
          },
          {
            "district": "Patiala",
            "share": 0.067
          },
          {
            "district": "Bathinda",
            "share": 0.048
          }
        ],
        "hpbl_m": 351
      }
    },
    {
      "type": "Feature",
      "geometry": {
        "type": "Polygon",
        "coordinates": [
          [
            [
              76.83987335566015,
              28.920770870268694
            ],
            [
              76.84585120353796,
              28.909229545750946
            ],
            [
              76.86087313139559,
              28.907995933132117
            ],
            [
              76.86992200192539,
              28.918302676902545
            ],
            [
              76.86394781921547,
              28.929845968137784
            ],
            [
              76.84892109957535,
              28.931080549169273
            ],
            [
              76.83987335566015,
              28.920770870268694
            ]
          ]
        ]
      },
      "properties": {
        "h3": "873da190dffffff",
        "run_id": "2026-10-09T00Z",
        "valid_hour": "2026-10-10T02:00Z",
        "lead_h": 26,
        "pm25": null,
        "pm25_p10": null,
        "pm25_p90": null,
        "fire_share": null,
        "fire_share_p10": null,
        "fire_share_p90": null,
        "top_sources": [],
        "hpbl_m": null
      }
    },
    {
      "type": "Feature",
      "geometry": {
        "type": "Polygon",
        "coordinates": [
          [
            [
              76.88875044543792,
              28.299979081898655
            ],
            [
              76.8946637257673,
              28.288518919658152
            ],
            [
              76.909543650566,
              28.287298116846745
            ],
            [
              76.91851499406934,
              28.297536510704
            ],
            [
              76.91260531684027,
              28.308998631880222
            ],
            [
              76.89772069181068,
              28.310220400546598
            ],
            [
              76.88875044543792,
              28.299979081898655
            ]
          ]
        ]
      },
      "properties": {
        "h3": "873da1cd8ffffff",
        "run_id": "2026-10-09T00Z",
        "valid_hour": "2026-10-10T02:00Z",
        "lead_h": 26,
        "pm25": null,
        "pm25_p10": null,
        "pm25_p90": null,
        "fire_share": null,
        "fire_share_p10": null,
        "fire_share_p90": null,
        "top_sources": [],
        "hpbl_m": null
      }
    },
    {
      "type": "Feature",
      "geometry": {
        "type": "Polygon",
        "coordinates": [
          [
            [
              76.89486362351603,
              28.343393187614865
            ],
            [
              76.90077963256776,
              28.331926971384576
            ],
            [
              76.91566896071217,
              28.33070423619339
            ],
            [
              76.92464698460708,
              28.340946750321198
            ],
            [
              76.91873458408081,
              28.352414925157824
            ],
            [
              76.90384054993515,
              28.353638627543816
            ],
            [
              76.89486362351603,
              28.343393187614865
            ]
          ]
        ]
      },
      "properties": {
        "h3": "873da1cceffffff",
        "run_id": "2026-10-09T00Z",
        "valid_hour": "2026-10-10T02:00Z",
        "lead_h": 26,
        "pm25": 250,
        "pm25_p10": 200,
        "pm25_p90": 313,
        "fire_share": 0.216,
        "fire_share_p10": 0.156,
        "fire_share_p90": 0.281,
        "top_sources": [
          {
            "district": "Sangrur",
            "share": 0.108
          },
          {
            "district": "Patiala",
            "share": 0.063
          },
          {
            "district": "Bathinda",
            "share": 0.045
          }
        ],
        "hpbl_m": 319
      }
    },
    {
      "type": "Feature",
      "geometry": {
        "type": "Polygon",
        "coordinates": [
          [
            [
              76.90404821624968,
              28.408552459605954
            ],
            [
              76.90996832209915,
              28.397077177271374
            ],
            [
              76.924871776917,
              28.395851538485342
            ],
            [
              76.9338598393592,
              28.40610021311252
            ],
            [
              76.9279433501949,
              28.417577453549953
            ],
            [
              76.91303518070097,
              28.41880406154144
            ],
            [
              76.90404821624968,
              28.408552459605954
            ]
          ]
        ]
      },
      "properties": {
        "h3": "873da1ce9ffffff",
        "run_id": "2026-10-09T00Z",
        "valid_hour": "2026-10-10T02:00Z",
        "lead_h": 26,
        "pm25": 256,
        "pm25_p10": 205,
        "pm25_p90": 320,
        "fire_share": 0.237,
        "fire_share_p10": 0.171,
        "fire_share_p90": 0.308,
        "top_sources": [
          {
            "district": "Sangrur",
            "share": 0.119
          },
          {
            "district": "Patiala",
            "share": 0.069
          },
          {
            "district": "Bathinda",
            "share": 0.049
          }
        ],
        "hpbl_m": 361
      }
    },
    {
      "type": "Feature",
      "geometry": {
        "type": "Polygon",
        "coordinates": [
          [
            [
              76.88933658150887,
              28.46472540582551
            ],
            [
              76.89526440967506,
              28.45324303512647
            ],
            [
              76.9101811839984,
              28.452017328972275
            ],
            [
              76.91917485247542,
              28.462273025586146
            ],
            [
              76.9132506453691,
              28.473757356069946
            ],
            [
              76.89832914752014,
              28.474984030439
            ],
            [
              76.88933658150887,
              28.46472540582551
            ]
          ]
        ]
      },
      "properties": {
        "h3": "873da1c5cffffff",
        "run_id": "2026-10-09T00Z",
        "valid_hour": "2026-10-10T02:00Z",
        "lead_h": 26,
        "pm25": 275,
        "pm25_p10": 220,
        "pm25_p90": 344,
        "fire_share": 0.247,
        "fire_share_p10": 0.178,
        "fire_share_p90": 0.321,
        "top_sources": [
          {
            "district": "Sangrur",
            "share": 0.124
          },
          {
            "district": "Patiala",
            "share": 0.072
          },
          {
            "district": "Bathinda",
            "share": 0.051
          }
        ],
        "hpbl_m": 390
      }
    },
    {
      "type": "Feature",
      "geometry": {
        "type": "Polygon",
        "coordinates": [
          [
            [
              76.8954652997232,
              28.508218474903387
            ],
            [
              76.90139587000462,
              28.4967300817898
            ],
            [
              76.91632209428455,
              28.495502438536892
            ],
            [
              76.92532247641402,
              28.505762219128844
            ],
            [
              76.91939553265816,
              28.517252571682338
            ],
            [
              76.90446457903934,
              28.51848118448823
            ],
            [
              76.8954652997232,
              28.508218474903387
            ]
          ]
        ]
      },
      "properties": {
        "h3": "873da1c41ffffff",
        "run_id": "2026-10-09T00Z",
        "valid_hour": "2026-10-10T02:00Z",
        "lead_h": 26,
        "pm25": 269,
        "pm25_p10": 215,
        "pm25_p90": 336,
        "fire_share": 0.25,
        "fire_share_p10": 0.18,
        "fire_share_p90": 0.325,
        "top_sources": [
          {
            "district": "Sangrur",
            "share": 0.125
          },
          {
            "district": "Patiala",
            "share": 0.073
          },
          {
            "district": "Bathinda",
            "share": 0.052
          }
        ],
        "hpbl_m": 405
      }
    },
    {
      "type": "Feature",
      "geometry": {
        "type": "Polygon",
        "coordinates": [
          [
            [
              76.9016019621456,
              28.55173174130636
            ],
            [
              76.90753527653754,
              28.540237333835375
            ],
            [
              76.9224709624058,
              28.539007750807276
            ],
            [
              76.93147806783456,
              28.54927160464325
            ],
            [
              76.92554838544577,
              28.56076797120428
            ],
            [
              76.91060796441495,
              28.561998525123947
            ],
            [
              76.9016019621456,
              28.55173174130636
            ]
          ]
        ]
      },
      "properties": {
        "h3": "873da1c68ffffff",
        "run_id": "2026-10-09T00Z",
        "valid_hour": "2026-10-10T02:00Z",
        "lead_h": 26,
        "pm25": 285,
        "pm25_p10": 228,
        "pm25_p90": 356,
        "fire_share": 0.246,
        "fire_share_p10": 0.177,
        "fire_share_p90": 0.32,
        "top_sources": [
          {
            "district": "Sangrur",
            "share": 0.123
          },
          {
            "district": "Patiala",
            "share": 0.072
          },
          {
            "district": "Bathinda",
            "share": 0.051
          }
        ],
        "hpbl_m": 364
      }
    },
    {
      "type": "Feature",
      "geometry": {
        "type": "Polygon",
        "coordinates": [
          [
            [
              76.88685645064511,
              28.607996256622933
            ],
            [
              76.8927975213506,
              28.596494803560375
            ],
            [
              76.90774658409127,
              28.59526516737671
            ],
            [
              76.91675931898232,
              28.605536014654596
            ],
            [
              76.910821884682,
              28.617039428482656
            ],
            [
              76.89586807787178,
              28.618270034551706
            ],
            [
              76.88685645064511,
              28.607996256622933
            ]
          ]
        ]
      },
      "properties": {
        "h3": "873da1891ffffff",
        "run_id": "2026-10-09T00Z",
        "valid_hour": "2026-10-10T02:00Z",
        "lead_h": 26,
        "pm25": 286,
        "pm25_p10": 229,
        "pm25_p90": 358,
        "fire_share": 0.27,
        "fire_share_p10": 0.194,
        "fire_share_p90": 0.351,
        "top_sources": [
          {
            "district": "Sangrur",
            "share": 0.135
          },
          {
            "district": "Patiala",
            "share": 0.079
          },
          {
            "district": "Bathinda",
            "share": 0.056
          }
        ],
        "hpbl_m": 313
      }
    },
    {
      "type": "Feature",
      "geometry": {
        "type": "Polygon",
        "coordinates": [
          [
            [
              76.89606996762639,
              28.67334601264292
            ],
            [
              76.90201517098885,
              28.661835570998154
            ],
            [
              76.91697847471393,
              28.660603023154252
            ],
            [
              76.92600132671015,
              28.67087994535041
            ],
            [
              76.92005976800839,
              28.682392347222184
            ],
            [
              76.90509171143275,
              28.683625866955758
            ],
            [
              76.89606996762639,
              28.67334601264292
            ]
          ]
        ]
      },
      "properties": {
        "h3": "873da1885ffffff",
        "run_id": "2026-10-09T00Z",
        "valid_hour": "2026-10-10T02:00Z",
        "lead_h": 26,
        "pm25": 284,
        "pm25_p10": 227,
        "pm25_p90": 355,
        "fire_share": 0.235,
        "fire_share_p10": 0.169,
        "fire_share_p90": 0.306,
        "top_sources": [
          {
            "district": "Sangrur",
            "share": 0.118
          },
          {
            "district": "Patiala",
            "share": 0.069
          },
          {
            "district": "Bathinda",
            "share": 0.049
          }
        ],
        "hpbl_m": 383
      }
    },
    {
      "type": "Feature",
      "geometry": {
        "type": "Polygon",
        "coordinates": [
          [
            [
              76.90222228939034,
              28.716937598867766
            ],
            [
              76.90817025036965,
              28.705421175057438
            ],
            [
              76.9231430627281,
              28.70418668276581
            ],
            [
              76.93217267160578,
              28.714467641343393
            ],
            [
              76.92622836080584,
              28.725986025015477
            ],
            [
              76.9112507897297,
              28.72722149053358
            ],
            [
              76.90222228939034,
              28.716937598867766
            ]
          ]
        ]
      },
      "properties": {
        "h3": "873da18acffffff",
        "run_id": "2026-10-09T00Z",
        "valid_hour": "2026-10-10T02:00Z",
        "lead_h": 26,
        "pm25": 279,
        "pm25_p10": 223,
        "pm25_p90": 349,
        "fire_share": 0.271,
        "fire_share_p10": 0.195,
        "fire_share_p90": 0.352,
        "top_sources": [
          {
            "district": "Sangrur",
            "share": 0.136
          },
          {
            "district": "Patiala",
            "share": 0.079
          },
          {
            "district": "Bathinda",
            "share": 0.056
          }
        ],
        "hpbl_m": 330
      }
    },
    {
      "type": "Feature",
      "geometry": {
        "type": "Polygon",
        "coordinates": [
          [
            [
              76.88744059911568,
              28.773307156550985
            ],
            [
              76.89339635490485,
              28.761783736437593
            ],
            [
              76.90838261083881,
              28.760549206365873
            ],
            [
              76.91741787745217,
              28.77083712448948
            ],
            [
              76.9114657762776,
              28.78236250613222
            ],
            [
              76.89647475265231,
              28.78359800840713
            ],
            [
              76.88744059911568,
              28.773307156550985
            ]
          ]
        ]
      },
      "properties": {
        "h3": "873da1815ffffff",
        "run_id": "2026-10-09T00Z",
        "valid_hour": "2026-10-10T02:00Z",
        "lead_h": 26,
        "pm25": 270,
        "pm25_p10": 216,
        "pm25_p90": 338,
        "fire_share": 0.247,
        "fire_share_p10": 0.178,
        "fire_share_p90": 0.321,
        "top_sources": [
          {
            "district": "Sangrur",
            "share": 0.124
          },
          {
            "district": "Patiala",
            "share": 0.072
          },
          {
            "district": "Bathinda",
            "share": 0.051
          }
        ],
        "hpbl_m": 350
      }
    },
    {
      "type": "Feature",
      "geometry": {
        "type": "Polygon",
        "coordinates": [
          [
            [
              76.89359662920337,
              28.81694665404278
            ],
            [
              76.89955515317902,
              28.805417271993186
            ],
            [
              76.91455094744187,
              28.804180796848012
            ],
            [
              76.9235929900906,
              28.814472730500487
            ],
            [
              76.9176381262716,
              28.8260040737063
            ],
            [
              76.90263755842228,
              28.827241522388938
            ],
            [
              76.89359662920337,
              28.81694665404278
            ]
          ]
        ]
      },
      "properties": {
        "h3": "873da1804ffffff",
        "run_id": "2026-10-09T00Z",
        "valid_hour": "2026-10-10T02:00Z",
        "lead_h": 26,
        "pm25": 275,
        "pm25_p10": 220,
        "pm25_p90": 344,
        "fire_share": 0.246,
        "fire_share_p10": 0.177,
        "fire_share_p90": 0.32,
        "top_sources": [
          {
            "district": "Sangrur",
            "share": 0.123
          },
          {
            "district": "Patiala",
            "share": 0.072
          },
          {
            "district": "Bathinda",
            "share": 0.051
          }
        ],
        "hpbl_m": 303
      }
    },
    {
      "type": "Feature",
      "geometry": {
        "type": "Polygon",
        "coordinates": [
          [
            [
              76.90284571076894,
              28.88244327373393
            ],
            [
              76.90880839082001,
              28.870904964340507
            ],
            [
              76.9238185146995,
              28.869665566580935
            ],
            [
              76.93287073974864,
              28.87996350296114
            ],
            [
              76.92691172818995,
              28.891503772941768
            ],
            [
              76.91189682186148,
              28.892744146241068
            ],
            [
              76.90284571076894,
              28.88244327373393
            ]
          ]
        ]
      },
      "properties": {
        "h3": "873da1952ffffff",
        "run_id": "2026-10-09T00Z",
        "valid_hour": "2026-10-10T02:00Z",
        "lead_h": 26,
        "pm25": 253,
        "pm25_p10": 202,
        "pm25_p90": 316,
        "fire_share": 0.222,
        "fire_share_p10": 0.16,
        "fire_share_p90": 0.289,
        "top_sources": [
          {
            "district": "Sangrur",
            "share": 0.111
          },
          {
            "district": "Patiala",
            "share": 0.065
          },
          {
            "district": "Bathinda",
            "share": 0.046
          }
        ],
        "hpbl_m": 380
      }
    },
    {
      "type": "Feature",
      "geometry": {
        "type": "Polygon",
        "coordinates": [
          [
            [
              76.90902181209401,
              28.9261325461752
            ],
            [
              76.91498726539348,
              28.914588295640737
            ],
            [
              76.93000695713043,
              28.913346946134084
            ],
            [
              76.93906598270806,
              28.92364887057321
            ],
            [
              76.93310420347332,
              28.93519508130934
            ],
            [
              76.91807972336574,
              28.936437407691123
            ],
            [
              76.90902181209401,
              28.9261325461752
            ]
          ]
        ]
      },
      "properties": {
        "h3": "873da1955ffffff",
        "run_id": "2026-10-09T00Z",
        "valid_hour": "2026-10-10T02:00Z",
        "lead_h": 26,
        "pm25": 241,
        "pm25_p10": 193,
        "pm25_p90": 301,
        "fire_share": 0.226,
        "fire_share_p10": 0.163,
        "fire_share_p90": 0.294,
        "top_sources": [
          {
            "district": "Sangrur",
            "share": 0.113
          },
          {
            "district": "Patiala",
            "share": 0.066
          },
          {
            "district": "Bathinda",
            "share": 0.047
          }
        ],
        "hpbl_m": 334
      }
    },
    {
      "type": "Feature",
      "geometry": {
        "type": "Polygon",
        "coordinates": [
          [
            [
              76.95725310195077,
              28.305323972766534
            ],
            [
              76.9631542061459,
              28.293860969729817
            ],
            [
              76.97803190632712,
              28.292632675480654
            ],
            [
              76.98701319800352,
              28.302866410408885
            ],
            [
              76.98111570553674,
              28.314331365997095
            ],
            [
              76.96623330847028,
              28.315560634390977
            ],
            [
              76.95725310195077,
              28.305323972766534
            ]
          ]
        ]
      },
      "properties": {
        "h3": "873da1560ffffff",
        "run_id": "2026-10-09T00Z",
        "valid_hour": "2026-10-10T02:00Z",
        "lead_h": 26,
        "pm25": 244,
        "pm25_p10": 195,
        "pm25_p90": 305,
        "fire_share": 0.219,
        "fire_share_p10": 0.158,
        "fire_share_p90": 0.285,
        "top_sources": [
          {
            "district": "Sangrur",
            "share": 0.11
          },
          {
            "district": "Patiala",
            "share": 0.064
          },
          {
            "district": "Bathinda",
            "share": 0.046
          }
        ],
        "hpbl_m": 396
      }
    },
    {
      "type": "Feature",
      "geometry": {
        "type": "Polygon",
        "coordinates": [
          [
            [
              76.96341058377888,
              28.348734443649715
            ],
            [
              76.96931439942858,
              28.33726538366457
            ],
            [
              76.98420149625913,
              28.33603514045074
            ],
            [
              76.99318947888843,
              28.346272982012472
            ],
            [
              76.98728928040615,
              28.357743994208466
            ],
            [
              76.9723974809301,
              28.35897521291764
            ],
            [
              76.96341058377888,
              28.348734443649715
            ]
          ]
        ]
      },
      "properties": {
        "h3": "873da1196ffffff",
        "run_id": "2026-10-09T00Z",
        "valid_hour": "2026-10-10T02:00Z",
        "lead_h": 26,
        "pm25": 256,
        "pm25_p10": 205,
        "pm25_p90": 320,
        "fire_share": 0.245,
        "fire_share_p10": 0.176,
        "fire_share_p90": 0.319,
        "top_sources": [
          {
            "district": "Sangrur",
            "share": 0.123
          },
          {
            "district": "Patiala",
            "share": 0.071
          },
          {
            "district": "Bathinda",
            "share": 0.051
          }
        ],
        "hpbl_m": 402
      }
    },
    {
      "type": "Feature",
      "geometry": {
        "type": "Polygon",
        "coordinates": [
          [
            [
              76.94876412266397,
              28.404871739281965
            ],
            [
              76.9546756306974,
              28.393395562639434
            ],
            [
              76.96957602583714,
              28.39216522651304
            ],
            [
              76.9785696232123,
              28.402410092788518
            ],
            [
              76.9726617367333,
              28.413888223318473
            ],
            [
              76.95775663012418,
              28.415119533971062
            ],
            [
              76.94876412266397,
              28.404871739281965
            ]
          ]
        ]
      },
      "properties": {
        "h3": "873da11b0ffffff",
        "run_id": "2026-10-09T00Z",
        "valid_hour": "2026-10-10T02:00Z",
        "lead_h": 26,
        "pm25": 269,
        "pm25_p10": 215,
        "pm25_p90": 336,
        "fire_share": 0.261,
        "fire_share_p10": 0.188,
        "fire_share_p90": 0.339,
        "top_sources": [
          {
            "district": "Sangrur",
            "share": 0.131
          },
          {
            "district": "Patiala",
            "share": 0.076
          },
          {
            "district": "Bathinda",
            "share": 0.054
          }
        ],
        "hpbl_m": 302
      }
    },
    {
      "type": "Feature",
      "geometry": {
        "type": "Polygon",
        "coordinates": [
          [
            [
              76.95492539264366,
              28.448330784067075
            ],
            [
              76.9608396224577,
              28.43684857001253
            ],
            [
              76.97574944342868,
              28.43561628415971
            ],
            [
              76.98474975063988,
              28.44586523677299
            ],
            [
              76.97883914784228,
              28.457349404366337
            ],
            [
              76.96392460961432,
              28.45858266609353
            ],
            [
              76.95492539264366,
              28.448330784067075
            ]
          ]
        ]
      },
      "properties": {
        "h3": "873da11a6ffffff",
        "run_id": "2026-10-09T00Z",
        "valid_hour": "2026-10-10T02:00Z",
        "lead_h": 26,
        "pm25": 277,
        "pm25_p10": 222,
        "pm25_p90": 346,
        "fire_share": 0.253,
        "fire_share_p10": 0.182,
        "fire_share_p90": 0.329,
        "top_sources": [
          {
            "district": "Sangrur",
            "share": 0.127
          },
          {
            "district": "Patiala",
            "share": 0.074
          },
          {
            "district": "Bathinda",
            "share": 0.053
          }
        ],
        "hpbl_m": 361
      }
    },
    {
      "type": "Feature",
      "geometry": {
        "type": "Polygon",
        "coordinates": [
          [
            [
              76.96418225991745,
              28.51355727480132
            ],
            [
              76.97010057607467,
              28.50206601965117
            ],
            [
              76.98502455751208,
              28.500830804152255
            ],
            [
              76.99403494754398,
              28.511085866192445
            ],
            [
              76.98812026661841,
              28.522579074349036
            ],
            [
              76.97319155922337,
              28.52381526774552
            ],
            [
              76.96418225991745,
              28.51355727480132
            ]
          ]
        ]
      },
      "properties": {
        "h3": "873da1c49ffffff",
        "run_id": "2026-10-09T00Z",
        "valid_hour": "2026-10-10T02:00Z",
        "lead_h": 26,
        "pm25": 292,
        "pm25_p10": 234,
        "pm25_p90": 365,
        "fire_share": 0.252,
        "fire_share_p10": 0.181,
        "fire_share_p90": 0.328,
        "top_sources": [
          {
            "district": "Sangrur",
            "share": 0.126
          },
          {
            "district": "Patiala",
            "share": 0.074
          },
          {
            "district": "Bathinda",
            "share": 0.053
          }
        ],
        "hpbl_m": 359
      }
    },
    {
      "type": "Feature",
      "geometry": {
        "type": "Polygon",
        "coordinates": [
          [
            [
              76.97036350205003,
              28.557066829599158
            ],
            [
              76.97628454488508,
              28.5455695571148
            ],
            [
              76.99121798114322,
              28.544332385146113
            ],
            [
              77.00023510512929,
              28.55459150670171
            ],
            [
              76.99431770301766,
              28.566090731831373
            ],
            [
              76.97937953498844,
              28.567328883047026
            ],
            [
              76.97036350205003,
              28.557066829599158
            ]
          ]
        ]
      },
      "properties": {
        "h3": "873da1130ffffff",
        "run_id": "2026-10-09T00Z",
        "valid_hour": "2026-10-10T02:00Z",
        "lead_h": 26,
        "pm25": 305,
        "pm25_p10": 244,
        "pm25_p90": 381,
        "fire_share": 0.251,
        "fire_share_p10": 0.181,
        "fire_share_p90": 0.326,
        "top_sources": [
          {
            "district": "Sangrur",
            "share": 0.126
          },
          {
            "district": "Patiala",
            "share": 0.073
          },
          {
            "district": "Bathinda",
            "share": 0.052
          }
        ],
        "hpbl_m": 362
      }
    },
    {
      "type": "Feature",
      "geometry": {
        "type": "Polygon",
        "coordinates": [
          [
            [
              76.95567715984056,
              28.61333809941832
            ],
            [
              76.9616059415219,
              28.601833770420058
            ],
            [
              76.97655275999182,
              28.60059652255187
            ],
            [
              76.98557553624677,
              28.610862625710784
            ],
            [
              76.97965039972011,
              28.622368909020082
            ],
            [
              76.96469884057215,
              28.623607135146102
            ],
            [
              76.95567715984056,
              28.61333809941832
            ]
          ]
        ]
      },
      "properties": {
        "h3": "873da1899ffffff",
        "run_id": "2026-10-09T00Z",
        "valid_hour": "2026-10-10T02:00Z",
        "lead_h": 26,
        "pm25": 304,
        "pm25_p10": 243,
        "pm25_p90": 380,
        "fire_share": 0.276,
        "fire_share_p10": 0.199,
        "fire_share_p90": 0.359,
        "top_sources": [
          {
            "district": "Sangrur",
            "share": 0.138
          },
          {
            "district": "Patiala",
            "share": 0.081
          },
          {
            "district": "Bathinda",
            "share": 0.058
          }
        ],
        "hpbl_m": 302
      }
    },
    {
      "type": "Feature",
      "geometry": {
        "type": "Polygon",
        "coordinates": [
          [
            [
              76.96186222768041,
              28.65689584730661
            ],
            [
              76.96779374645517,
              28.645385520888127
            ],
            [
              76.98275004920043,
              28.644146315830856
            ],
            [
              76.99177957847625,
              28.654416457874387
            ],
            [
              76.98585171037111,
              28.66592873823483
            ],
            [
              76.9708906611067,
              28.667168922896842
            ],
            [
              76.96186222768041,
              28.65689584730661
            ]
          ]
        ]
      },
      "properties": {
        "h3": "873da1888ffffff",
        "run_id": "2026-10-09T00Z",
        "valid_hour": "2026-10-10T02:00Z",
        "lead_h": 26,
        "pm25": 301,
        "pm25_p10": 241,
        "pm25_p90": 376,
        "fire_share": 0.279,
        "fire_share_p10": 0.201,
        "fire_share_p90": 0.363,
        "top_sources": [
          {
            "district": "Sangrur",
            "share": 0.14
          },
          {
            "district": "Patiala",
            "share": 0.081
          },
          {
            "district": "Bathinda",
            "share": 0.058
          }
        ],
        "hpbl_m": 348
      }
    },
    {
      "type": "Feature",
      "geometry": {
        "type": "Polygon",
        "coordinates": [
          [
            [
              76.94714632056096,
              28.713230272430927
            ],
            [
              76.9530856037933,
              28.701712920807207
            ],
            [
              76.96805532862355,
              28.700473652087652
            ],
            [
              76.97709052447068,
              28.710750756675623
            ],
            [
              76.97115489635578,
              28.722270063903498
            ],
            [
              76.95618041605888,
              28.723510311226065
            ],
            [
              76.94714632056096,
              28.713230272430927
            ]
          ]
        ]
      },
      "properties": {
        "h3": "873da18a9ffffff",
        "run_id": "2026-10-09T00Z",
        "valid_hour": "2026-10-10T02:00Z",
        "lead_h": 26,
        "pm25": 298,
        "pm25_p10": 238,
        "pm25_p90": 373,
        "fire_share": 0.277,
        "fire_share_p10": 0.199,
        "fire_share_p90": 0.36,
        "top_sources": [
          {
            "district": "Sangrur",
            "share": 0.139
          },
          {
            "district": "Patiala",
            "share": 0.081
          },
          {
            "district": "Bathinda",
            "share": 0.058
          }
        ],
        "hpbl_m": 334
      }
    },
    {
      "type": "Feature",
      "geometry": {
        "type": "Polygon",
        "coordinates": [
          [
            [
              76.95643267069866,
              28.778646403555985
            ],
            [
              76.96237607602478,
              28.76712008903916
            ],
            [
              76.97736007605711,
              28.76587788249406
            ],
            [
              76.98640543381663,
              28.77616101013343
            ],
            [
              76.98046569191986,
              28.78768927968711
            ],
            [
              76.96547692761351,
              28.78893246685197
            ],
            [
              76.95643267069866,
              28.778646403555985
            ]
          ]
        ]
      },
      "properties": {
        "h3": "873da181dffffff",
        "run_id": "2026-10-09T00Z",
        "valid_hour": "2026-10-10T02:00Z",
        "lead_h": 26,
        "pm25": 292,
        "pm25_p10": 234,
        "pm25_p90": 365,
        "fire_share": 0.292,
        "fire_share_p10": 0.21,
        "fire_share_p90": 0.38,
        "top_sources": [
          {
            "district": "Sangrur",
            "share": 0.146
          },
          {
            "district": "Patiala",
            "share": 0.085
          },
          {
            "district": "Bathinda",
            "share": 0.061
          }
        ],
        "hpbl_m": 359
      }
    },
    {
      "type": "Feature",
      "geometry": {
        "type": "Polygon",
        "coordinates": [
          [
            [
              76.96263364033014,
              28.822282110329223
            ],
            [
              76.96857979620246,
              28.81074983086746
            ],
            [
              76.9835733277239,
              28.80950566241036
            ],
            [
              76.99262547230883,
              28.81979279173799
            ],
            [
              76.98668298542225,
              28.83132702585219
            ],
            [
              76.97168468374205,
              28.832572176274113
            ],
            [
              76.96263364033014,
              28.822282110329223
            ]
          ]
        ]
      },
      "properties": {
        "h3": "873da180cffffff",
        "run_id": "2026-10-09T00Z",
        "valid_hour": "2026-10-10T02:00Z",
        "lead_h": 26,
        "pm25": 275,
        "pm25_p10": 220,
        "pm25_p90": 344,
        "fire_share": 0.262,
        "fire_share_p10": 0.189,
        "fire_share_p90": 0.341,
        "top_sources": [
          {
            "district": "Sangrur",
            "share": 0.131
          },
          {
            "district": "Patiala",
            "share": 0.076
          },
          {
            "district": "Bathinda",
            "share": 0.055
          }
        ],
        "hpbl_m": 381
      }
    },
    {
      "type": "Feature",
      "geometry": {
        "type": "Polygon",
        "coordinates": [
          [
            [
              76.94788170424594,
              28.878721206131125
            ],
            [
              76.95383566313178,
              28.867181951116542
            ],
            [
              76.96884268377907,
              28.865937734366806
            ],
            [
              76.97790052348732,
              28.876231791973243
            ],
            [
              76.97195023806873,
              28.887773003294686
            ],
            [
              76.95693843824812,
              28.889018200990375
            ],
            [
              76.94788170424594,
              28.878721206131125
            ]
          ]
        ]
      },
      "properties": {
        "h3": "873da182dffffff",
        "run_id": "2026-10-09T00Z",
        "valid_hour": "2026-10-10T02:00Z",
        "lead_h": 26,
        "pm25": 273,
        "pm25_p10": 218,
        "pm25_p90": 341,
        "fire_share": 0.254,
        "fire_share_p10": 0.183,
        "fire_share_p90": 0.33,
        "top_sources": [
          {
            "district": "Sangrur",
            "share": 0.127
          },
          {
            "district": "Patiala",
            "share": 0.074
          },
          {
            "district": "Bathinda",
            "share": 0.053
          }
        ],
        "hpbl_m": 383
      }
    },
    {
      "type": "Feature",
      "geometry": {
        "type": "Polygon",
        "coordinates": [
          [
            [
              76.95408651474695,
              28.92240461591716
            ],
            [
              76.96004323472906,
              28.910859416356836
            ],
            [
              76.97505981667811,
              28.909613237043985
            ],
            [
              76.98412446250246,
              28.919911275290893
            ],
            [
              76.97817142156754,
              28.931458430765808
            ],
            [
              76.9631500545323,
              28.932705592367135
            ],
            [
              76.95408651474695,
              28.92240461591716
            ]
          ]
        ]
      },
      "properties": {
        "h3": "873da195cffffff",
        "run_id": "2026-10-09T00Z",
        "valid_hour": "2026-10-10T02:00Z",
        "lead_h": 26,
        "pm25": 250,
        "pm25_p10": 200,
        "pm25_p90": 313,
        "fire_share": 0.27,
        "fire_share_p10": 0.194,
        "fire_share_p90": 0.351,
        "top_sources": [
          {
            "district": "Sangrur",
            "share": 0.135
          },
          {
            "district": "Patiala",
            "share": 0.079
          },
          {
            "district": "Bathinda",
            "share": 0.056
          }
        ],
        "hpbl_m": 310
      }
    },
    {
      "type": "Feature",
      "geometry": {
        "type": "Polygon",
        "coordinates": [
          [
            [
              77.02575675216785,
              28.310634214973287
            ],
            [
              77.03164566300973,
              28.29916839177641
            ],
            [
              77.04652109599135,
              28.297932607411916
            ],
            [
              77.05551231043736,
              28.308161664105366
            ],
            [
              77.04962701992125,
              28.319629433453695
            ],
            [
              77.03474689344043,
              28.320866200244765
            ],
            [
              77.02575675216785,
              28.310634214973287
            ]
          ]
        ]
      },
      "properties": {
        "h3": "873da1568ffffff",
        "run_id": "2026-10-09T00Z",
        "valid_hour": "2026-10-10T02:00Z",
        "lead_h": 26,
        "pm25": 251,
        "pm25_p10": 201,
        "pm25_p90": 314,
        "fire_share": 0.239,
        "fire_share_p10": 0.172,
        "fire_share_p90": 0.311,
        "top_sources": [
          {
            "district": "Sangrur",
            "share": 0.12
          },
          {
            "district": "Patiala",
            "share": 0.07
          },
          {
            "district": "Bathinda",
            "share": 0.05
          }
        ],
        "hpbl_m": 397
      }
    },
    {
      "type": "Feature",
      "geometry": {
        "type": "Polygon",
        "coordinates": [
          [
            [
              77.03195852140415,
              28.354040971031296
            ],
            [
              77.0378501264088,
              28.34256908796186
            ],
            [
              77.05273494926251,
              28.34133133806357
            ],
            [
              77.06173286516572,
              28.35156448773476
            ],
            [
              77.05584488593976,
              28.363038316603696
            ],
            [
              77.04095536383684,
              28.364277050289957
            ],
            [
              77.03195852140415,
              28.354040971031296
            ]
          ]
        ]
      },
      "properties": {
        "h3": "873da119effffff",
        "run_id": "2026-10-09T00Z",
        "valid_hour": "2026-10-10T02:00Z",
        "lead_h": 26,
        "pm25": 264,
        "pm25_p10": 211,
        "pm25_p90": 330,
        "fire_share": 0.271,
        "fire_share_p10": 0.195,
        "fire_share_p90": 0.352,
        "top_sources": [
          {
            "district": "Sangrur",
            "share": 0.136
          },
          {
            "district": "Patiala",
            "share": 0.079
          },
          {
            "district": "Bathinda",
            "share": 0.056
          }
        ],
        "hpbl_m": 328
      }
    },
    {
      "type": "Feature",
      "geometry": {
        "type": "Polygon",
        "coordinates": [
          [
            [
              77.01737090019824,
              28.41018489353249
            ],
            [
              77.02327018022218,
              28.39870588299584
            ],
            [
              77.03816830657203,
              28.397468017596996
            ],
            [
              77.04717185977228,
              28.407708180186688
            ],
            [
              77.04127620994288,
              28.419189138189633
            ],
            [
              77.0263733755201,
              28.420427986424365
            ],
            [
              77.01737090019824,
              28.41018489353249
            ]
          ]
        ]
      },
      "properties": {
        "h3": "873da1180ffffff",
        "run_id": "2026-10-09T00Z",
        "valid_hour": "2026-10-10T02:00Z",
        "lead_h": 26,
        "pm25": 284,
        "pm25_p10": 227,
        "pm25_p90": 355,
        "fire_share": 0.252,
        "fire_share_p10": 0.181,
        "fire_share_p90": 0.328,
        "top_sources": [
          {
            "district": "Sangrur",
            "share": 0.126
          },
          {
            "district": "Patiala",
            "share": 0.074
          },
          {
            "district": "Bathinda",
            "share": 0.053
          }
        ],
        "hpbl_m": 352
      }
    },
    {
      "type": "Feature",
      "geometry": {
        "type": "Polygon",
        "coordinates": [
          [
            [
              77.02357659325605,
              28.45364020007329
            ],
            [
              77.02947857769347,
              28.442155149185844
            ],
            [
              77.04438612307658,
              28.440915317435824
            ],
            [
              77.05339639667177,
              28.451159552666603
            ],
            [
              77.04749804790487,
              28.46264655066042
            ],
            [
              77.03258578867153,
              28.463887366605274
            ],
            [
              77.02357659325605,
              28.45364020007329
            ]
          ]
        ]
      },
      "properties": {
        "h3": "873da11aeffffff",
        "run_id": "2026-10-09T00Z",
        "valid_hour": "2026-10-10T02:00Z",
        "lead_h": 26,
        "pm25": 281,
        "pm25_p10": 225,
        "pm25_p90": 351,
        "fire_share": 0.254,
        "fire_share_p10": 0.183,
        "fire_share_p90": 0.33,
        "top_sources": [
          {
            "district": "Sangrur",
            "share": 0.127
          },
          {
            "district": "Patiala",
            "share": 0.074
          },
          {
            "district": "Bathinda",
            "share": 0.053
          }
        ],
        "hpbl_m": 385
      }
    },
    {
      "type": "Feature",
      "geometry": {
        "type": "Polygon",
        "coordinates": [
          [
            [
              77.00895974643304,
              28.50984780009482
            ],
            [
              77.01486943119849,
              28.49835565247062
            ],
            [
              77.02979031961235,
              28.497115717232408
            ],
            [
              77.03880624477048,
              28.507366946676186
            ],
            [
              77.03290020010786,
              28.51886104306996
            ],
            [
              77.01797458898,
              28.520101961538344
            ],
            [
              77.00895974643304,
              28.50984780009482
            ]
          ]
        ]
      },
      "properties": {
        "h3": "873da1110ffffff",
        "run_id": "2026-10-09T00Z",
        "valid_hour": "2026-10-10T02:00Z",
        "lead_h": 26,
        "pm25": 304,
        "pm25_p10": 243,
        "pm25_p90": 380,
        "fire_share": 0.288,
        "fire_share_p10": 0.207,
        "fire_share_p90": 0.374,
        "top_sources": [
          {
            "district": "Sangrur",
            "share": 0.144
          },
          {
            "district": "Patiala",
            "share": 0.084
          },
          {
            "district": "Bathinda",
            "share": 0.06
          }
        ],
        "hpbl_m": 420
      }
    },
    {
      "type": "Feature",
      "geometry": {
        "type": "Polygon",
        "coordinates": [
          [
            [
              77.01516935850111,
              28.55335147812201
            ],
            [
              77.02108175798647,
              28.54185330985352
            ],
            [
              77.03601209472947,
              28.540611407476785
            ],
            [
              77.04503475929951,
              28.550866689070247
            ],
            [
              77.0391260054161,
              28.562366805740446
            ],
            [
              77.02419094015428,
              28.56360969270384
            ],
            [
              77.01516935850111,
              28.55335147812201
            ]
          ]
        ]
      },
      "properties": {
        "h3": "873da1106ffffff",
        "run_id": "2026-10-09T00Z",
        "valid_hour": "2026-10-10T02:00Z",
        "lead_h": 26,
        "pm25": 308,
        "pm25_p10": 246,
        "pm25_p90": 385,
        "fire_share": 0.297,
        "fire_share_p10": 0.214,
        "fire_share_p90": 0.386,
        "top_sources": [
          {
            "district": "Sangrur",
            "share": 0.149
          },
          {
            "district": "Patiala",
            "share": 0.087
          },
          {
            "district": "Bathinda",
            "share": 0.062
          }
        ],
        "hpbl_m": 337
      }
    },
    {
      "type": "Feature",
      "geometry": {
        "type": "Polygon",
        "coordinates": [
          [
            [
              77.02449887653682,
              28.618644727189412
            ],
            [
              77.03041535173163,
              28.60713754311888
            ],
            [
              77.04535988275249,
              28.605892684946774
            ],
            [
              77.05439267461429,
              28.61615402451184
            ],
            [
              77.0484798532925,
              28.6276631564229
            ],
            [
              77.03353058502621,
              28.628909001217295
            ],
            [
              77.02449887653682,
              28.618644727189412
            ]
          ]
        ]
      },
      "properties": {
        "h3": "873da1121ffffff",
        "run_id": "2026-10-09T00Z",
        "valid_hour": "2026-10-10T02:00Z",
        "lead_h": 26,
        "pm25": 305,
        "pm25_p10": 244,
        "pm25_p90": 381,
        "fire_share": 0.266,
        "fire_share_p10": 0.192,
        "fire_share_p90": 0.346,
        "top_sources": [
          {
            "district": "Sangrur",
            "share": 0.133
          },
          {
            "district": "Patiala",
            "share": 0.078
          },
          {
            "district": "Bathinda",
            "share": 0.055
          }
        ],
        "hpbl_m": 363
      }
    },
    {
      "type": "Feature",
      "geometry": {
        "type": "Polygon",
        "coordinates": [
          [
            [
              77.03072864449736,
              28.66219865936598
            ],
            [
              77.03664783925225,
              28.650685474918227
            ],
            [
              77.05160184767799,
              28.649438642822755
            ],
            [
              77.06064140321305,
              28.65970400748439
            ],
            [
              77.05472586786023,
              28.67121913939227
            ],
            [
              77.03976711635842,
              28.672466959467716
            ],
            [
              77.03072864449736,
              28.66219865936598
            ]
          ]
        ]
      },
      "properties": {
        "h3": "873da18d0ffffff",
        "run_id": "2026-10-09T00Z",
        "valid_hour": "2026-10-10T02:00Z",
        "lead_h": 26,
        "pm25": 318,
        "pm25_p10": 254,
        "pm25_p90": 398,
        "fire_share": 0.293,
        "fire_share_p10": 0.211,
        "fire_share_p90": 0.381,
        "top_sources": [
          {
            "district": "Sangrur",
            "share": 0.147
          },
          {
            "district": "Patiala",
            "share": 0.085
          },
          {
            "district": "Bathinda",
            "share": 0.061
          }
        ],
        "hpbl_m": 381
      }
    },
    {
      "type": "Feature",
      "geometry": {
        "type": "Polygon",
        "coordinates": [
          [
            [
              77.0160721246653,
              28.71853976593269
            ],
            [
              77.02199906627148,
              28.707019545349954
            ],
            [
              77.03696650204402,
              28.70577262676416
            ],
            [
              77.04601174701844,
              28.71604494205488
            ],
            [
              77.04008846929155,
              28.727567111750172
            ],
            [
              77.02511628149553,
              28.728815017331275
            ],
            [
              77.0160721246653,
              28.71853976593269
            ]
          ]
        ]
      },
      "properties": {
        "h3": "873da18f1ffffff",
        "run_id": "2026-10-09T00Z",
        "valid_hour": "2026-10-10T02:00Z",
        "lead_h": 26,
        "pm25": 307,
        "pm25_p10": 246,
        "pm25_p90": 384,
        "fire_share": 0.285,
        "fire_share_p10": 0.205,
        "fire_share_p90": 0.371,
        "top_sources": [
          {
            "district": "Sangrur",
            "share": 0.143
          },
          {
            "district": "Patiala",
            "share": 0.083
          },
          {
            "district": "Bathinda",
            "share": 0.059
          }
        ],
        "hpbl_m": 410
      }
    },
    {
      "type": "Feature",
      "geometry": {
        "type": "Polygon",
        "coordinates": [
          [
            [
              77.02230585048648,
              28.762141685349455
            ],
            [
              77.02823552204842,
              28.750615484473464
            ],
            [
              77.04321246479584,
              28.749366591219523
            ],
            [
              77.05226449264568,
              28.75964291078062
            ],
            [
              77.0463384905155,
              28.771171060380883
            ],
            [
              77.03135678988612,
              28.772420941985274
            ],
            [
              77.02230585048648,
              28.762141685349455
            ]
          ]
        ]
      },
      "properties": {
        "h3": "873da18e0ffffff",
        "run_id": "2026-10-09T00Z",
        "valid_hour": "2026-10-10T02:00Z",
        "lead_h": 26,
        "pm25": 306,
        "pm25_p10": 245,
        "pm25_p90": 383,
        "fire_share": 0.251,
        "fire_share_p10": 0.181,
        "fire_share_p90": 0.326,
        "top_sources": [
          {
            "district": "Sangrur",
            "share": 0.126
          },
          {
            "district": "Patiala",
            "share": 0.073
          },
          {
            "district": "Bathinda",
            "share": 0.052
          }
        ],
        "hpbl_m": 368
      }
    },
    {
      "type": "Feature",
      "geometry": {
        "type": "Polygon",
        "coordinates": [
          [
            [
              77.03167164510008,
              28.82758196476443
            ],
            [
              77.03760541525243,
              28.816046808911292
            ],
            [
              77.05259664044789,
              28.814794948572573
            ],
            [
              77.06165886095944,
              28.825077253992998
            ],
            [
              77.0557287685903,
              28.836614357978615
            ],
            [
              77.04073277670551,
              28.83786720870141
            ],
            [
              77.03167164510008,
              28.82758196476443
            ]
          ]
        ]
      },
      "properties": {
        "h3": "873da1854ffffff",
        "run_id": "2026-10-09T00Z",
        "valid_hour": "2026-10-10T02:00Z",
        "lead_h": 26,
        "pm25": 286,
        "pm25_p10": 229,
        "pm25_p90": 358,
        "fire_share": 0.276,
        "fire_share_p10": 0.199,
        "fire_share_p90": 0.359,
        "top_sources": [
          {
            "district": "Sangrur",
            "share": 0.138
          },
          {
            "district": "Patiala",
            "share": 0.081
          },
          {
            "district": "Bathinda",
            "share": 0.058
          }
        ],
        "hpbl_m": 353
      }
    },
    {
      "type": "Feature",
      "geometry": {
        "type": "Polygon",
        "coordinates": [
          [
            [
              77.01697939325996,
              28.884027769082177
            ],
            [
              77.0229209486867,
              28.87248562668279
            ],
            [
              77.03792566830782,
              28.8712336950946
            ],
            [
              77.04699360698147,
              28.88152291681337
            ],
            [
              77.04105573384912,
              28.89306700898992
            ],
            [
              77.02604623852422,
              28.89431992996041
            ],
            [
              77.01697939325996,
              28.884027769082177
            ]
          ]
        ]
      },
      "properties": {
        "h3": "873da1875ffffff",
        "run_id": "2026-10-09T00Z",
        "valid_hour": "2026-10-10T02:00Z",
        "lead_h": 26,
        "pm25": 273,
        "pm25_p10": 218,
        "pm25_p90": 341,
        "fire_share": 0.267,
        "fire_share_p10": 0.192,
        "fire_share_p90": 0.347,
        "top_sources": [
          {
            "district": "Sangrur",
            "share": 0.134
          },
          {
            "district": "Patiala",
            "share": 0.078
          },
          {
            "district": "Bathinda",
            "share": 0.056
          }
        ],
        "hpbl_m": 343
      }
    },
    {
      "type": "Feature",
      "geometry": {
        "type": "Polygon",
        "coordinates": [
          [
            [
              77.02322926521673,
              28.927707283211404
            ],
            [
              77.02917356399728,
              28.916159193277256
            ],
            [
              77.04418783797578,
              28.91490528224789
            ],
            [
              77.05326259355316,
              28.92519847070728
            ],
            [
              77.04732198266133,
              28.936748510014944
            ],
            [
              77.03230292707673,
              28.938003411779917
            ],
            [
              77.02322926521673,
              28.927707283211404
            ]
          ]
        ]
      },
      "properties": {
        "h3": "873da1864ffffff",
        "run_id": "2026-10-09T00Z",
        "valid_hour": "2026-10-10T02:00Z",
        "lead_h": 26,
        "pm25": 264,
        "pm25_p10": 211,
        "pm25_p90": 330,
        "fire_share": 0.234,
        "fire_share_p10": 0.168,
        "fire_share_p90": 0.304,
        "top_sources": [
          {
            "district": "Sangrur",
            "share": 0.117
          },
          {
            "district": "Patiala",
            "share": 0.068
          },
          {
            "district": "Bathinda",
            "share": 0.049
          }
        ],
        "hpbl_m": 340
      }
    },
    {
      "type": "Feature",
      "geometry": {
        "type": "Polygon",
        "coordinates": [
          [
            [
              77.09114120229724,
              28.294215926432244
            ],
            [
              77.09701656494964,
              28.282750338084664
            ],
            [
              77.11188500096078,
              28.281508055024304
            ],
            [
              77.12088276033631,
              28.291730370586635
            ],
            [
              77.11501102384734,
              28.30319789884964
            ],
            [
              77.10013790062953,
              28.304441171924566
            ],
            [
              77.09114120229724,
              28.294215926432244
            ]
          ]
        ]
      },
      "properties": {
        "h3": "873da10b2ffffff",
        "run_id": "2026-10-09T00Z",
        "valid_hour": "2026-10-10T02:00Z",
        "lead_h": 26,
        "pm25": 250,
        "pm25_p10": 200,
        "pm25_p90": 313,
        "fire_share": 0.246,
        "fire_share_p10": 0.177,
        "fire_share_p90": 0.32,
        "top_sources": [
          {
            "district": "Sangrur",
            "share": 0.123
          },
          {
            "district": "Patiala",
            "share": 0.072
          },
          {
            "district": "Bathinda",
            "share": 0.051
          }
        ],
        "hpbl_m": 416
      }
    },
    {
      "type": "Feature",
      "geometry": {
        "type": "Polygon",
        "coordinates": [
          [
            [
              77.07661848626609,
              28.350323907145686
            ],
            [
              77.08250149407814,
              28.338851163269457
            ],
            [
              77.09738321223887,
              28.33760873931772
            ],
            [
              77.10638661739877,
              28.347838070447825
            ],
            [
              77.10050724017796,
              28.35931275590083
            ],
            [
              77.08562082601263,
              28.36055616893642
            ],
            [
              77.07661848626609,
              28.350323907145686
            ]
          ]
        ]
      },
      "properties": {
        "h3": "873da119bffffff",
        "run_id": "2026-10-09T00Z",
        "valid_hour": "2026-10-10T02:00Z",
        "lead_h": 26,
        "pm25": 274,
        "pm25_p10": 219,
        "pm25_p90": 343,
        "fire_share": 0.253,
        "fire_share_p10": 0.182,
        "fire_share_p90": 0.329,
        "top_sources": [
          {
            "district": "Sangrur",
            "share": 0.127
          },
          {
            "district": "Patiala",
            "share": 0.074
          },
          {
            "district": "Bathinda",
            "share": 0.053
          }
        ],
        "hpbl_m": 399
      }
    },
    {
      "type": "Feature",
      "geometry": {
        "type": "Polygon",
        "coordinates": [
          [
            [
              77.08597850205614,
              28.415463203065762
            ],
            [
              77.09186553686524,
              28.40398137937181
            ],
            [
              77.10676135166598,
              28.402735986115115
            ],
            [
              77.11577483509696,
              28.412971425704896
            ],
            [
              77.10989143909161,
              28.424455190428205
            ],
            [
              77.09499091965496,
              28.425701574822423
            ],
            [
              77.08597850205614,
              28.415463203065762
            ]
          ]
        ]
      },
      "properties": {
        "h3": "873da1188ffffff",
        "run_id": "2026-10-09T00Z",
        "valid_hour": "2026-10-10T02:00Z",
        "lead_h": 26,
        "pm25": 294,
        "pm25_p10": 235,
        "pm25_p90": 368,
        "fire_share": 0.253,
        "fire_share_p10": 0.182,
        "fire_share_p90": 0.329,
        "top_sources": [
          {
            "district": "Sangrur",
            "share": 0.127
          },
          {
            "district": "Patiala",
            "share": 0.074
          },
          {
            "district": "Bathinda",
            "share": 0.053
          }
        ],
        "hpbl_m": 357
      }
    },
    {
      "type": "Feature",
      "geometry": {
        "type": "Polygon",
        "coordinates": [
          [
            [
              77.09222860144055,
              28.4589146911515
            ],
            [
              77.0981183232721,
              28.44742682420256
            ],
            [
              77.11302355022686,
              28.446179447986033
            ],
            [
              77.12204376455419,
              28.45641894650167
            ],
            [
              77.11615768701623,
              28.467908754108727
            ],
            [
              77.10124774965863,
              28.469157122832463
            ],
            [
              77.09222860144055,
              28.4589146911515
            ]
          ]
        ]
      },
      "properties": {
        "h3": "873da1036ffffff",
        "run_id": "2026-10-09T00Z",
        "valid_hour": "2026-10-10T02:00Z",
        "lead_h": 26,
        "pm25": 300,
        "pm25_p10": 240,
        "pm25_p90": 375,
        "fire_share": 0.25,
        "fire_share_p10": 0.18,
        "fire_share_p90": 0.325,
        "top_sources": [
          {
            "district": "Sangrur",
            "share": 0.125
          },
          {
            "district": "Patiala",
            "share": 0.073
          },
          {
            "district": "Bathinda",
            "share": 0.052
          }
        ],
        "hpbl_m": 406
      }
    },
    {
      "type": "Feature",
      "geometry": {
        "type": "Polygon",
        "coordinates": [
          [
            [
              77.07767081026537,
              28.51512884510324
            ],
            [
              77.08356821492308,
              28.50363387060066
            ],
            [
              77.09848679001826,
              28.502386368224244
            ],
            [
              77.10751267851985,
              28.512632849081054
            ],
            [
              77.101618922617,
              28.52412976589513
            ],
            [
              77.08669562825547,
              28.525378259831133
            ],
            [
              77.07767081026537,
              28.51512884510324
            ]
          ]
        ]
      },
      "properties": {
        "h3": "873da1118ffffff",
        "run_id": "2026-10-09T00Z",
        "valid_hour": "2026-10-10T02:00Z",
        "lead_h": 26,
        "pm25": 309,
        "pm25_p10": 247,
        "pm25_p90": 386,
        "fire_share": 0.249,
        "fire_share_p10": 0.179,
        "fire_share_p90": 0.324,
        "top_sources": [
          {
            "district": "Sangrur",
            "share": 0.125
          },
          {
            "district": "Patiala",
            "share": 0.073
          },
          {
            "district": "Bathinda",
            "share": 0.052
          }
        ],
        "hpbl_m": 373
      }
    },
    {
      "type": "Feature",
      "geometry": {
        "type": "Polygon",
        "coordinates": [
          [
            [
              77.08392496491956,
              28.558628680958254
            ],
            [
              77.08982506683014,
              28.547127682892498
            ],
            [
              77.10475308335394,
              28.54587819671335
            ],
            [
              77.11378572182348,
              28.55612871596371
            ],
            [
              77.1078892741808,
              28.567631655961762
            ],
            [
              77.0929565325963,
              28.568882135067764
            ],
            [
              77.08392496491956,
              28.558628680958254
            ]
          ]
        ]
      },
      "properties": {
        "h3": "873da110effffff",
        "run_id": "2026-10-09T00Z",
        "valid_hour": "2026-10-10T02:00Z",
        "lead_h": 26,
        "pm25": 320,
        "pm25_p10": 256,
        "pm25_p90": 400,
        "fire_share": 0.261,
        "fire_share_p10": 0.188,
        "fire_share_p90": 0.339,
        "top_sources": [
          {
            "district": "Sangrur",
            "share": 0.131
          },
          {
            "district": "Patiala",
            "share": 0.076
          },
          {
            "district": "Bathinda",
            "share": 0.054
          }
        ],
        "hpbl_m": 316
      }
    },
    {
      "type": "Feature",
      "geometry": {
        "type": "Polygon",
        "coordinates": [
          [
            [
              77.06933801193401,
              28.61490630016584
            ],
            [
              77.07524582203172,
              28.603398225499337
            ],
            [
              77.09018722644254,
              28.602148625179616
            ],
            [
              77.09922555351218,
              28.61240610785014
            ],
            [
              77.09332140216041,
              28.623916126098827
            ],
            [
              77.0783752637851,
              28.625166718385188
            ],
            [
              77.06933801193401,
              28.61490630016584
            ]
          ]
        ]
      },
      "properties": {
        "h3": "873da1128ffffff",
        "run_id": "2026-10-09T00Z",
        "valid_hour": "2026-10-10T02:00Z",
        "lead_h": 26,
        "pm25": 318,
        "pm25_p10": 254,
        "pm25_p90": 398,
        "fire_share": 0.265,
        "fire_share_p10": 0.191,
        "fire_share_p90": 0.345,
        "top_sources": [
          {
            "district": "Sangrur",
            "share": 0.133
          },
          {
            "district": "Patiala",
            "share": 0.077
          },
          {
            "district": "Bathinda",
            "share": 0.055
          }
        ],
        "hpbl_m": 392
      }
    },
    {
      "type": "Feature",
      "geometry": {
        "type": "Polygon",
        "coordinates": [
          [
            [
              77.07559621757099,
              28.65845430318683
            ],
            [
              77.08150673520771,
              28.646940224833667
            ],
            [
              77.09645761045724,
              28.64568863989834
            ],
            [
              77.10550270664638,
              28.65595014027553
            ],
            [
              77.09959585329203,
              28.667466161823732
            ],
            [
              77.08464023825603,
              28.668718740090473
            ],
            [
              77.07559621757099,
              28.65845430318683
            ]
          ]
        ]
      },
      "properties": {
        "h3": "873da18deffffff",
        "run_id": "2026-10-09T00Z",
        "valid_hour": "2026-10-10T02:00Z",
        "lead_h": 26,
        "pm25": 320,
        "pm25_p10": 256,
        "pm25_p90": 400,
        "fire_share": 0.301,
        "fire_share_p10": 0.217,
        "fire_share_p90": 0.391,
        "top_sources": [
          {
            "district": "Sangrur",
            "share": 0.151
          },
          {
            "district": "Patiala",
            "share": 0.088
          },
          {
            "district": "Bathinda",
            "share": 0.063
          }
        ],
        "hpbl_m": 343
      }
    },
    {
      "type": "Feature",
      "geometry": {
        "type": "Polygon",
        "coordinates": [
          [
            [
              77.0849987645367,
              28.723813846547028
            ],
            [
              77.09091334706824,
              28.712290777970185
            ],
            [
              77.1058784504244,
              28.711036210992837
            ],
            [
              77.11493371857455,
              28.7213037175043
            ],
            [
              77.10902280865264,
              28.732828728686094
            ],
            [
              77.0940529567576,
              28.734084291042855
            ],
            [
              77.0849987645367,
              28.723813846547028
            ]
          ]
        ]
      },
      "properties": {
        "h3": "873da18c1ffffff",
        "run_id": "2026-10-09T00Z",
        "valid_hour": "2026-10-10T02:00Z",
        "lead_h": 26,
        "pm25": 317,
        "pm25_p10": 254,
        "pm25_p90": 396,
        "fire_share": 0.283,
        "fire_share_p10": 0.204,
        "fire_share_p90": 0.368,
        "top_sources": [
          {
            "district": "Sangrur",
            "share": 0.142
          },
          {
            "district": "Patiala",
            "share": 0.083
          },
          {
            "district": "Bathinda",
            "share": 0.059
          }
        ],
        "hpbl_m": 411
      }
    },
    {
      "type": "Feature",
      "geometry": {
        "type": "Polygon",
        "coordinates": [
          [
            [
              77.09127731107075,
              28.76741184563063
            ],
            [
              77.09719460592359,
              28.75588279382338
            ],
            [
              77.1121692092802,
              28.7546262354043
            ],
            [
              77.12123127095525,
              28.7648977323389
            ],
            [
              77.11531765427864,
              28.77642872635145
            ],
            [
              77.10033829653521,
              28.77768628151586
            ],
            [
              77.09127731107075,
              28.76741184563063
            ]
          ]
        ]
      },
      "properties": {
        "h3": "873da18e8ffffff",
        "run_id": "2026-10-09T00Z",
        "valid_hour": "2026-10-10T02:00Z",
        "lead_h": 26,
        "pm25": 311,
        "pm25_p10": 249,
        "pm25_p90": 389,
        "fire_share": 0.256,
        "fire_share_p10": 0.184,
        "fire_share_p90": 0.333,
        "top_sources": [
          {
            "district": "Sangrur",
            "share": 0.128
          },
          {
            "district": "Patiala",
            "share": 0.075
          },
          {
            "district": "Bathinda",
            "share": 0.053
          }
        ],
        "hpbl_m": 406
      }
    },
    {
      "type": "Feature",
      "geometry": {
        "type": "Polygon",
        "coordinates": [
          [
            [
              77.07665089587871,
              28.823822499039007
            ],
            [
              77.08257594550142,
              28.81228643169077
            ],
            [
              77.0975640214762,
              28.81102977611377
            ],
            [
              77.10663180998387,
              28.821308192411415
            ],
            [
              77.10071044306089,
              28.832846203604152
            ],
            [
              77.0857176037114,
              28.834103854946278
            ],
            [
              77.07665089587871,
              28.823822499039007
            ]
          ]
        ]
      },
      "properties": {
        "h3": "873da1851ffffff",
        "run_id": "2026-10-09T00Z",
        "valid_hour": "2026-10-10T02:00Z",
        "lead_h": 26,
        "pm25": 296,
        "pm25_p10": 237,
        "pm25_p90": 370,
        "fire_share": 0.299,
        "fire_share_p10": 0.215,
        "fire_share_p90": 0.389,
        "top_sources": [
          {
            "district": "Sangrur",
            "share": 0.15
          },
          {
            "district": "Patiala",
            "share": 0.087
          },
          {
            "district": "Bathinda",
            "share": 0.062
          }
        ],
        "hpbl_m": 327
      }
    },
    {
      "type": "Feature",
      "geometry": {
        "type": "Polygon",
        "coordinates": [
          [
            [
              77.08293353355485,
              28.86746827761031
            ],
            [
              77.0888613058739,
              28.855926247285453
            ],
            [
              77.10385891153472,
              28.854667599496583
            ],
            [
              77.11293351290574,
              28.864949985195974
            ],
            [
              77.1070094288767,
              28.87649395895778
            ],
            [
              77.09200705396529,
              28.87775360387517
            ],
            [
              77.08293353355485,
              28.86746827761031
            ]
          ]
        ]
      },
      "properties": {
        "h3": "873da1840ffffff",
        "run_id": "2026-10-09T00Z",
        "valid_hour": "2026-10-10T02:00Z",
        "lead_h": 26,
        "pm25": 284,
        "pm25_p10": 227,
        "pm25_p90": 355,
        "fire_share": 0.269,
        "fire_share_p10": 0.194,
        "fire_share_p90": 0.35,
        "top_sources": [
          {
            "district": "Sangrur",
            "share": 0.135
          },
          {
            "district": "Patiala",
            "share": 0.078
          },
          {
            "district": "Bathinda",
            "share": 0.056
          }
        ],
        "hpbl_m": 417
      }
    },
    {
      "type": "Feature",
      "geometry": {
        "type": "Polygon",
        "coordinates": [
          [
            [
              77.09237283587636,
              28.932974149617284
            ],
            [
              77.09830469585285,
              28.921423190432023
            ],
            [
              77.11331661809366,
              28.92016154921192
            ],
            [
              77.12240145721746,
              28.930449868295174
            ],
            [
              77.11647329393934,
              28.94200277029676
            ],
            [
              77.10145659361442,
              28.943265410691296
            ],
            [
              77.09237283587636,
              28.932974149617284
            ]
          ]
        ]
      },
      "properties": {
        "h3": "873da186cffffff",
        "run_id": "2026-10-09T00Z",
        "valid_hour": "2026-10-10T02:00Z",
        "lead_h": 26,
        "pm25": 268,
        "pm25_p10": 214,
        "pm25_p90": 335,
        "fire_share": 0.267,
        "fire_share_p10": 0.192,
        "fire_share_p90": 0.347,
        "top_sources": [
          {
            "district": "Sangrur",
            "share": 0.134
          },
          {
            "district": "Patiala",
            "share": 0.078
          },
          {
            "district": "Bathinda",
            "share": 0.056
          }
        ],
        "hpbl_m": 337
      }
    },
    {
      "type": "Feature",
      "geometry": {
        "type": "Polygon",
        "coordinates": [
          [
            [
              77.13888604207,
              28.312176157993946
            ],
            [
              77.14475414863904,
              28.30070669201612
            ],
            [
              77.15962414642424,
              28.29945875920618
            ],
            [
              77.16863072326272,
              28.309679296683324
            ],
            [
              77.1627662503685,
              28.321150698172257
            ],
            [
              77.14789156577174,
              28.322399626964252
            ],
            [
              77.13888604207,
              28.312176157993946
            ]
          ]
        ]
      },
      "properties": {
        "h3": "873da1086ffffff",
        "run_id": "2026-10-09T00Z",
        "valid_hour": "2026-10-10T02:00Z",
        "lead_h": 26,
        "pm25": 270,
        "pm25_p10": 216,
        "pm25_p90": 338,
        "fire_share": 0.235,
        "fire_share_p10": 0.169,
        "fire_share_p90": 0.306,
        "top_sources": [
          {
            "district": "Sangrur",
            "share": 0.118
          },
          {
            "district": "Patiala",
            "share": 0.069
          },
          {
            "district": "Bathinda",
            "share": 0.049
          }
        ],
        "hpbl_m": 363
      }
    },
    {
      "type": "Feature",
      "geometry": {
        "type": "Polygon",
        "coordinates": [
          [
            [
              77.1451602363792,
              28.355573165674077
            ],
            [
              77.15103100793057,
              28.34409763370921
            ],
            [
              77.16591038220317,
              28.342847708245618
            ],
            [
              77.17492367627567,
              28.35307231767734
            ],
            [
              77.16905654387304,
              28.364549784783343
            ],
            [
              77.15417247705781,
              28.365800707608205
            ],
            [
              77.1451602363792,
              28.355573165674077
            ]
          ]
        ]
      },
      "properties": {
        "h3": "873da10a3ffffff",
        "run_id": "2026-10-09T00Z",
        "valid_hour": "2026-10-10T02:00Z",
        "lead_h": 26,
        "pm25": 281,
        "pm25_p10": 225,
        "pm25_p90": 351,
        "fire_share": 0.258,
        "fire_share_p10": 0.186,
        "fire_share_p90": 0.335,
        "top_sources": [
          {
            "district": "Sangrur",
            "share": 0.129
          },
          {
            "district": "Patiala",
            "share": 0.075
          },
          {
            "district": "Bathinda",
            "share": 0.054
          }
        ],
        "hpbl_m": 383
      }
    },
    {
      "type": "Feature",
      "geometry": {
        "type": "Polygon",
        "coordinates": [
          [
            [
              77.15144253671463,
              28.39899043404162
            ],
            [
              77.15731597509827,
              28.387508844010085
            ],
            [
              77.1722047373255,
              28.386256923134173
            ],
            [
              77.18122475825945,
              28.396485593840918
            ],
            [
              77.17535496451029,
              28.407969118638537
            ],
            [
              77.1604615039992,
              28.40922203825543
            ],
            [
              77.15144253671463,
              28.39899043404162
            ]
          ]
        ]
      },
      "properties": {
        "h3": "873da1012ffffff",
        "run_id": "2026-10-09T00Z",
        "valid_hour": "2026-10-10T02:00Z",
        "lead_h": 26,
        "pm25": 293,
        "pm25_p10": 234,
        "pm25_p90": 366,
        "fire_share": 0.251,
        "fire_share_p10": 0.181,
        "fire_share_p90": 0.326,
        "top_sources": [
          {
            "district": "Sangrur",
            "share": 0.126
          },
          {
            "district": "Patiala",
            "share": 0.073
          },
          {
            "district": "Bathinda",
            "share": 0.052
          }
        ],
        "hpbl_m": 316
      }
    },
    {
      "type": "Feature",
      "geometry": {
        "type": "Polygon",
        "coordinates": [
          [
            [
              77.13694977861037,
              28.45516872411287
            ],
            [
              77.14283086981949,
              28.4436799983179
            ],
            [
              77.15773295864405,
              28.44242792582142
            ],
            [
              77.16675866218377,
              28.452663581597
            ],
            [
              77.16088122008227,
              28.464154243805982
            ],
            [
              77.14597442413644,
              28.465407314117243
            ],
            [
              77.13694977861037,
              28.45516872411287
            ]
          ]
        ]
      },
      "properties": {
        "h3": "873da1033ffffff",
        "run_id": "2026-10-09T00Z",
        "valid_hour": "2026-10-10T02:00Z",
        "lead_h": 26,
        "pm25": 309,
        "pm25_p10": 247,
        "pm25_p90": 386,
        "fire_share": 0.246,
        "fire_share_p10": 0.177,
        "fire_share_p90": 0.32,
        "top_sources": [
          {
            "district": "Sangrur",
            "share": 0.123
          },
          {
            "district": "Patiala",
            "share": 0.072
          },
          {
            "district": "Bathinda",
            "share": 0.051
          }
        ],
        "hpbl_m": 316
      }
    },
    {
      "type": "Feature",
      "geometry": {
        "type": "Polygon",
        "coordinates": [
          [
            [
              77.14323624364808,
              28.49863443671969
            ],
            [
              77.14912001182475,
              28.487139672419655
            ],
            [
              77.16403151777484,
              28.485885603605055
            ],
            [
              77.1730639672389,
              28.496125300190723
            ],
            [
              77.16718385367886,
              28.507622000521756
            ],
            [
              77.152267634839,
              28.50887706852839
            ],
            [
              77.14323624364808,
              28.49863443671969
            ]
          ]
        ]
      },
      "properties": {
        "h3": "873da1022ffffff",
        "run_id": "2026-10-09T00Z",
        "valid_hour": "2026-10-10T02:00Z",
        "lead_h": 26,
        "pm25": 316,
        "pm25_p10": 253,
        "pm25_p90": 395,
        "fire_share": 0.279,
        "fire_share_p10": 0.201,
        "fire_share_p90": 0.363,
        "top_sources": [
          {
            "district": "Sangrur",
            "share": 0.14
          },
          {
            "district": "Patiala",
            "share": 0.081
          },
          {
            "district": "Bathinda",
            "share": 0.058
          }
        ],
        "hpbl_m": 344
      }
    },
    {
      "type": "Feature",
      "geometry": {
        "type": "Polygon",
        "coordinates": [
          [
            [
              77.15268120755472,
              28.56387076232683
            ],
            [
              77.15856899467587,
              28.5523669553362
            ],
            [
              77.17349464796213,
              28.55110988687896
            ],
            [
              77.1825372344866,
              28.56135562444641
            ],
            [
              77.176653110268,
              28.57286136688409
            ],
            [
              77.16172273542004,
              28.574119436600142
            ],
            [
              77.15268120755472,
              28.56387076232683
            ]
          ]
        ]
      },
      "properties": {
        "h3": "873da1156ffffff",
        "run_id": "2026-10-09T00Z",
        "valid_hour": "2026-10-10T02:00Z",
        "lead_h": 26,
        "pm25": 320,
        "pm25_p10": 256,
        "pm25_p90": 400,
        "fire_share": 0.301,
        "fire_share_p10": 0.217,
        "fire_share_p90": 0.391,
        "top_sources": [
          {
            "district": "Sangrur",
            "share": 0.151
          },
          {
            "district": "Patiala",
            "share": 0.088
          },
          {
            "district": "Bathinda",
            "share": 0.063
          }
        ],
        "hpbl_m": 369
      }
    },
    {
      "type": "Feature",
      "geometry": {
        "type": "Polygon",
        "coordinates": [
          [
            [
              77.13815352671394,
              28.62015486192702
            ],
            [
              77.1440490043819,
              28.60864396751171
            ],
            [
              77.15898805058649,
              28.607386762158644
            ],
            [
              77.16803634838229,
              28.61763945119787
            ],
            [
              77.16214453812395,
              28.62915228270023
            ],
            [
              77.14720076145427,
              28.630410488368952
            ],
            [
              77.13815352671394,
              28.62015486192702
            ]
          ]
        ]
      },
      "properties": {
        "h3": "873da1170ffffff",
        "run_id": "2026-10-09T00Z",
        "valid_hour": "2026-10-10T02:00Z",
        "lead_h": 26,
        "pm25": 320,
        "pm25_p10": 256,
        "pm25_p90": 400,
        "fire_share": 0.294,
        "fire_share_p10": 0.212,
        "fire_share_p90": 0.382,
        "top_sources": [
          {
            "district": "Sangrur",
            "share": 0.147
          },
          {
            "district": "Patiala",
            "share": 0.086
          },
          {
            "district": "Bathinda",
            "share": 0.061
          }
        ],
        "hpbl_m": 352
      }
    },
    {
      "type": "Feature",
      "geometry": {
        "type": "Polygon",
        "coordinates": [
          [
            [
              77.14445639462213,
              28.66369891833358
            ],
            [
              77.15035456226174,
              28.65218201733271
            ],
            [
              77.16530307230093,
              28.650922810660642
            ],
            [
              77.17435814976895,
              28.661179503591338
            ],
            [
              77.16846365508937,
              28.672698341280775
            ],
            [
              77.15351040877367,
              28.673958549643995
            ],
            [
              77.14445639462213,
              28.66369891833358
            ]
          ]
        ]
      },
      "properties": {
        "h3": "873da1166ffffff",
        "run_id": "2026-10-09T00Z",
        "valid_hour": "2026-10-10T02:00Z",
        "lead_h": 26,
        "pm25": 320,
        "pm25_p10": 256,
        "pm25_p90": 400,
        "fire_share": 0.288,
        "fire_share_p10": 0.207,
        "fire_share_p90": 0.374,
        "top_sources": [
          {
            "district": "Sangrur",
            "share": 0.144
          },
          {
            "district": "Patiala",
            "share": 0.084
          },
          {
            "district": "Bathinda",
            "share": 0.06
          }
        ],
        "hpbl_m": 412
      }
    },
    {
      "type": "Feature",
      "geometry": {
        "type": "Polygon",
        "coordinates": [
          [
            [
              77.15076744347446,
              28.707262979965396
            ],
            [
              77.15666830296198,
              28.695740080535487
            ],
            [
              77.17162628846374,
              28.694478869793205
            ],
            [
              77.18068815536604,
              28.70473955570719
            ],
            [
              77.17479097440106,
              28.71626439142216
            ],
            [
              77.15982824680106,
              28.717526605231527
            ],
            [
              77.15076744347446,
              28.707262979965396
            ]
          ]
        ]
      },
      "properties": {
        "h3": "873da18cbffffff",
        "run_id": "2026-10-09T00Z",
        "valid_hour": "2026-10-10T02:00Z",
        "lead_h": 26,
        "pm25": 320,
        "pm25_p10": 256,
        "pm25_p90": 400,
        "fire_share": 0.302,
        "fire_share_p10": 0.217,
        "fire_share_p90": 0.393,
        "top_sources": [
          {
            "district": "Sangrur",
            "share": 0.151
          },
          {
            "district": "Patiala",
            "share": 0.088
          },
          {
            "district": "Bathinda",
            "share": 0.063
          }
        ],
        "hpbl_m": 348
      }
    },
    {
      "type": "Feature",
      "geometry": {
        "type": "Polygon",
        "coordinates": [
          [
            [
              77.13620666894374,
              28.763638286106318
            ],
            [
              77.14211525277977,
              28.75210834231677
            ],
            [
              77.15708668905587,
              28.750847008617836
            ],
            [
              77.16615429134167,
              28.76111461689325
            ],
            [
              77.16024939056372,
              28.77264649860148
            ],
            [
              77.14527320322809,
              28.77390883440882
            ],
            [
              77.13620666894374,
              28.763638286106318
            ]
          ]
        ]
      },
      "properties": {
        "h3": "873da1bb6ffffff",
        "run_id": "2026-10-09T00Z",
        "valid_hour": "2026-10-10T02:00Z",
        "lead_h": 26,
        "pm25": 320,
        "pm25_p10": 256,
        "pm25_p90": 400,
        "fire_share": 0.271,
        "fire_share_p10": 0.195,
        "fire_share_p90": 0.352,
        "top_sources": [
          {
            "district": "Sangrur",
            "share": 0.136
          },
          {
            "district": "Patiala",
            "share": 0.079
          },
          {
            "district": "Bathinda",
            "share": 0.056
          }
        ],
        "hpbl_m": 305
      }
    },
    {
      "type": "Feature",
      "geometry": {
        "type": "Polygon",
        "coordinates": [
          [
            [
              77.14568262496213,
              28.82906365609458
            ],
            [
              77.15159526269565,
              28.81752474794445
            ],
            [
              77.16658096092331,
              28.816260405860184
            ],
            [
              77.17565878003812,
              28.826533968051123
            ],
            [
              77.16974983374645,
              28.838074813500953
            ],
            [
              77.15475937568107,
              28.83934015975395
            ],
            [
              77.14568262496213,
              28.82906365609458
            ]
          ]
        ]
      },
      "properties": {
        "h3": "873da1859ffffff",
        "run_id": "2026-10-09T00Z",
        "valid_hour": "2026-10-10T02:00Z",
        "lead_h": 26,
        "pm25": 303,
        "pm25_p10": 242,
        "pm25_p90": 379,
        "fire_share": 0.268,
        "fire_share_p10": 0.193,
        "fire_share_p90": 0.348,
        "top_sources": [
          {
            "district": "Sangrur",
            "share": 0.134
          },
          {
            "district": "Patiala",
            "share": 0.078
          },
          {
            "district": "Bathinda",
            "share": 0.056
          }
        ],
        "hpbl_m": 412
      }
    },
    {
      "type": "Feature",
      "geometry": {
        "type": "Polygon",
        "coordinates": [
          [
            [
              77.15201020412215,
              28.87270540919864
            ],
            [
              77.15792554681596,
              28.861160535154685
            ],
            [
              77.17292076765035,
              28.859894184045963
            ],
            [
              77.18200541027456,
              28.870171701732552
            ],
            [
              77.17609376462703,
              28.881718512657276
            ],
            [
              77.16109377808976,
              28.88298586930884
            ],
            [
              77.15201020412215,
              28.87270540919864
            ]
          ]
        ]
      },
      "properties": {
        "h3": "873da1848ffffff",
        "run_id": "2026-10-09T00Z",
        "valid_hour": "2026-10-10T02:00Z",
        "lead_h": 26,
        "pm25": 301,
        "pm25_p10": 241,
        "pm25_p90": 376,
        "fire_share": 0.238,
        "fire_share_p10": 0.171,
        "fire_share_p90": 0.309,
        "top_sources": [
          {
            "district": "Sangrur",
            "share": 0.119
          },
          {
            "district": "Patiala",
            "share": 0.069
          },
          {
            "district": "Bathinda",
            "share": 0.05
          }
        ],
        "hpbl_m": 350
      }
    },
    {
      "type": "Feature",
      "geometry": {
        "type": "Polygon",
        "coordinates": [
          [
            [
              77.13741417779588,
              28.9291853167796
            ],
            [
              77.1433372830903,
              28.917633448003475
            ],
            [
              77.15834602195034,
              28.91636698899254
            ],
            [
              77.16743642902445,
              28.92665139448462
            ],
            [
              77.16151702534641,
              28.93820520176744
            ],
            [
              77.146503511755,
              28.93947266534544
            ],
            [
              77.13741417779588,
              28.9291853167796
            ]
          ]
        ]
      },
      "properties": {
        "h3": "873da1869ffffff",
        "run_id": "2026-10-09T00Z",
        "valid_hour": "2026-10-10T02:00Z",
        "lead_h": 26,
        "pm25": 274,
        "pm25_p10": 219,
        "pm25_p90": 343,
        "fire_share": 0.236,
        "fire_share_p10": 0.17,
        "fire_share_p90": 0.307,
        "top_sources": [
          {
            "district": "Sangrur",
            "share": 0.118
          },
          {
            "district": "Patiala",
            "share": 0.069
          },
          {
            "district": "Bathinda",
            "share": 0.049
          }
        ],
        "hpbl_m": 408
      }
    },
    {
      "type": "Feature",
      "geometry": {
        "type": "Polygon",
        "coordinates": [
          [
            [
              77.20422785862276,
              28.295705648910683
            ],
            [
              77.21008240618217,
              28.28423645578914
            ],
            [
              77.22494534400498,
              28.282982043091387
            ],
            [
              77.23395841354541,
              28.293195820262774
            ],
            [
              77.22810750543428,
              28.304666942644324
            ],
            [
              77.21323988714828,
              28.305922358887848
            ],
            [
              77.20422785862276,
              28.295705648910683
            ]
          ]
        ]
      },
      "properties": {
        "h3": "873da109dffffff",
        "run_id": "2026-10-09T00Z",
        "valid_hour": "2026-10-10T02:00Z",
        "lead_h": 26,
        "pm25": 258,
        "pm25_p10": 206,
        "pm25_p90": 323,
        "fire_share": 0.273,
        "fire_share_p10": 0.197,
        "fire_share_p90": 0.355,
        "top_sources": [
          {
            "district": "Sangrur",
            "share": 0.137
          },
          {
            "district": "Patiala",
            "share": 0.08
          },
          {
            "district": "Bathinda",
            "share": 0.057
          }
        ],
        "hpbl_m": 386
      }
    },
    {
      "type": "Feature",
      "geometry": {
        "type": "Polygon",
        "coordinates": [
          [
            [
              77.21370244348712,
              28.36078767276449
            ],
            [
              77.21956096181715,
              28.34930937345551
            ],
            [
              77.2344379496016,
              28.348051948035977
            ],
            [
              77.24346110690702,
              28.358271816588907
            ],
            [
              77.2376062362521,
              28.369752044587784
            ],
            [
              77.22272455942735,
              28.37101047563779
            ],
            [
              77.21370244348712,
              28.36078767276449
            ]
          ]
        ]
      },
      "properties": {
        "h3": "873da10abffffff",
        "run_id": "2026-10-09T00Z",
        "valid_hour": "2026-10-10T02:00Z",
        "lead_h": 26,
        "pm25": 289,
        "pm25_p10": 231,
        "pm25_p90": 361,
        "fire_share": 0.275,
        "fire_share_p10": 0.198,
        "fire_share_p90": 0.358,
        "top_sources": [
          {
            "district": "Sangrur",
            "share": 0.138
          },
          {
            "district": "Patiala",
            "share": 0.08
          },
          {
            "district": "Bathinda",
            "share": 0.057
          }
        ],
        "hpbl_m": 356
      }
    },
    {
      "type": "Feature",
      "geometry": {
        "type": "Polygon",
        "coordinates": [
          [
            [
              77.2200290320522,
              28.404200995089237
            ],
            [
              77.2258901998304,
              28.392716634880678
            ],
            [
              77.24077656855958,
              28.39145719750508
            ],
            [
              77.24980646309014,
              28.401681113611517
            ],
            [
              77.24394894848648,
              28.413167402123584
            ],
            [
              77.22905788498626,
              28.41442784652004
            ],
            [
              77.2200290320522,
              28.404200995089237
            ]
          ]
        ]
      },
      "properties": {
        "h3": "873da101affffff",
        "run_id": "2026-10-09T00Z",
        "valid_hour": "2026-10-10T02:00Z",
        "lead_h": 26,
        "pm25": 295,
        "pm25_p10": 236,
        "pm25_p90": 369,
        "fire_share": 0.29,
        "fire_share_p10": 0.209,
        "fire_share_p90": 0.377,
        "top_sources": [
          {
            "district": "Sangrur",
            "share": 0.145
          },
          {
            "district": "Patiala",
            "share": 0.085
          },
          {
            "district": "Bathinda",
            "share": 0.06
          }
        ],
        "hpbl_m": 337
      }
    },
    {
      "type": "Feature",
      "geometry": {
        "type": "Polygon",
        "coordinates": [
          [
            [
              77.20559529457954,
              28.46038563736435
            ],
            [
              77.21146409760854,
              28.448894130668023
            ],
            [
              77.22636379781646,
              28.447634519039582
            ],
            [
              77.23539939740836,
              28.457865408289894
            ],
            [
              77.22953425205574,
              28.469358844927676
            ],
            [
              77.21462984823992,
              28.470619462667813
            ],
            [
              77.20559529457954,
              28.46038563736435
            ]
          ]
        ]
      },
      "properties": {
        "h3": "873da1003ffffff",
        "run_id": "2026-10-09T00Z",
        "valid_hour": "2026-10-10T02:00Z",
        "lead_h": 26,
        "pm25": 313,
        "pm25_p10": 250,
        "pm25_p90": 391,
        "fire_share": 0.282,
        "fire_share_p10": 0.203,
        "fire_share_p90": 0.367,
        "top_sources": [
          {
            "district": "Sangrur",
            "share": 0.141
          },
          {
            "district": "Patiala",
            "share": 0.082
          },
          {
            "district": "Bathinda",
            "share": 0.059
          }
        ],
        "hpbl_m": 375
      }
    },
    {
      "type": "Feature",
      "geometry": {
        "type": "Polygon",
        "coordinates": [
          [
            [
              77.2119261836509,
              28.5038473797641
            ],
            [
              77.2177976461873,
              28.492349831715227
            ],
            [
              77.23270675648872,
              28.49108820716951
            ],
            [
              77.24174911242253,
              28.501323123467547
            ],
            [
              77.23588131308523,
              28.512822601063508
            ],
            [
              77.22096749341796,
              28.514085233108865
            ],
            [
              77.2119261836509,
              28.5038473797641
            ]
          ]
        ]
      },
      "properties": {
        "h3": "873da102affffff",
        "run_id": "2026-10-09T00Z",
        "valid_hour": "2026-10-10T02:00Z",
        "lead_h": 26,
        "pm25": 320,
        "pm25_p10": 256,
        "pm25_p90": 400,
        "fire_share": 0.26,
        "fire_share_p10": 0.187,
        "fire_share_p90": 0.338,
        "top_sources": [
          {
            "district": "Sangrur",
            "share": 0.13
          },
          {
            "district": "Patiala",
            "share": 0.076
          },
          {
            "district": "Bathinda",
            "share": 0.054
          }
        ],
        "hpbl_m": 409
      }
    },
    {
      "type": "Feature",
      "geometry": {
        "type": "Polygon",
        "coordinates": [
          [
            [
              77.19746366361142,
              28.560095694315045
            ],
            [
              77.20334278655243,
              28.54859103048343
            ],
            [
              77.21826526803099,
              28.547329243511385
            ],
            [
              77.22731334361079,
              28.557571114087352
            ],
            [
              77.22143788838774,
              28.569077709100505
            ],
            [
              77.20651068866634,
              28.570340502650467
            ],
            [
              77.19746366361142,
              28.560095694315045
            ]
          ]
        ]
      },
      "properties": {
        "h3": "873da1153ffffff",
        "run_id": "2026-10-09T00Z",
        "valid_hour": "2026-10-10T02:00Z",
        "lead_h": 26,
        "pm25": 320,
        "pm25_p10": 256,
        "pm25_p90": 400,
        "fire_share": 0.266,
        "fire_share_p10": 0.192,
        "fire_share_p90": 0.346,
        "top_sources": [
          {
            "district": "Sangrur",
            "share": 0.133
          },
          {
            "district": "Patiala",
            "share": 0.078
          },
          {
            "district": "Bathinda",
            "share": 0.055
          }
        ],
        "hpbl_m": 379
      }
    },
    {
      "type": "Feature",
      "geometry": {
        "type": "Polygon",
        "coordinates": [
          [
            [
              77.20379885006987,
              28.603605677135153
            ],
            [
              77.20968064263216,
              28.592094991682572
            ],
            [
              77.22461256348781,
              28.590831190861984
            ],
            [
              77.23366741460659,
              28.60107706782526
            ],
            [
              77.22778929530844,
              28.61258968405704
            ],
            [
              77.21285265042462,
              28.613854492841043
            ],
            [
              77.20379885006987,
              28.603605677135153
            ]
          ]
        ]
      },
      "properties": {
        "h3": "873da1142ffffff",
        "run_id": "2026-10-09T00Z",
        "valid_hour": "2026-10-10T02:00Z",
        "lead_h": 26,
        "pm25": 320,
        "pm25_p10": 256,
        "pm25_p90": 400,
        "fire_share": 0.322,
        "fire_share_p10": 0.232,
        "fire_share_p90": 0.419,
        "top_sources": [
          {
            "district": "Sangrur",
            "share": 0.161
          },
          {
            "district": "Patiala",
            "share": 0.094
          },
          {
            "district": "Bathinda",
            "share": 0.067
          }
        ],
        "hpbl_m": 388
      }
    },
    {
      "type": "Feature",
      "geometry": {
        "type": "Polygon",
        "coordinates": [
          [
            [
              77.21331703495741,
              28.668908215215648
            ],
            [
              77.21920283540075,
              28.657388512540578
            ],
            [
              77.23414893703301,
              28.656121685750875
            ],
            [
              77.24321396974139,
              28.666373551889034
            ],
            [
              77.23733185090407,
              28.677895184730403
            ],
            [
              77.2223810165464,
              28.679163021562612
            ],
            [
              77.21331703495741,
              28.668908215215648
            ]
          ]
        ]
      },
      "properties": {
        "h3": "873da116effffff",
        "run_id": "2026-10-09T00Z",
        "valid_hour": "2026-10-10T02:00Z",
        "lead_h": 26,
        "pm25": 320,
        "pm25_p10": 256,
        "pm25_p90": 400,
        "fire_share": 0.306,
        "fire_share_p10": 0.22,
        "fire_share_p90": 0.398,
        "top_sources": [
          {
            "district": "Sangrur",
            "share": 0.153
          },
          {
            "district": "Patiala",
            "share": 0.089
          },
          {
            "district": "Bathinda",
            "share": 0.064
          }
        ],
        "hpbl_m": 406
      }
    },
    {
      "type": "Feature",
      "geometry": {
        "type": "Polygon",
        "coordinates": [
          [
            [
              77.19881974669364,
              28.725261971896096
            ],
            [
              77.20471324531692,
              28.713735202140573
            ],
            [
              77.21967278477878,
              28.712468227642557
            ],
            [
              77.22874356607662,
              28.722727014091276
            ],
            [
              77.22285375361258,
              28.734255715639694
            ],
            [
              77.20788947248192,
              28.735523699241572
            ],
            [
              77.19881974669364,
              28.725261971896096
            ]
          ]
        ]
      },
      "properties": {
        "h3": "873da1b90ffffff",
        "run_id": "2026-10-09T00Z",
        "valid_hour": "2026-10-10T02:00Z",
        "lead_h": 26,
        "pm25": 320,
        "pm25_p10": 256,
        "pm25_p90": 400,
        "fire_share": 0.272,
        "fire_share_p10": 0.196,
        "fire_share_p90": 0.354,
        "top_sources": [
          {
            "district": "Sangrur",
            "share": 0.136
          },
          {
            "district": "Patiala",
            "share": 0.079
          },
          {
            "district": "Bathinda",
            "share": 0.057
          }
        ],
        "hpbl_m": 327
      }
    },
    {
      "type": "Feature",
      "geometry": {
        "type": "Polygon",
        "coordinates": [
          [
            [
              77.20517158080982,
              28.768849937676197
            ],
            [
              77.21106776200166,
              28.757317178502632
            ],
            [
              77.226036787714,
              28.75604818510513
            ],
            [
              77.23511437851997,
              28.766310940689138
            ],
            [
              77.22922188907533,
              28.7778456312378
            ],
            [
              77.2142481158658,
              28.77911563512284
            ],
            [
              77.20517158080982,
              28.768849937676197
            ]
          ]
        ]
      },
      "properties": {
        "h3": "873da1b86ffffff",
        "run_id": "2026-10-09T00Z",
        "valid_hour": "2026-10-10T02:00Z",
        "lead_h": 26,
        "pm25": 320,
        "pm25_p10": 256,
        "pm25_p90": 400,
        "fire_share": 0.304,
        "fire_share_p10": 0.219,
        "fire_share_p90": 0.395,
        "top_sources": [
          {
            "district": "Sangrur",
            "share": 0.152
          },
          {
            "district": "Patiala",
            "share": 0.089
          },
          {
            "district": "Bathinda",
            "share": 0.063
          }
        ],
        "hpbl_m": 332
      }
    },
    {
      "type": "Feature",
      "geometry": {
        "type": "Polygon",
        "coordinates": [
          [
            [
              77.21153167045375,
              28.81245780465239
            ],
            [
              77.21743053606669,
              28.80091906429296
            ],
            [
              77.23240905969148,
              28.799648049228388
            ],
            [
              77.24149346982541,
              28.80991476294748
            ],
            [
              77.23559830155982,
              28.82145543425924
            ],
            [
              77.22061502459907,
              28.82272746119545
            ],
            [
              77.21153167045375,
              28.81245780465239
            ]
          ]
        ]
      },
      "properties": {
        "h3": "873da1ba3ffffff",
        "run_id": "2026-10-09T00Z",
        "valid_hour": "2026-10-10T02:00Z",
        "lead_h": 26,
        "pm25": 308,
        "pm25_p10": 246,
        "pm25_p90": 385,
        "fire_share": 0.3,
        "fire_share_p10": 0.216,
        "fire_share_p90": 0.39,
        "top_sources": [
          {
            "district": "Sangrur",
            "share": 0.15
          },
          {
            "district": "Patiala",
            "share": 0.088
          },
          {
            "district": "Bathinda",
            "share": 0.063
          }
        ],
        "hpbl_m": 393
      }
    },
    {
      "type": "Feature",
      "geometry": {
        "type": "Polygon",
        "coordinates": [
          [
            [
              77.19700141432072,
              28.868902447179234
            ],
            [
              77.20290801196877,
              28.857356683120614
            ],
            [
              77.21790003157355,
              28.85608553428482
            ],
            [
              77.22699021465037,
              28.86635913888583
            ],
            [
              77.2210873189318,
              28.877906835517052
            ],
            [
              77.20609053698944,
              28.879178995270276
            ],
            [
              77.19700141432072,
              28.868902447179234
            ]
          ]
        ]
      },
      "properties": {
        "h3": "873da1b16ffffff",
        "run_id": "2026-10-09T00Z",
        "valid_hour": "2026-10-10T02:00Z",
        "lead_h": 26,
        "pm25": 298,
        "pm25_p10": 238,
        "pm25_p90": 373,
        "fire_share": 0.28,
        "fire_share_p10": 0.202,
        "fire_share_p90": 0.364,
        "top_sources": [
          {
            "district": "Sangrur",
            "share": 0.14
          },
          {
            "district": "Patiala",
            "share": 0.082
          },
          {
            "district": "Bathinda",
            "share": 0.058
          }
        ],
        "hpbl_m": 324
      }
    },
    {
      "type": "Feature",
      "geometry": {
        "type": "Polygon",
        "coordinates": [
          [
            [
              77.2065511614771,
              28.934393172512692
            ],
            [
              77.21246180184085,
              28.922838470241214
            ],
            [
              77.22746811725709,
              28.921564286580757
            ],
            [
              77.23656856223027,
              28.93184379249801
            ],
            [
              77.23066163223663,
              28.943400426694193
            ],
            [
              77.2156505456789,
              28.944675623344647
            ],
            [
              77.2065511614771,
              28.934393172512692
            ]
          ]
        ]
      },
      "properties": {
        "h3": "873da1b31ffffff",
        "run_id": "2026-10-09T00Z",
        "valid_hour": "2026-10-10T02:00Z",
        "lead_h": 26,
        "pm25": 282,
        "pm25_p10": 226,
        "pm25_p90": 353,
        "fire_share": 0.275,
        "fire_share_p10": 0.198,
        "fire_share_p90": 0.358,
        "top_sources": [
          {
            "district": "Sangrur",
            "share": 0.138
          },
          {
            "district": "Patiala",
            "share": 0.08
          },
          {
            "district": "Bathinda",
            "share": 0.057
          }
        ],
        "hpbl_m": 392
      }
    },
    {
      "type": "Feature",
      "geometry": {
        "type": "Polygon",
        "coordinates": [
          [
            [
              77.27270402480205,
              28.300891389684715
            ],
            [
              77.27854632832802,
              28.289419454187847
            ],
            [
              77.29340684767868,
              28.288157567923243
            ],
            [
              77.3024297392557,
              28.298366605660398
            ],
            [
              77.29659108365286,
              28.309840463967554
            ],
            [
              77.28172588736578,
              28.31110336202282
            ],
            [
              77.27270402480205,
              28.300891389684715
            ]
          ]
        ]
      },
      "properties": {
        "h3": "873da1725ffffff",
        "run_id": "2026-10-09T00Z",
        "valid_hour": "2026-10-10T02:00Z",
        "lead_h": 26,
        "pm25": 256,
        "pm25_p10": 205,
        "pm25_p90": 320,
        "fire_share": 0.225,
        "fire_share_p10": 0.162,
        "fire_share_p90": 0.293,
        "top_sources": [
          {
            "district": "Sangrur",
            "share": 0.113
          },
          {
            "district": "Patiala",
            "share": 0.066
          },
          {
            "district": "Bathinda",
            "share": 0.047
          }
        ],
        "hpbl_m": 310
      }
    },
    {
      "type": "Feature",
      "geometry": {
        "type": "Polygon",
        "coordinates": [
          [
            [
              77.25833885203559,
              28.357011555493173
            ],
            [
              77.26418875271371,
              28.345532434059542
            ],
            [
              77.27906256425675,
              28.344270346465507
            ],
            [
              77.2880911596641,
              28.354486369694705
            ],
            [
              77.2822449114111,
              28.365967415573962
            ],
            [
              77.26736641413798,
              28.36723051407376
            ],
            [
              77.25833885203559,
              28.357011555493173
            ]
          ]
        ]
      },
      "properties": {
        "h3": "873da10f2ffffff",
        "run_id": "2026-10-09T00Z",
        "valid_hour": "2026-10-10T02:00Z",
        "lead_h": 26,
        "pm25": 273,
        "pm25_p10": 218,
        "pm25_p90": 341,
        "fire_share": 0.247,
        "fire_share_p10": 0.178,
        "fire_share_p90": 0.321,
        "top_sources": [
          {
            "district": "Sangrur",
            "share": 0.124
          },
          {
            "district": "Patiala",
            "share": 0.072
          },
          {
            "district": "Bathinda",
            "share": 0.051
          }
        ],
        "hpbl_m": 357
      }
    },
    {
      "type": "Feature",
      "geometry": {
        "type": "Polygon",
        "coordinates": [
          [
            [
              77.26469358871738,
              28.400418834584205
            ],
            [
              77.27054612694309,
              28.38893364905968
            ],
            [
              77.285429312806,
              28.387669538955468
            ],
            [
              77.29446465070555,
              28.397889602368345
            ],
            [
              77.28861577041144,
              28.409376711945367
            ],
            [
              77.27372789309646,
              28.41064183435278
            ],
            [
              77.26469358871738,
              28.400418834584205
            ]
          ]
        ]
      },
      "properties": {
        "h3": "873da10f5ffffff",
        "run_id": "2026-10-09T00Z",
        "valid_hour": "2026-10-10T02:00Z",
        "lead_h": 26,
        "pm25": 289,
        "pm25_p10": 231,
        "pm25_p90": 361,
        "fire_share": 0.238,
        "fire_share_p10": 0.171,
        "fire_share_p90": 0.309,
        "top_sources": [
          {
            "district": "Sangrur",
            "share": 0.119
          },
          {
            "district": "Patiala",
            "share": 0.069
          },
          {
            "district": "Bathinda",
            "share": 0.05
          }
        ],
        "hpbl_m": 339
      }
    },
    {
      "type": "Feature",
      "geometry": {
        "type": "Polygon",
        "coordinates": [
          [
            [
              77.27424109542615,
              28.465567603913385
            ],
            [
              77.28009759333048,
              28.454073337160825
            ],
            [
              77.29499486214641,
              28.452806188050257
            ],
            [
              77.30404033191908,
              28.463032291588416
            ],
            [
              77.29818750022844,
              28.474528481794334
            ],
            [
              77.28328553135854,
              28.4757966453051
            ],
            [
              77.27424109542615,
              28.465567603913385
            ]
          ]
        ]
      },
      "properties": {
        "h3": "873da100bffffff",
        "run_id": "2026-10-09T00Z",
        "valid_hour": "2026-10-10T02:00Z",
        "lead_h": 26,
        "pm25": 309,
        "pm25_p10": 247,
        "pm25_p90": 386,
        "fire_share": 0.3,
        "fire_share_p10": 0.216,
        "fire_share_p90": 0.39,
        "top_sources": [
          {
            "district": "Sangrur",
            "share": 0.15
          },
          {
            "district": "Patiala",
            "share": 0.088
          },
          {
            "district": "Bathinda",
            "share": 0.063
          }
        ],
        "hpbl_m": 322
      }
    },
    {
      "type": "Feature",
      "geometry": {
        "type": "Polygon",
        "coordinates": [
          [
            [
              77.28061639070131,
              28.509025295933114
            ],
            [
              77.28647553062977,
              28.497524985015254
            ],
            [
              77.301382202426,
              28.496255806405028
            ],
            [
              77.31043443889999,
              28.506485923210633
            ],
            [
              77.30457897072161,
              28.517988157176106
            ],
            [
              77.28966759312414,
              28.519258351585126
            ],
            [
              77.28061639070131,
              28.509025295933114
            ]
          ]
        ]
      },
      "properties": {
        "h3": "873da1072ffffff",
        "run_id": "2026-10-09T00Z",
        "valid_hour": "2026-10-10T02:00Z",
        "lead_h": 26,
        "pm25": 309,
        "pm25_p10": 247,
        "pm25_p90": 386,
        "fire_share": 0.268,
        "fire_share_p10": 0.193,
        "fire_share_p90": 0.348,
        "top_sources": [
          {
            "district": "Sangrur",
            "share": 0.134
          },
          {
            "district": "Patiala",
            "share": 0.078
          },
          {
            "district": "Bathinda",
            "share": 0.056
          }
        ],
        "hpbl_m": 394
      }
    },
    {
      "type": "Feature",
      "geometry": {
        "type": "Polygon",
        "coordinates": [
          [
            [
              77.2662131066851,
              28.565279888539195
            ],
            [
              77.27207988930537,
              28.553772451107594
            ],
            [
              77.28699993708065,
              28.552503087355763
            ],
            [
              77.29605791571471,
              28.562740146437925
            ],
            [
              77.29019480939216,
              28.574249508541595
            ],
            [
              77.27527004693931,
              28.57551988718757
            ],
            [
              77.2662131066851,
              28.565279888539195
            ]
          ]
        ]
      },
      "properties": {
        "h3": "873da115bffffff",
        "run_id": "2026-10-09T00Z",
        "valid_hour": "2026-10-10T02:00Z",
        "lead_h": 26,
        "pm25": 320,
        "pm25_p10": 256,
        "pm25_p90": 400,
        "fire_share": 0.301,
        "fire_share_p10": 0.217,
        "fire_share_p90": 0.391,
        "top_sources": [
          {
            "district": "Sangrur",
            "share": 0.151
          },
          {
            "district": "Patiala",
            "share": 0.088
          },
          {
            "district": "Bathinda",
            "share": 0.063
          }
        ],
        "hpbl_m": 368
      }
    },
    {
      "type": "Feature",
      "geometry": {
        "type": "Polygon",
        "coordinates": [
          [
            [
              77.27259283573594,
              28.608785796517665
            ],
            [
              77.27846227041759,
              28.59727233463775
            ],
            [
              77.29339175043407,
              28.596000940399595
            ],
            [
              77.3024565150204,
              28.60624199204801
            ],
            [
              77.29659076219637,
              28.617757378186266
            ],
            [
              77.28165656172771,
              28.619029788714712
            ],
            [
              77.27259283573594,
              28.608785796517665
            ]
          ]
        ]
      },
      "properties": {
        "h3": "873da114affffff",
        "run_id": "2026-10-09T00Z",
        "valid_hour": "2026-10-10T02:00Z",
        "lead_h": 26,
        "pm25": 320,
        "pm25_p10": 256,
        "pm25_p90": 400,
        "fire_share": 0.316,
        "fire_share_p10": 0.228,
        "fire_share_p90": 0.411,
        "top_sources": [
          {
            "district": "Sangrur",
            "share": 0.158
          },
          {
            "district": "Patiala",
            "share": 0.092
          },
          {
            "district": "Bathinda",
            "share": 0.066
          }
        ],
        "hpbl_m": 352
      }
    },
    {
      "type": "Feature",
      "geometry": {
        "type": "Polygon",
        "coordinates": [
          [
            [
              77.2581608358308,
              28.66510384790359
            ],
            [
              77.26403793840817,
              28.65358329043701
            ],
            [
              77.27898083431342,
              28.65231172289035
            ],
            [
              77.28805135580599,
              28.662559697733876
            ],
            [
              77.28217793965119,
              28.67408218107977
            ],
            [
              77.26723031437702,
              28.675354763999547
            ],
            [
              77.2581608358308,
              28.66510384790359
            ]
          ]
        ]
      },
      "properties": {
        "h3": "873da116bffffff",
        "run_id": "2026-10-09T00Z",
        "valid_hour": "2026-10-10T02:00Z",
        "lead_h": 26,
        "pm25": 320,
        "pm25_p10": 256,
        "pm25_p90": 400,
        "fire_share": 0.308,
        "fire_share_p10": 0.222,
        "fire_share_p90": 0.4,
        "top_sources": [
          {
            "district": "Sangrur",
            "share": 0.154
          },
          {
            "district": "Patiala",
            "share": 0.09
          },
          {
            "district": "Bathinda",
            "share": 0.064
          }
        ],
        "hpbl_m": 338
      }
    },
    {
      "type": "Feature",
      "geometry": {
        "type": "Polygon",
        "coordinates": [
          [
            [
              77.26454499607406,
              28.70865779058051
            ],
            [
              77.27042476080466,
              28.697131228567102
            ],
            [
              77.28537711834753,
              28.69585762957743
            ],
            [
              77.29445444512444,
              28.706109576131524
            ],
            [
              77.2885783724,
              28.71763806360259
            ],
            [
              77.27362127968611,
              28.71891267935903
            ],
            [
              77.26454499607406,
              28.70865779058051
            ]
          ]
        ]
      },
      "properties": {
        "h3": "873da1b9affffff",
        "run_id": "2026-10-09T00Z",
        "valid_hour": "2026-10-10T02:00Z",
        "lead_h": 26,
        "pm25": 320,
        "pm25_p10": 256,
        "pm25_p90": 400,
        "fire_share": 0.299,
        "fire_share_p10": 0.215,
        "fire_share_p90": 0.389,
        "top_sources": [
          {
            "district": "Sangrur",
            "share": 0.15
          },
          {
            "district": "Patiala",
            "share": 0.087
          },
          {
            "district": "Bathinda",
            "share": 0.062
          }
        ],
        "hpbl_m": 366
      }
    },
    {
      "type": "Feature",
      "geometry": {
        "type": "Polygon",
        "coordinates": [
          [
            [
              77.27413678143824,
              28.77402607393467
            ],
            [
              77.28002054280313,
              28.762490520451838
            ],
            [
              77.29498711457644,
              28.76121386907075
            ],
            [
              77.30407466766883,
              28.77147175261212
            ],
            [
              77.29819460670826,
              28.783009230910693
            ],
            [
              77.28322329104142,
              28.784286901149883
            ],
            [
              77.27413678143824,
              28.77402607393467
            ]
          ]
        ]
      },
      "properties": {
        "h3": "873da1b8effffff",
        "run_id": "2026-10-09T00Z",
        "valid_hour": "2026-10-10T02:00Z",
        "lead_h": 26,
        "pm25": 320,
        "pm25_p10": 256,
        "pm25_p90": 400,
        "fire_share": 0.278,
        "fire_share_p10": 0.2,
        "fire_share_p90": 0.361,
        "top_sources": [
          {
            "district": "Sangrur",
            "share": 0.139
          },
          {
            "district": "Patiala",
            "share": 0.081
          },
          {
            "district": "Bathinda",
            "share": 0.058
          }
        ],
        "hpbl_m": 305
      }
    },
    {
      "type": "Feature",
      "geometry": {
        "type": "Polygon",
        "coordinates": [
          [
            [
              77.28054169168142,
              28.817629786380667
            ],
            [
              77.28642811973897,
              28.806088248866594
            ],
            [
              77.30140418221202,
              28.80480955907197
            ],
            [
              77.3104985651372,
              28.81507138683668
            ],
            [
              77.30461584309803,
              28.82661484873229
            ],
            [
              77.28963503090354,
              28.827894558779793
            ],
            [
              77.28054169168142,
              28.817629786380667
            ]
          ]
        ]
      },
      "properties": {
        "h3": "873da1babffffff",
        "run_id": "2026-10-09T00Z",
        "valid_hour": "2026-10-10T02:00Z",
        "lead_h": 26,
        "pm25": 315,
        "pm25_p10": 252,
        "pm25_p90": 394,
        "fire_share": 0.293,
        "fire_share_p10": 0.211,
        "fire_share_p90": 0.381,
        "top_sources": [
          {
            "district": "Sangrur",
            "share": 0.147
          },
          {
            "district": "Patiala",
            "share": 0.085
          },
          {
            "district": "Bathinda",
            "share": 0.061
          }
        ],
        "hpbl_m": 396
      }
    },
    {
      "type": "Feature",
      "geometry": {
        "type": "Polygon",
        "coordinates": [
          [
            [
              77.26607122452496,
              28.874080757927413
            ],
            [
              77.27196536665645,
              28.86253218586281
            ],
            [
              77.28695492997917,
              28.861253339340674
            ],
            [
              77.29605510867742,
              28.871522045865298
            ],
            [
              77.29016467717581,
              28.883072543921745
            ],
            [
              77.27517035513073,
              28.884352409759636
            ],
            [
              77.26607122452496,
              28.874080757927413
            ]
          ]
        ]
      },
      "properties": {
        "h3": "873da1b1effffff",
        "run_id": "2026-10-09T00Z",
        "valid_hour": "2026-10-10T02:00Z",
        "lead_h": 26,
        "pm25": 287,
        "pm25_p10": 230,
        "pm25_p90": 359,
        "fire_share": 0.248,
        "fire_share_p10": 0.179,
        "fire_share_p90": 0.322,
        "top_sources": [
          {
            "district": "Sangrur",
            "share": 0.124
          },
          {
            "district": "Patiala",
            "share": 0.072
          },
          {
            "district": "Bathinda",
            "share": 0.052
          }
        ],
        "hpbl_m": 380
      }
    },
    {
      "type": "Feature",
      "geometry": {
        "type": "Polygon",
        "coordinates": [
          [
            [
              77.27248060972754,
              28.91773211577188
            ],
            [
              77.27837742872994,
              28.90617757995439
            ],
            [
              77.29337651242398,
              28.90489669410468
            ],
            [
              77.30248354047619,
              28.915169323662756
            ],
            [
              77.29659043774168,
              28.92672578502998
            ],
            [
              77.28158658946951,
              28.928007691587695
            ],
            [
              77.27248060972754,
              28.91773211577188
            ]
          ]
        ]
      },
      "properties": {
        "h3": "873da1b03ffffff",
        "run_id": "2026-10-09T00Z",
        "valid_hour": "2026-10-10T02:00Z",
        "lead_h": 26,
        "pm25": 287,
        "pm25_p10": 230,
        "pm25_p90": 359,
        "fire_share": 0.252,
        "fire_share_p10": 0.181,
        "fire_share_p90": 0.328,
        "top_sources": [
          {
            "district": "Sangrur",
            "share": 0.126
          },
          {
            "district": "Patiala",
            "share": 0.074
          },
          {
            "district": "Bathinda",
            "share": 0.053
          }
        ],
        "hpbl_m": 357
      }
    },
    {
      "type": "Feature",
      "geometry": {
        "type": "Polygon",
        "coordinates": [
          [
            [
              77.34118028274462,
              28.306042473313447
            ],
            [
              77.34701032552059,
              28.294567816192085
            ],
            [
              77.36186838396,
              28.29329845805631
            ],
            [
              77.37090107181096,
              28.30350273731256
            ],
            [
              77.36507468540175,
              28.31497931077917
            ],
            [
              77.35021195359278,
              28.31624968894206
            ],
            [
              77.34118028274462,
              28.306042473313447
            ]
          ]
        ]
      },
      "properties": {
        "h3": "873da172dffffff",
        "run_id": "2026-10-09T00Z",
        "valid_hour": "2026-10-10T02:00Z",
        "lead_h": 26,
        "pm25": 267,
        "pm25_p10": 214,
        "pm25_p90": 334,
        "fire_share": 0.254,
        "fire_share_p10": 0.183,
        "fire_share_p90": 0.33,
        "top_sources": [
          {
            "district": "Sangrur",
            "share": 0.127
          },
          {
            "district": "Patiala",
            "share": 0.074
          },
          {
            "district": "Bathinda",
            "share": 0.053
          }
        ],
        "hpbl_m": 357
      }
    },
    {
      "type": "Feature",
      "geometry": {
        "type": "Polygon",
        "coordinates": [
          [
            [
              77.32687401384054,
              28.36216879290398
            ],
            [
              77.33271163616317,
              28.350686939227856
            ],
            [
              77.34758299145118,
              28.349417357205073
            ],
            [
              77.35662140539343,
              28.359628609996797
            ],
            [
              77.35078744396789,
              28.371112381643442
            ],
            [
              77.33591140651748,
              28.372382982825446
            ],
            [
              77.32687401384054,
              28.36216879290398
            ]
          ]
        ]
      },
      "properties": {
        "h3": "873da10c2ffffff",
        "run_id": "2026-10-09T00Z",
        "valid_hour": "2026-10-10T02:00Z",
        "lead_h": 26,
        "pm25": 278,
        "pm25_p10": 222,
        "pm25_p90": 348,
        "fire_share": 0.256,
        "fire_share_p10": 0.184,
        "fire_share_p90": 0.333,
        "top_sources": [
          {
            "district": "Sangrur",
            "share": 0.128
          },
          {
            "district": "Patiala",
            "share": 0.075
          },
          {
            "district": "Bathinda",
            "share": 0.053
          }
        ],
        "hpbl_m": 360
      }
    },
    {
      "type": "Feature",
      "geometry": {
        "type": "Polygon",
        "coordinates": [
          [
            [
              77.33327299964496,
              28.405571996451993
            ],
            [
              77.33911324209893,
              28.39408407591013
            ],
            [
              77.35399396456616,
              28.392812454864934
            ],
            [
              77.3630391312655,
              28.403027734092333
            ],
            [
              77.35720255522857,
              28.414517572200232
            ],
            [
              77.34231714488766,
              28.41579021381269
            ],
            [
              77.33327299964496,
              28.405571996451993
            ]
          ]
        ]
      },
      "properties": {
        "h3": "873da10c5ffffff",
        "run_id": "2026-10-09T00Z",
        "valid_hour": "2026-10-10T02:00Z",
        "lead_h": 26,
        "pm25": 289,
        "pm25_p10": 231,
        "pm25_p90": 361,
        "fire_share": 0.275,
        "fire_share_p10": 0.198,
        "fire_share_p90": 0.358,
        "top_sources": [
          {
            "district": "Sangrur",
            "share": 0.138
          },
          {
            "district": "Patiala",
            "share": 0.08
          },
          {
            "district": "Bathinda",
            "share": 0.057
          }
        ],
        "hpbl_m": 334
      }
    },
    {
      "type": "Feature",
      "geometry": {
        "type": "Polygon",
        "coordinates": [
          [
            [
              77.33968025252615,
              28.44899537131879
            ],
            [
              77.34552311686612,
              28.43750139185557
            ],
            [
              77.3604132179402,
              28.436227728971637
            ],
            [
              77.36946514707964,
              28.446447023873528
            ],
            [
              77.36362595468866,
              28.457942920493206
            ],
            [
              77.3487311600195,
              28.459217605352922
            ],
            [
              77.33968025252615,
              28.44899537131879
            ]
          ]
        ]
      },
      "properties": {
        "h3": "873da10ecffffff",
        "run_id": "2026-10-09T00Z",
        "valid_hour": "2026-10-10T02:00Z",
        "lead_h": 26,
        "pm25": 291,
        "pm25_p10": 233,
        "pm25_p90": 364,
        "fire_share": 0.241,
        "fire_share_p10": 0.174,
        "fire_share_p90": 0.313,
        "top_sources": [
          {
            "district": "Sangrur",
            "share": 0.121
          },
          {
            "district": "Patiala",
            "share": 0.07
          },
          {
            "district": "Bathinda",
            "share": 0.05
          }
        ],
        "hpbl_m": 319
      }
    },
    {
      "type": "Feature",
      "geometry": {
        "type": "Polygon",
        "coordinates": [
          [
            [
              77.32534185622303,
              28.505213887520494
            ],
            [
              77.33119233319013,
              28.493712753418
            ],
            [
              77.3460957883547,
              28.492438880017943
            ],
            [
              77.3551534678038,
              28.502665119925997
            ],
            [
              77.34930666734478,
              28.514168172803743
            ],
            [
              77.33439850973531,
              28.515443067296346
            ],
            [
              77.32534185622303,
              28.505213887520494
            ]
          ]
        ]
      },
      "properties": {
        "h3": "873da1055ffffff",
        "run_id": "2026-10-09T00Z",
        "valid_hour": "2026-10-10T02:00Z",
        "lead_h": 26,
        "pm25": 317,
        "pm25_p10": 254,
        "pm25_p90": 396,
        "fire_share": 0.278,
        "fire_share_p10": 0.2,
        "fire_share_p90": 0.361,
        "top_sources": [
          {
            "district": "Sangrur",
            "share": 0.139
          },
          {
            "district": "Patiala",
            "share": 0.081
          },
          {
            "district": "Bathinda",
            "share": 0.058
          }
        ],
        "hpbl_m": 339
      }
    },
    {
      "type": "Feature",
      "geometry": {
        "type": "Polygon",
        "coordinates": [
          [
            [
              77.33496266094684,
              28.570428940545746
            ],
            [
              77.34081708631886,
              28.55891875045995
            ],
            [
              77.35573465743973,
              28.5576418116732
            ],
            [
              77.36480251306371,
              28.567874040069203
            ],
            [
              77.35895177253745,
              28.579386148302053
            ],
            [
              77.34402949034502,
              28.58066411029063
            ],
            [
              77.33496266094684,
              28.570428940545746
            ]
          ]
        ]
      },
      "properties": {
        "h3": "873da1063ffffff",
        "run_id": "2026-10-09T00Z",
        "valid_hour": "2026-10-10T02:00Z",
        "lead_h": 26,
        "pm25": 313,
        "pm25_p10": 250,
        "pm25_p90": 391,
        "fire_share": 0.261,
        "fire_share_p10": 0.188,
        "fire_share_p90": 0.339,
        "top_sources": [
          {
            "district": "Sangrur",
            "share": 0.131
          },
          {
            "district": "Patiala",
            "share": 0.076
          },
          {
            "district": "Bathinda",
            "share": 0.054
          }
        ],
        "hpbl_m": 418
      }
    },
    {
      "type": "Feature",
      "geometry": {
        "type": "Polygon",
        "coordinates": [
          [
            [
              77.34138691433967,
              28.613930693296957
            ],
            [
              77.34724397419016,
              28.602414475970324
            ],
            [
              77.36217097033479,
              28.601135490076608
            ],
            [
              77.37124562226566,
              28.611371697200116
            ],
            [
              77.36539225283448,
              28.62288983224866
            ],
            [
              77.35046053985452,
              28.624169842750977
            ],
            [
              77.34138691433967,
              28.613930693296957
            ]
          ]
        ]
      },
      "properties": {
        "h3": "873da1a92ffffff",
        "run_id": "2026-10-09T00Z",
        "valid_hour": "2026-10-10T02:00Z",
        "lead_h": 26,
        "pm25": 320,
        "pm25_p10": 256,
        "pm25_p90": 400,
        "fire_share": 0.292,
        "fire_share_p10": 0.21,
        "fire_share_p90": 0.38,
        "top_sources": [
          {
            "district": "Sangrur",
            "share": 0.146
          },
          {
            "district": "Patiala",
            "share": 0.085
          },
          {
            "district": "Bathinda",
            "share": 0.061
          }
        ],
        "hpbl_m": 417
      }
    },
    {
      "type": "Feature",
      "geometry": {
        "type": "Polygon",
        "coordinates": [
          [
            [
              77.32701436659592,
              28.670254947991737
            ],
            [
              77.33287907649027,
              28.65873162434079
            ],
            [
              77.34781949324493,
              28.657452442340293
            ],
            [
              77.3568999246544,
              28.66769556058126
            ],
            [
              77.35103890977321,
              28.679220803565073
            ],
            [
              77.33609376726729,
              28.68050100927403
            ],
            [
              77.32701436659592,
              28.670254947991737
            ]
          ]
        ]
      },
      "properties": {
        "h3": "873da1ab3ffffff",
        "run_id": "2026-10-09T00Z",
        "valid_hour": "2026-10-10T02:00Z",
        "lead_h": 26,
        "pm25": 320,
        "pm25_p10": 256,
        "pm25_p90": 400,
        "fire_share": 0.303,
        "fire_share_p10": 0.218,
        "fire_share_p90": 0.394,
        "top_sources": [
          {
            "district": "Sangrur",
            "share": 0.152
          },
          {
            "district": "Patiala",
            "share": 0.088
          },
          {
            "district": "Bathinda",
            "share": 0.063
          }
        ],
        "hpbl_m": 400
      }
    },
    {
      "type": "Feature",
      "geometry": {
        "type": "Polygon",
        "coordinates": [
          [
            [
              77.33344318815588,
              28.71380471068302
            ],
            [
              77.33931054254332,
              28.70227537967807
            ],
            [
              77.35426041369485,
              28.70099414955856
            ],
            [
              77.3633476607972,
              28.711241225630648
            ],
            [
              77.35748400702026,
              28.72277247553536
            ],
            [
              77.3425294043262,
              28.72405473076761
            ],
            [
              77.33344318815588,
              28.71380471068302
            ]
          ]
        ]
      },
      "properties": {
        "h3": "873da1aa2ffffff",
        "run_id": "2026-10-09T00Z",
        "valid_hour": "2026-10-10T02:00Z",
        "lead_h": 26,
        "pm25": 320,
        "pm25_p10": 256,
        "pm25_p90": 400,
        "fire_share": 0.294,
        "fire_share_p10": 0.212,
        "fire_share_p90": 0.382,
        "top_sources": [
          {
            "district": "Sangrur",
            "share": 0.147
          },
          {
            "district": "Patiala",
            "share": 0.086
          },
          {
            "district": "Bathinda",
            "share": 0.061
          }
        ],
        "hpbl_m": 380
      }
    },
    {
      "type": "Feature",
      "geometry": {
        "type": "Polygon",
        "coordinates": [
          [
            [
              77.31904199239825,
              28.770192208494485
            ],
            [
              77.32491702208311,
              28.758655802314234
            ],
            [
              77.33988035396668,
              28.757374387927616
            ],
            [
              77.34897339545665,
              28.76762835582036
            ],
            [
              77.3431020709937,
              28.779166682507906
            ],
            [
              77.32813399861102,
              28.780449121094613
            ],
            [
              77.31904199239825,
              28.770192208494485
            ]
          ]
        ]
      },
      "properties": {
        "h3": "873da1b8bffffff",
        "run_id": "2026-10-09T00Z",
        "valid_hour": "2026-10-10T02:00Z",
        "lead_h": 26,
        "pm25": 307,
        "pm25_p10": 246,
        "pm25_p90": 384,
        "fire_share": 0.297,
        "fire_share_p10": 0.214,
        "fire_share_p90": 0.386,
        "top_sources": [
          {
            "district": "Sangrur",
            "share": 0.149
          },
          {
            "district": "Patiala",
            "share": 0.087
          },
          {
            "district": "Bathinda",
            "share": 0.062
          }
        ],
        "hpbl_m": 343
      }
    },
    {
      "type": "Feature",
      "geometry": {
        "type": "Polygon",
        "coordinates": [
          [
            [
              77.32547538008463,
              28.813789798261126
            ],
            [
              77.3313530643317,
              28.802247404798152
            ],
            [
              77.34632588012158,
              28.800963941310552
            ],
            [
              77.35542575677242,
              28.811221845983624
            ],
            [
              77.34955178336844,
              28.822766159512884
            ],
            [
              77.33457422126057,
              28.824050648602345
            ],
            [
              77.32547538008463,
              28.813789798261126
            ]
          ]
        ]
      },
      "properties": {
        "h3": "873da1a32ffffff",
        "run_id": "2026-10-09T00Z",
        "valid_hour": "2026-10-10T02:00Z",
        "lead_h": 26,
        "pm25": 305,
        "pm25_p10": 244,
        "pm25_p90": 381,
        "fire_share": 0.272,
        "fire_share_p10": 0.196,
        "fire_share_p90": 0.354,
        "top_sources": [
          {
            "district": "Sangrur",
            "share": 0.136
          },
          {
            "district": "Patiala",
            "share": 0.079
          },
          {
            "district": "Bathinda",
            "share": 0.057
          }
        ],
        "hpbl_m": 409
      }
    },
    {
      "type": "Feature",
      "geometry": {
        "type": "Polygon",
        "coordinates": [
          [
            [
              77.33514114736836,
              28.879223356075467
            ],
            [
              77.3410228168178,
              28.86767199718104
            ],
            [
              77.35600988030413,
              28.866385454784563
            ],
            [
              77.36512002819349,
              28.876649243877317
            ],
            [
              77.35924207804196,
              28.888202522167116
            ],
            [
              77.34425025948995,
              28.88949009226895
            ],
            [
              77.33514114736836,
              28.879223356075467
            ]
          ]
        ]
      },
      "properties": {
        "h3": "873da1a26ffffff",
        "run_id": "2026-10-09T00Z",
        "valid_hour": "2026-10-10T02:00Z",
        "lead_h": 26,
        "pm25": 284,
        "pm25_p10": 227,
        "pm25_p90": 355,
        "fire_share": 0.233,
        "fire_share_p10": 0.168,
        "fire_share_p90": 0.303,
        "top_sources": [
          {
            "district": "Sangrur",
            "share": 0.117
          },
          {
            "district": "Patiala",
            "share": 0.068
          },
          {
            "district": "Bathinda",
            "share": 0.049
          }
        ],
        "hpbl_m": 381
      }
    },
    {
      "type": "Feature",
      "geometry": {
        "type": "Polygon",
        "coordinates": [
          [
            [
              77.34159547296755,
              28.9228704535569
            ],
            [
              77.347479801458,
              28.911313128084362
            ],
            [
              77.36247637799674,
              28.91002452957578
            ],
            [
              77.37159338574003,
              28.92029222773206
            ],
            [
              77.36571278219942,
              28.931851472146413
            ],
            [
              77.35071144475027,
              28.933141099763233
            ],
            [
              77.34159547296755,
              28.9228704535569
            ]
          ]
        ]
      },
      "properties": {
        "h3": "873da1b0bffffff",
        "run_id": "2026-10-09T00Z",
        "valid_hour": "2026-10-10T02:00Z",
        "lead_h": 26,
        "pm25": 266,
        "pm25_p10": 213,
        "pm25_p90": 333,
        "fire_share": 0.232,
        "fire_share_p10": 0.167,
        "fire_share_p90": 0.302,
        "top_sources": [
          {
            "district": "Sangrur",
            "share": 0.116
          },
          {
            "district": "Patiala",
            "share": 0.068
          },
          {
            "district": "Bathinda",
            "share": 0.048
          }
        ],
        "hpbl_m": 419
      }
    },
    {
      "type": "Feature",
      "geometry": {
        "type": "Polygon",
        "coordinates": [
          [
            [
              77.38575985759404,
              28.302230548099065
            ],
            [
              77.39158128406855,
              28.290755102227042
            ],
            [
              77.40643612197499,
              28.289481105506674
            ],
            [
              77.41547420224914,
              28.299681529680495
            ],
            [
              77.40965643683464,
              28.311158887646936
            ],
            [
              77.39479692890569,
              28.312433909644362
            ],
            [
              77.38575985759404,
              28.302230548099065
            ]
          ]
        ]
      },
      "properties": {
        "h3": "873da1774ffffff",
        "run_id": "2026-10-09T00Z",
        "valid_hour": "2026-10-10T02:00Z",
        "lead_h": 26,
        "pm25": 251,
        "pm25_p10": 201,
        "pm25_p90": 314,
        "fire_share": 0.237,
        "fire_share_p10": 0.171,
        "fire_share_p90": 0.308,
        "top_sources": [
          {
            "district": "Sangrur",
            "share": 0.119
          },
          {
            "district": "Patiala",
            "share": 0.069
          },
          {
            "district": "Bathinda",
            "share": 0.049
          }
        ],
        "hpbl_m": 307
      }
    },
    {
      "type": "Feature",
      "geometry": {
        "type": "Polygon",
        "coordinates": [
          [
            [
              77.39219062024682,
              28.3455993023408
            ],
            [
              77.39801464683578,
              28.334117775009734
            ],
            [
              77.41287882762873,
              28.33284172702635
            ],
            [
              77.42192365635842,
              28.343046179978646
            ],
            [
              77.41610329634489,
              28.35452961899584
            ],
            [
              77.40123443984388,
              28.355806693674218
            ],
            [
              77.39219062024682,
              28.3455993023408
            ]
          ]
        ]
      },
      "properties": {
        "h3": "873da10d9ffffff",
        "run_id": "2026-10-09T00Z",
        "valid_hour": "2026-10-10T02:00Z",
        "lead_h": 26,
        "pm25": 271,
        "pm25_p10": 217,
        "pm25_p90": 339,
        "fire_share": 0.244,
        "fire_share_p10": 0.176,
        "fire_share_p90": 0.317,
        "top_sources": [
          {
            "district": "Sangrur",
            "share": 0.122
          },
          {
            "district": "Patiala",
            "share": 0.071
          },
          {
            "district": "Bathinda",
            "share": 0.051
          }
        ],
        "hpbl_m": 376
      }
    },
    {
      "type": "Feature",
      "geometry": {
        "type": "Polygon",
        "coordinates": [
          [
            [
              77.40185232906364,
              28.410690306971276
            ],
            [
              77.40768025904705,
              28.399199672263084
            ],
            [
              77.4225584755062,
              28.39792054206717
            ],
            [
              77.43161344505147,
              28.40813101805689
            ],
            [
              77.42578918993908,
              28.419623563829276
            ],
            [
              77.41090628922485,
              28.420903722847974
            ],
            [
              77.40185232906364,
              28.410690306971276
            ]
          ]
        ]
      },
      "properties": {
        "h3": "873da10cdffffff",
        "run_id": "2026-10-09T00Z",
        "valid_hour": "2026-10-10T02:00Z",
        "lead_h": 26,
        "pm25": 286,
        "pm25_p10": 229,
        "pm25_p90": 358,
        "fire_share": 0.274,
        "fire_share_p10": 0.197,
        "fire_share_p90": 0.356,
        "top_sources": [
          {
            "district": "Sangrur",
            "share": 0.137
          },
          {
            "district": "Patiala",
            "share": 0.08
          },
          {
            "district": "Bathinda",
            "share": 0.057
          }
        ],
        "hpbl_m": 393
      }
    },
    {
      "type": "Feature",
      "geometry": {
        "type": "Polygon",
        "coordinates": [
          [
            [
              77.38757679390773,
              28.466886681075394
            ],
            [
              77.39341231059981,
              28.455388869538012
            ],
            [
              77.40830386805129,
              28.454109504423773
            ],
            [
              77.41736460070852,
              28.464326923187485
            ],
            [
              77.41153276346347,
              28.47582664740069
            ],
            [
              77.39663651292508,
              28.477107040474376
            ],
            [
              77.38757679390773,
              28.466886681075394
            ]
          ]
        ]
      },
      "properties": {
        "h3": "873da105affffff",
        "run_id": "2026-10-09T00Z",
        "valid_hour": "2026-10-10T02:00Z",
        "lead_h": 26,
        "pm25": 290,
        "pm25_p10": 232,
        "pm25_p90": 363,
        "fire_share": 0.249,
        "fire_share_p10": 0.179,
        "fire_share_p90": 0.324,
        "top_sources": [
          {
            "district": "Sangrur",
            "share": 0.125
          },
          {
            "district": "Patiala",
            "share": 0.073
          },
          {
            "district": "Bathinda",
            "share": 0.052
          }
        ],
        "hpbl_m": 387
      }
    },
    {
      "type": "Feature",
      "geometry": {
        "type": "Polygon",
        "coordinates": [
          [
            [
              77.39402466976104,
              28.51033409699903
            ],
            [
              77.3998627989995,
              28.498830235351367
            ],
            [
              77.41476374548733,
              28.497548813610194
            ],
            [
              77.42383126036012,
              28.507770224441426
            ],
            [
              77.41799681612561,
              28.519275998340987
            ],
            [
              77.40309117082323,
              28.520558449457834
            ],
            [
              77.39402466976104,
              28.51033409699903
            ]
          ]
        ]
      },
      "properties": {
        "h3": "873da105dffffff",
        "run_id": "2026-10-09T00Z",
        "valid_hour": "2026-10-10T02:00Z",
        "lead_h": 26,
        "pm25": 292,
        "pm25_p10": 234,
        "pm25_p90": 365,
        "fire_share": 0.242,
        "fire_share_p10": 0.174,
        "fire_share_p90": 0.315,
        "top_sources": [
          {
            "district": "Sangrur",
            "share": 0.121
          },
          {
            "district": "Patiala",
            "share": 0.071
          },
          {
            "district": "Bathinda",
            "share": 0.05
          }
        ],
        "hpbl_m": 401
      }
    },
    {
      "type": "Feature",
      "geometry": {
        "type": "Polygon",
        "coordinates": [
          [
            [
              77.40048088688359,
              28.553801581812085
            ],
            [
              77.40632163039906,
              28.54229167807427
            ],
            [
              77.42123197738354,
              28.541008196873502
            ],
            [
              77.43030628421154,
              28.55123358891902
            ],
            [
              77.42446923126897,
              28.56274540447978
            ],
            [
              77.40955417973227,
              28.564029916472887
            ],
            [
              77.40048088688359,
              28.553801581812085
            ]
          ]
        ]
      },
      "properties": {
        "h3": "873da104cffffff",
        "run_id": "2026-10-09T00Z",
        "valid_hour": "2026-10-10T02:00Z",
        "lead_h": 26,
        "pm25": 303,
        "pm25_p10": 242,
        "pm25_p90": 379,
        "fire_share": 0.296,
        "fire_share_p10": 0.213,
        "fire_share_p90": 0.385,
        "top_sources": [
          {
            "district": "Sangrur",
            "share": 0.148
          },
          {
            "district": "Patiala",
            "share": 0.086
          },
          {
            "district": "Bathinda",
            "share": 0.062
          }
        ],
        "hpbl_m": 378
      }
    },
    {
      "type": "Feature",
      "geometry": {
        "type": "Polygon",
        "coordinates": [
          [
            [
              77.38617335244717,
              28.610089838779142
            ],
            [
              77.39202171580112,
              28.598572800443737
            ],
            [
              77.40694546130757,
              28.597289097692613
            ],
            [
              77.41602555570465,
              28.607521403663885
            ],
            [
              77.41018088752878,
              28.619040355427458
            ],
            [
              77.39525242858096,
              28.620325088092198
            ],
            [
              77.38617335244717,
              28.610089838779142
            ]
          ]
        ]
      },
      "properties": {
        "h3": "873da106dffffff",
        "run_id": "2026-10-09T00Z",
        "valid_hour": "2026-10-10T02:00Z",
        "lead_h": 26,
        "pm25": 309,
        "pm25_p10": 247,
        "pm25_p90": 386,
        "fire_share": 0.259,
        "fire_share_p10": 0.186,
        "fire_share_p90": 0.337,
        "top_sources": [
          {
            "district": "Sangrur",
            "share": 0.13
          },
          {
            "district": "Patiala",
            "share": 0.076
          },
          {
            "district": "Bathinda",
            "share": 0.054
          }
        ],
        "hpbl_m": 310
      }
    },
    {
      "type": "Feature",
      "geometry": {
        "type": "Polygon",
        "coordinates": [
          [
            [
              77.39586783327582,
              28.675370710104026
            ],
            [
              77.4017201335775,
              28.66384464131532
            ],
            [
              77.41665802805427,
              28.66255784670208
            ],
            [
              77.42574834312207,
              28.67279608914365
            ],
            [
              77.41989974639208,
              28.684324070703237
            ],
            [
              77.40495712982262,
              28.685611897351574
            ],
            [
              77.39586783327582,
              28.675370710104026
            ]
          ]
        ]
      },
      "properties": {
        "h3": "873da1a83ffffff",
        "run_id": "2026-10-09T00Z",
        "valid_hour": "2026-10-10T02:00Z",
        "lead_h": 26,
        "pm25": 313,
        "pm25_p10": 250,
        "pm25_p90": 391,
        "fire_share": 0.282,
        "fire_share_p10": 0.203,
        "fire_share_p90": 0.367,
        "top_sources": [
          {
            "district": "Sangrur",
            "share": 0.141
          },
          {
            "district": "Patiala",
            "share": 0.082
          },
          {
            "district": "Bathinda",
            "share": 0.059
          }
        ],
        "hpbl_m": 379
      }
    },
    {
      "type": "Feature",
      "geometry": {
        "type": "Polygon",
        "coordinates": [
          [
            [
              77.40234129747712,
              28.718916212213145
            ],
            [
              77.40819622458889,
              28.7073841332982
            ],
            [
              77.42314356613988,
              28.70609527390738
            ],
            [
              77.43224070724997,
              28.716337460283118
            ],
            [
              77.42638948932087,
              28.727871451524415
            ],
            [
              77.41143741989688,
              28.72916134436523
            ],
            [
              77.40234129747712,
              28.718916212213145
            ]
          ]
        ]
      },
      "properties": {
        "h3": "873da1aaaffffff",
        "run_id": "2026-10-09T00Z",
        "valid_hour": "2026-10-10T02:00Z",
        "lead_h": 26,
        "pm25": 298,
        "pm25_p10": 238,
        "pm25_p90": 373,
        "fire_share": 0.261,
        "fire_share_p10": 0.188,
        "fire_share_p90": 0.339,
        "top_sources": [
          {
            "district": "Sangrur",
            "share": 0.131
          },
          {
            "district": "Patiala",
            "share": 0.076
          },
          {
            "district": "Bathinda",
            "share": 0.054
          }
        ],
        "hpbl_m": 331
      }
    },
    {
      "type": "Feature",
      "geometry": {
        "type": "Polygon",
        "coordinates": [
          [
            [
              77.38799977076567,
              28.775309837990104
            ],
            [
              77.39386235518293,
              28.763770673155545
            ],
            [
              77.40882316210542,
              28.762481606616507
            ],
            [
              77.41792612023349,
              28.77273067265906
            ],
            [
              77.41206724963929,
              28.784271751417407
            ],
            [
              77.39710170588825,
              28.785561850510824
            ],
            [
              77.38799977076567,
              28.775309837990104
            ]
          ]
        ]
      },
      "properties": {
        "h3": "873da1a13ffffff",
        "run_id": "2026-10-09T00Z",
        "valid_hour": "2026-10-10T02:00Z",
        "lead_h": 26,
        "pm25": 293,
        "pm25_p10": 234,
        "pm25_p90": 366,
        "fire_share": 0.252,
        "fire_share_p10": 0.181,
        "fire_share_p90": 0.328,
        "top_sources": [
          {
            "district": "Sangrur",
            "share": 0.126
          },
          {
            "district": "Patiala",
            "share": 0.074
          },
          {
            "district": "Bathinda",
            "share": 0.053
          }
        ],
        "hpbl_m": 313
      }
    },
    {
      "type": "Feature",
      "geometry": {
        "type": "Polygon",
        "coordinates": [
          [
            [
              77.39447793865571,
              28.81890314212002
            ],
            [
              77.40034315987434,
              28.807357987215838
            ],
            [
              77.41531344335658,
              28.806066854861914
            ],
            [
              77.42442324704884,
              28.816319843747237
            ],
            [
              77.41856174528824,
              28.82786691212275
            ],
            [
              77.40358671916954,
              28.829159078443414
            ],
            [
              77.39447793865571,
              28.81890314212002
            ]
          ]
        ]
      },
      "properties": {
        "h3": "873da1a02ffffff",
        "run_id": "2026-10-09T00Z",
        "valid_hour": "2026-10-10T02:00Z",
        "lead_h": 26,
        "pm25": 287,
        "pm25_p10": 230,
        "pm25_p90": 359,
        "fire_share": 0.286,
        "fire_share_p10": 0.206,
        "fire_share_p90": 0.372,
        "top_sources": [
          {
            "district": "Sangrur",
            "share": 0.143
          },
          {
            "district": "Patiala",
            "share": 0.083
          },
          {
            "district": "Bathinda",
            "share": 0.06
          }
        ],
        "hpbl_m": 313
      }
    },
    {
      "type": "Feature",
      "geometry": {
        "type": "Polygon",
        "coordinates": [
          [
            [
              77.38010783301436,
              28.87535979318498
            ],
            [
              77.38598073684128,
              28.863807583731905
            ],
            [
              77.4009645260302,
              28.862516256075946
            ],
            [
              77.4100801618137,
              28.872776105116092
            ],
            [
              77.40421098210305,
              28.884330229634553
            ],
            [
              77.38922244128118,
              28.885622590349104
            ],
            [
              77.38010783301436,
              28.87535979318498
            ]
          ]
        ]
      },
      "properties": {
        "h3": "873da1a23ffffff",
        "run_id": "2026-10-09T00Z",
        "valid_hour": "2026-10-10T02:00Z",
        "lead_h": 26,
        "pm25": 280,
        "pm25_p10": 224,
        "pm25_p90": 350,
        "fire_share": 0.283,
        "fire_share_p10": 0.204,
        "fire_share_p90": 0.368,
        "top_sources": [
          {
            "district": "Sangrur",
            "share": 0.142
          },
          {
            "district": "Patiala",
            "share": 0.083
          },
          {
            "district": "Bathinda",
            "share": 0.059
          }
        ],
        "hpbl_m": 306
      }
    },
    {
      "type": "Feature",
      "geometry": {
        "type": "Polygon",
        "coordinates": [
          [
            [
              77.38659070310167,
              28.919000714867902
            ],
            [
              77.39246625377564,
              28.907442535586156
            ],
            [
              77.40745954914696,
              28.906149141108138
            ],
            [
              77.41658205009928,
              28.916412891745434
            ],
            [
              77.41071022920065,
              28.92797298563222
            ],
            [
              77.39571217636077,
              28.929267414578675
            ],
            [
              77.38659070310167,
              28.919000714867902
            ]
          ]
        ]
      },
      "properties": {
        "h3": "873da1b52ffffff",
        "run_id": "2026-10-09T00Z",
        "valid_hour": "2026-10-10T02:00Z",
        "lead_h": 26,
        "pm25": 272,
        "pm25_p10": 218,
        "pm25_p90": 340,
        "fire_share": 0.261,
        "fire_share_p10": 0.188,
        "fire_share_p90": 0.339,
        "top_sources": [
          {
            "district": "Sangrur",
            "share": 0.131
          },
          {
            "district": "Patiala",
            "share": 0.076
          },
          {
            "district": "Bathinda",
            "share": 0.054
          }
        ],
        "hpbl_m": 349
      }
    },
    {
      "type": "Feature",
      "geometry": {
        "type": "Polygon",
        "coordinates": [
          [
            [
              77.45422848275099,
              28.307324541796568
            ],
            [
              77.4600376237469,
              28.295846409398646
            ],
            [
              77.47488993126761,
              28.294564946555308
            ],
            [
              77.48393776300495,
              28.304760582913843
            ],
            [
              77.47813229145804,
              28.316240620917643
            ],
            [
              77.46327531754659,
              28.317523117258446
            ],
            [
              77.45422848275099,
              28.307324541796568
            ]
          ]
        ]
      },
      "properties": {
        "h3": "873da1744ffffff",
        "run_id": "2026-10-09T00Z",
        "valid_hour": "2026-10-10T02:00Z",
        "lead_h": 26,
        "pm25": 237,
        "pm25_p10": 190,
        "pm25_p90": 296,
        "fire_share": 0.214,
        "fire_share_p10": 0.154,
        "fire_share_p90": 0.278,
        "top_sources": [
          {
            "district": "Sangrur",
            "share": 0.107
          },
          {
            "district": "Patiala",
            "share": 0.062
          },
          {
            "district": "Bathinda",
            "share": 0.045
          }
        ],
        "hpbl_m": 324
      }
    },
    {
      "type": "Feature",
      "geometry": {
        "type": "Polygon",
        "coordinates": [
          [
            [
              77.46070337450901,
              28.350689094103796
            ],
            [
              77.46651509821227,
              28.33920487754337
            ],
            [
              77.48137674135062,
              28.337921346990928
            ],
            [
              77.4904313316709,
              28.348120998374768
            ],
            [
              77.48462328294536,
              28.35960712012137
            ],
            [
              77.46975696774153,
              28.360891685599782
            ],
            [
              77.46070337450901,
              28.350689094103796
            ]
          ]
        ]
      },
      "properties": {
        "h3": "873da1761ffffff",
        "run_id": "2026-10-09T00Z",
        "valid_hour": "2026-10-10T02:00Z",
        "lead_h": 26,
        "pm25": 259,
        "pm25_p10": 207,
        "pm25_p90": 324,
        "fire_share": 0.261,
        "fire_share_p10": 0.188,
        "fire_share_p90": 0.339,
        "top_sources": [
          {
            "district": "Sangrur",
            "share": 0.131
          },
          {
            "district": "Patiala",
            "share": 0.076
          },
          {
            "district": "Bathinda",
            "share": 0.054
          }
        ],
        "hpbl_m": 378
      }
    },
    {
      "type": "Feature",
      "geometry": {
        "type": "Polygon",
        "coordinates": [
          [
            [
              77.44649237740549,
              28.406849041444318
            ],
            [
              77.45231165789023,
              28.39535762024142
            ],
            [
              77.46718662004076,
              28.39407382959589
            ],
            [
              77.47624698139359,
              28.404280426370885
            ],
            [
              77.47043138047364,
              28.41577375436588
            ],
            [
              77.45555173745235,
              28.417058579095407
            ],
            [
              77.44649237740549,
              28.406849041444318
            ]
          ]
        ]
      },
      "properties": {
        "h3": "873da1394ffffff",
        "run_id": "2026-10-09T00Z",
        "valid_hour": "2026-10-10T02:00Z",
        "lead_h": 26,
        "pm25": 265,
        "pm25_p10": 212,
        "pm25_p90": 331,
        "fire_share": 0.25,
        "fire_share_p10": 0.18,
        "fire_share_p90": 0.325,
        "top_sources": [
          {
            "district": "Sangrur",
            "share": 0.125
          },
          {
            "district": "Patiala",
            "share": 0.073
          },
          {
            "district": "Bathinda",
            "share": 0.052
          }
        ],
        "hpbl_m": 328
      }
    },
    {
      "type": "Feature",
      "geometry": {
        "type": "Polygon",
        "coordinates": [
          [
            [
              77.45297203566393,
              28.450262056437204
            ],
            [
              77.45879390861558,
              28.4387645704375
            ],
            [
              77.4736782353572,
              28.437478710911016
            ],
            [
              77.48274537453375,
              28.447689302176233
            ],
            [
              77.47692718669916,
              28.459188694540295
            ],
            [
              77.4620381733851,
              28.46047558957682
            ],
            [
              77.45297203566393,
              28.450262056437204
            ]
          ]
        ]
      },
      "properties": {
        "h3": "873da13b1ffffff",
        "run_id": "2026-10-09T00Z",
        "valid_hour": "2026-10-10T02:00Z",
        "lead_h": 26,
        "pm25": 282,
        "pm25_p10": 226,
        "pm25_p90": 353,
        "fire_share": 0.227,
        "fire_share_p10": 0.163,
        "fire_share_p90": 0.295,
        "top_sources": [
          {
            "district": "Sangrur",
            "share": 0.114
          },
          {
            "district": "Patiala",
            "share": 0.066
          },
          {
            "district": "Bathinda",
            "share": 0.047
          }
        ],
        "hpbl_m": 332
      }
    },
    {
      "type": "Feature",
      "geometry": {
        "type": "Polygon",
        "coordinates": [
          [
            [
              77.46270722694699,
              28.515419260683412
            ],
            [
              77.46853299177653,
              28.503912692441958
            ],
            [
              77.48343138680163,
              28.502623724245584
            ],
            [
              77.49250871095185,
              28.512840286943245
            ],
            [
              77.48668663959026,
              28.524348760897976
            ],
            [
              77.47178354942149,
              28.525638766744386
            ],
            [
              77.46270722694699,
              28.515419260683412
            ]
          ]
        ]
      },
      "properties": {
        "h3": "873da13a5ffffff",
        "run_id": "2026-10-09T00Z",
        "valid_hour": "2026-10-10T02:00Z",
        "lead_h": 26,
        "pm25": 283,
        "pm25_p10": 226,
        "pm25_p90": 354,
        "fire_share": 0.255,
        "fire_share_p10": 0.184,
        "fire_share_p90": 0.332,
        "top_sources": [
          {
            "district": "Sangrur",
            "share": 0.128
          },
          {
            "district": "Patiala",
            "share": 0.074
          },
          {
            "district": "Bathinda",
            "share": 0.053
          }
        ],
        "hpbl_m": 351
      }
    },
    {
      "type": "Feature",
      "geometry": {
        "type": "Polygon",
        "coordinates": [
          [
            [
              77.4484627082868,
              28.571685402401403
            ],
            [
              77.454296066897,
              28.560171677271978
            ],
            [
              77.46920784718594,
              28.55888246304979
            ],
            [
              77.47829097168675,
              28.56910593746817
            ],
            [
              77.47246131116663,
              28.580621569908857
            ],
            [
              77.45754482686311,
              28.581911820922326
            ],
            [
              77.4484627082868,
              28.571685402401403
            ]
          ]
        ]
      },
      "properties": {
        "h3": "873da1332ffffff",
        "run_id": "2026-10-09T00Z",
        "valid_hour": "2026-10-10T02:00Z",
        "lead_h": 26,
        "pm25": 294,
        "pm25_p10": 235,
        "pm25_p90": 368,
        "fire_share": 0.243,
        "fire_share_p10": 0.175,
        "fire_share_p90": 0.316,
        "top_sources": [
          {
            "district": "Sangrur",
            "share": 0.122
          },
          {
            "district": "Patiala",
            "share": 0.071
          },
          {
            "district": "Bathinda",
            "share": 0.051
          }
        ],
        "hpbl_m": 305
      }
    },
    {
      "type": "Feature",
      "geometry": {
        "type": "Polygon",
        "coordinates": [
          [
            [
              77.45495972577663,
              28.61517672103893
            ],
            [
              77.46079568922585,
              28.60365696274498
            ],
            [
              77.47571688041461,
              28.602365674228125
            ],
            [
              77.48480681671798,
              28.612593106092483
            ],
            [
              77.47897455695292,
              28.624114771254387
            ],
            [
              77.46404865600569,
              28.625407097986823
            ],
            [
              77.45495972577663,
              28.61517672103893
            ]
          ]
        ]
      },
      "properties": {
        "h3": "873da1335ffffff",
        "run_id": "2026-10-09T00Z",
        "valid_hour": "2026-10-10T02:00Z",
        "lead_h": 26,
        "pm25": 304,
        "pm25_p10": 243,
        "pm25_p90": 380,
        "fire_share": 0.244,
        "fire_share_p10": 0.176,
        "fire_share_p90": 0.317,
        "top_sources": [
          {
            "district": "Sangrur",
            "share": 0.122
          },
          {
            "district": "Patiala",
            "share": 0.071
          },
          {
            "district": "Bathinda",
            "share": 0.051
          }
        ],
        "hpbl_m": 363
      }
    },
    {
      "type": "Feature",
      "geometry": {
        "type": "Polygon",
        "coordinates": [
          [
            [
              77.46146515923122,
              28.658688005249157
            ],
            [
              77.46730372922576,
              28.647162221886475
            ],
            [
              77.48223434280715,
              28.64586885622612
            ],
            [
              77.49133110070969,
              28.656100234591317
            ],
            [
              77.4854962400055,
              28.667627924373544
            ],
            [
              77.47056091091167,
              28.668922329674263
            ],
            [
              77.46146515923122,
              28.658688005249157
            ]
          ]
        ]
      },
      "properties": {
        "h3": "873da1324ffffff",
        "run_id": "2026-10-09T00Z",
        "valid_hour": "2026-10-10T02:00Z",
        "lead_h": 26,
        "pm25": 303,
        "pm25_p10": 242,
        "pm25_p90": 379,
        "fire_share": 0.286,
        "fire_share_p10": 0.206,
        "fire_share_p90": 0.372,
        "top_sources": [
          {
            "district": "Sangrur",
            "share": 0.143
          },
          {
            "district": "Patiala",
            "share": 0.083
          },
          {
            "district": "Bathinda",
            "share": 0.06
          }
        ],
        "hpbl_m": 323
      }
    },
    {
      "type": "Feature",
      "geometry": {
        "type": "Polygon",
        "coordinates": [
          [
            [
              77.44718877122831,
              28.715045712899222
            ],
            [
              77.45303496818185,
              28.70351281519606
            ],
            [
              77.46797902484565,
              28.702219216874923
            ],
            [
              77.47708160779653,
              28.712457477793837
            ],
            [
              77.471239124785,
              28.7239922835082
            ],
            [
              77.45629034368024,
              28.72528692059552
            ],
            [
              77.44718877122831,
              28.715045712899222
            ]
          ]
        ]
      },
      "properties": {
        "h3": "873da1a8dffffff",
        "run_id": "2026-10-09T00Z",
        "valid_hour": "2026-10-10T02:00Z",
        "lead_h": 26,
        "pm25": 288,
        "pm25_p10": 230,
        "pm25_p90": 360,
        "fire_share": 0.252,
        "fire_share_p10": 0.181,
        "fire_share_p90": 0.328,
        "top_sources": [
          {
            "district": "Sangrur",
            "share": 0.126
          },
          {
            "district": "Patiala",
            "share": 0.074
          },
          {
            "district": "Bathinda",
            "share": 0.053
          }
        ],
        "hpbl_m": 411
      }
    },
    {
      "type": "Feature",
      "geometry": {
        "type": "Polygon",
        "coordinates": [
          [
            [
              77.4536990170267,
              28.75860489703606
            ],
            [
              77.45954783042093,
              28.747065994190798
            ],
            [
              77.47450133885611,
              28.745770317626185
            ],
            [
              77.48361076291701,
              28.7560125040218
            ],
            [
              77.47776566909496,
              28.767553314421903
            ],
            [
              77.46280743043738,
              28.768850031175
            ],
            [
              77.4536990170267,
              28.75860489703606
            ]
          ]
        ]
      },
      "properties": {
        "h3": "873da1af4ffffff",
        "run_id": "2026-10-09T00Z",
        "valid_hour": "2026-10-10T02:00Z",
        "lead_h": 26,
        "pm25": 294,
        "pm25_p10": 235,
        "pm25_p90": 368,
        "fire_share": 0.255,
        "fire_share_p10": 0.184,
        "fire_share_p90": 0.332,
        "top_sources": [
          {
            "district": "Sangrur",
            "share": 0.128
          },
          {
            "district": "Patiala",
            "share": 0.074
          },
          {
            "district": "Bathinda",
            "share": 0.053
          }
        ],
        "hpbl_m": 415
      }
    },
    {
      "type": "Feature",
      "geometry": {
        "type": "Polygon",
        "coordinates": [
          [
            [
              77.46348023716756,
              28.823980871203794
            ],
            [
              77.46933297844416,
              28.812432976040963
            ],
            [
              77.48430068623269,
              28.811134176776857
            ],
            [
              77.49342039045263,
              28.821382230656873
            ],
            [
              77.48757137721648,
              28.832932032680567
            ],
            [
              77.47259893051428,
              28.834231874267402
            ],
            [
              77.46348023716756,
              28.823980871203794
            ]
          ]
        ]
      },
      "properties": {
        "h3": "873da1a0affffff",
        "run_id": "2026-10-09T00Z",
        "valid_hour": "2026-10-10T02:00Z",
        "lead_h": 26,
        "pm25": 273,
        "pm25_p10": 218,
        "pm25_p90": 341,
        "fire_share": 0.232,
        "fire_share_p10": 0.167,
        "fire_share_p90": 0.302,
        "top_sources": [
          {
            "district": "Sangrur",
            "share": 0.116
          },
          {
            "district": "Patiala",
            "share": 0.068
          },
          {
            "district": "Bathinda",
            "share": 0.048
          }
        ],
        "hpbl_m": 343
      }
    },
    {
      "type": "Feature",
      "geometry": {
        "type": "Polygon",
        "coordinates": [
          [
            [
              77.44917001820396,
              28.880443574294368
            ],
            [
              77.45503042395593,
              28.868888613831757
            ],
            [
              77.47001164200753,
              28.867589596301798
            ],
            [
              77.47913720100695,
              28.877844498106636
            ],
            [
              77.47328052798277,
              28.889401367014024
            ],
            [
              77.4582945620221,
              28.89070142597565
            ],
            [
              77.44917001820396,
              28.880443574294368
            ]
          ]
        ]
      },
      "properties": {
        "h3": "873da1a2bffffff",
        "run_id": "2026-10-09T00Z",
        "valid_hour": "2026-10-10T02:00Z",
        "lead_h": 26,
        "pm25": 271,
        "pm25_p10": 217,
        "pm25_p90": 339,
        "fire_share": 0.25,
        "fire_share_p10": 0.18,
        "fire_share_p90": 0.325,
        "top_sources": [
          {
            "district": "Sangrur",
            "share": 0.125
          },
          {
            "district": "Patiala",
            "share": 0.073
          },
          {
            "district": "Bathinda",
            "share": 0.052
          }
        ],
        "hpbl_m": 354
      }
    },
    {
      "type": "Feature",
      "geometry": {
        "type": "Polygon",
        "coordinates": [
          [
            [
              77.45569778754168,
              28.92408010418477
            ],
            [
              77.46156082227863,
              28.912519171126892
            ],
            [
              77.4765515390593,
              28.911218070023452
            ],
            [
              77.4856839736251,
              28.92147685943007
            ],
            [
              77.47982467728876,
              28.933039700460924
            ],
            [
              77.4648292067746,
              28.93434184441646
            ],
            [
              77.45569778754168,
              28.92408010418477
            ]
          ]
        ]
      },
      "properties": {
        "h3": "873da1b5affffff",
        "run_id": "2026-10-09T00Z",
        "valid_hour": "2026-10-10T02:00Z",
        "lead_h": 26,
        "pm25": 257,
        "pm25_p10": 206,
        "pm25_p90": 321,
        "fire_share": 0.252,
        "fire_share_p10": 0.181,
        "fire_share_p90": 0.328,
        "top_sources": [
          {
            "district": "Sangrur",
            "share": 0.126
          },
          {
            "district": "Patiala",
            "share": 0.074
          },
          {
            "district": "Bathinda",
            "share": 0.053
          }
        ],
        "hpbl_m": 364
      }
    },
    {
      "type": "Feature",
      "geometry": {
        "type": "Polygon",
        "coordinates": [
          [
            [
              77.51944032861515,
              28.290711296653768
            ],
            [
              77.52523588567894,
              28.27923354491528
            ],
            [
              77.5400809605552,
              28.277945658850438
            ],
            [
              77.54913513708352,
              28.288134483837712
            ],
            [
              77.54334325505974,
              28.2996141348921
            ],
            [
              77.52849352029257,
              28.300903061946727
            ],
            [
              77.51944032861515,
              28.290711296653768
            ]
          ]
        ]
      },
      "properties": {
        "h3": "873da174effffff",
        "run_id": "2026-10-09T00Z",
        "valid_hour": "2026-10-10T02:00Z",
        "lead_h": 26,
        "pm25": null,
        "pm25_p10": null,
        "pm25_p90": null,
        "fire_share": null,
        "fire_share_p10": null,
        "fire_share_p90": null,
        "top_sources": [],
        "hpbl_m": null
      }
    },
    {
      "type": "Feature",
      "geometry": {
        "type": "Polygon",
        "coordinates": [
          [
            [
              77.52921568300397,
              28.355744130872335
            ],
            [
              77.53501508736764,
              28.34425724593801
            ],
            [
              77.54987415040371,
              28.342966234745663
            ],
            [
              77.55893847628091,
              28.353161065643533
            ],
            [
              77.55314275526555,
              28.364649849248988
            ],
            [
              77.53827902384653,
              28.36594190358948
            ],
            [
              77.52921568300397,
              28.355744130872335
            ]
          ]
        ]
      },
      "properties": {
        "h3": "873da1769ffffff",
        "run_id": "2026-10-09T00Z",
        "valid_hour": "2026-10-10T02:00Z",
        "lead_h": 26,
        "pm25": 236,
        "pm25_p10": 189,
        "pm25_p90": 295,
        "fire_share": 0.239,
        "fire_share_p10": 0.172,
        "fire_share_p90": 0.311,
        "top_sources": [
          {
            "district": "Sangrur",
            "share": 0.12
          },
          {
            "district": "Patiala",
            "share": 0.07
          },
          {
            "district": "Bathinda",
            "share": 0.05
          }
        ],
        "hpbl_m": 405
      }
    },
    {
      "type": "Feature",
      "geometry": {
        "type": "Polygon",
        "coordinates": [
          [
            [
              77.51506376394792,
              28.41190995665621
            ],
            [
              77.5208707072813,
              28.400415856548975
            ],
            [
              77.53574309367956,
              28.39912456266595
            ],
            [
              77.54481321274976,
              28.409326326870843
            ],
            [
              77.53900995737996,
              28.420822327244878
            ],
            [
              77.52413289379473,
              28.42211466345108
            ],
            [
              77.51506376394792,
              28.41190995665621
            ]
          ]
        ]
      },
      "properties": {
        "h3": "873da139cffffff",
        "run_id": "2026-10-09T00Z",
        "valid_hour": "2026-10-10T02:00Z",
        "lead_h": 26,
        "pm25": 263,
        "pm25_p10": 210,
        "pm25_p90": 329,
        "fire_share": 0.266,
        "fire_share_p10": 0.192,
        "fire_share_p90": 0.346,
        "top_sources": [
          {
            "district": "Sangrur",
            "share": 0.133
          },
          {
            "district": "Patiala",
            "share": 0.078
          },
          {
            "district": "Bathinda",
            "share": 0.055
          }
        ],
        "hpbl_m": 343
      }
    },
    {
      "type": "Feature",
      "geometry": {
        "type": "Polygon",
        "coordinates": [
          [
            [
              77.52158766743355,
              28.455318664866105
            ],
            [
              77.5273971857285,
              28.44381849727907
            ],
            [
              77.5422789293448,
              28.442525118031472
            ],
            [
              77.55135583636012,
              28.452730862915374
            ],
            [
              77.54555001159429,
              28.464232930330045
            ],
            [
              77.5306635851003,
              28.465527353337414
            ],
            [
              77.52158766743355,
              28.455318664866105
            ]
          ]
        ]
      },
      "properties": {
        "h3": "873da1381ffffff",
        "run_id": "2026-10-09T00Z",
        "valid_hour": "2026-10-10T02:00Z",
        "lead_h": 26,
        "pm25": 264,
        "pm25_p10": 211,
        "pm25_p90": 330,
        "fire_share": 0.227,
        "fire_share_p10": 0.163,
        "fire_share_p90": 0.295,
        "top_sources": [
          {
            "district": "Sangrur",
            "share": 0.114
          },
          {
            "district": "Patiala",
            "share": 0.066
          },
          {
            "district": "Bathinda",
            "share": 0.047
          }
        ],
        "hpbl_m": 365
      }
    },
    {
      "type": "Feature",
      "geometry": {
        "type": "Polygon",
        "coordinates": [
          [
            [
              77.50740781030466,
              28.51154845697268
            ],
            [
              77.51322489231403,
              28.500041104537065
            ],
            [
              77.52811999901526,
              28.498747454020492
            ],
            [
              77.53720271424166,
              28.508960113321212
            ],
            [
              77.53138933039443,
              28.520469367176712
            ],
            [
              77.51648953197146,
              28.52176406061565
            ],
            [
              77.50740781030466,
              28.51154845697268
            ]
          ]
        ]
      },
      "properties": {
        "h3": "873da13acffffff",
        "run_id": "2026-10-09T00Z",
        "valid_hour": "2026-10-10T02:00Z",
        "lead_h": 26,
        "pm25": 272,
        "pm25_p10": 218,
        "pm25_p90": 340,
        "fire_share": 0.254,
        "fire_share_p10": 0.183,
        "fire_share_p90": 0.33,
        "top_sources": [
          {
            "district": "Sangrur",
            "share": 0.127
          },
          {
            "district": "Patiala",
            "share": 0.074
          },
          {
            "district": "Bathinda",
            "share": 0.053
          }
        ],
        "hpbl_m": 397
      }
    },
    {
      "type": "Feature",
      "geometry": {
        "type": "Polygon",
        "coordinates": [
          [
            [
              77.51393661515677,
              28.555005423880377
            ],
            [
              77.5197562818632,
              28.543492023500555
            ],
            [
              77.53466077486553,
              28.542196286422207
            ],
            [
              77.54375029741153,
              28.552412905671588
            ],
            [
              77.5379343344565,
              28.56392820702407
            ],
            [
              77.52302514401472,
              28.565224988458972
            ],
            [
              77.51393661515677,
              28.555005423880377
            ]
          ]
        ]
      },
      "properties": {
        "h3": "873da1311ffffff",
        "run_id": "2026-10-09T00Z",
        "valid_hour": "2026-10-10T02:00Z",
        "lead_h": 26,
        "pm25": 278,
        "pm25_p10": 222,
        "pm25_p90": 348,
        "fire_share": 0.251,
        "fire_share_p10": 0.181,
        "fire_share_p90": 0.326,
        "top_sources": [
          {
            "district": "Sangrur",
            "share": 0.126
          },
          {
            "district": "Patiala",
            "share": 0.073
          },
          {
            "district": "Bathinda",
            "share": 0.052
          }
        ],
        "hpbl_m": 399
      }
    },
    {
      "type": "Feature",
      "geometry": {
        "type": "Polygon",
        "coordinates": [
          [
            [
              77.52374566632798,
              28.620228362824182
            ],
            [
              77.52956921321167,
              28.608705905623495
            ],
            [
              77.54448780712276,
              28.607407033323614
            ],
            [
              77.55358755899253,
              28.617629572020824
            ],
            [
              77.54776772426685,
              28.629153929513894
            ],
            [
              77.53284442432088,
              28.63045384832244
            ],
            [
              77.52374566632798,
              28.620228362824182
            ]
          ]
        ]
      },
      "properties": {
        "h3": "873da1305ffffff",
        "run_id": "2026-10-09T00Z",
        "valid_hour": "2026-10-10T02:00Z",
        "lead_h": 26,
        "pm25": 288,
        "pm25_p10": 230,
        "pm25_p90": 360,
        "fire_share": 0.257,
        "fire_share_p10": 0.185,
        "fire_share_p90": 0.334,
        "top_sources": [
          {
            "district": "Sangrur",
            "share": 0.129
          },
          {
            "district": "Patiala",
            "share": 0.075
          },
          {
            "district": "Bathinda",
            "share": 0.054
          }
        ],
        "hpbl_m": 347
      }
    },
    {
      "type": "Feature",
      "geometry": {
        "type": "Polygon",
        "coordinates": [
          [
            [
              77.53029562006141,
              28.66373525905036
            ],
            [
              77.53612175581739,
              28.652206774080533
            ],
            [
              77.5510497646684,
              28.65090580804574
            ],
            [
              77.56015634834661,
              28.66113227934228
            ],
            [
              77.55433393036826,
              28.672662664144667
            ],
            [
              77.53940120973948,
              28.673964678123422
            ],
            [
              77.53029562006141,
              28.66373525905036
            ]
          ]
        ]
      },
      "properties": {
        "h3": "873da132cffffff",
        "run_id": "2026-10-09T00Z",
        "valid_hour": "2026-10-10T02:00Z",
        "lead_h": 26,
        "pm25": 277,
        "pm25_p10": 222,
        "pm25_p90": 346,
        "fire_share": 0.276,
        "fire_share_p10": 0.199,
        "fire_share_p90": 0.359,
        "top_sources": [
          {
            "district": "Sangrur",
            "share": 0.138
          },
          {
            "district": "Patiala",
            "share": 0.081
          },
          {
            "district": "Bathinda",
            "share": 0.058
          }
        ],
        "hpbl_m": 367
      }
    },
    {
      "type": "Feature",
      "geometry": {
        "type": "Polygon",
        "coordinates": [
          [
            [
              77.51607886083447,
              28.72009889177488
            ],
            [
              77.52191260548747,
              28.708563281814385
            ],
            [
              77.53685406183016,
              28.70726206028005
            ],
            [
              77.54596649302673,
              28.717495401924637
            ],
            [
              77.54013647083174,
              28.72903291329913
            ],
            [
              77.525190293784,
              28.730335181920296
            ],
            [
              77.51607886083447,
              28.72009889177488
            ]
          ]
        ]
      },
      "properties": {
        "h3": "873da1ad5ffffff",
        "run_id": "2026-10-09T00Z",
        "valid_hour": "2026-10-10T02:00Z",
        "lead_h": 26,
        "pm25": 286,
        "pm25_p10": 229,
        "pm25_p90": 358,
        "fire_share": 0.285,
        "fire_share_p10": 0.205,
        "fire_share_p90": 0.371,
        "top_sources": [
          {
            "district": "Sangrur",
            "share": 0.143
          },
          {
            "district": "Patiala",
            "share": 0.083
          },
          {
            "district": "Bathinda",
            "share": 0.059
          }
        ],
        "hpbl_m": 415
      }
    },
    {
      "type": "Feature",
      "geometry": {
        "type": "Polygon",
        "coordinates": [
          [
            [
              77.52263376399267,
              28.763653662427895
            ],
            [
              77.52847010733544,
              28.75211204461033
            ],
            [
              77.54342100797207,
              28.75080872818597
            ],
            [
              77.55254029054099,
              28.761045981365186
            ],
            [
              77.54670767529991,
              28.772589500128923
            ],
            [
              77.53175204818797,
              28.77389386507295
            ],
            [
              77.52263376399267,
              28.763653662427895
            ]
          ]
        ]
      },
      "properties": {
        "h3": "873da1ac4ffffff",
        "run_id": "2026-10-09T00Z",
        "valid_hour": "2026-10-10T02:00Z",
        "lead_h": 26,
        "pm25": 266,
        "pm25_p10": 213,
        "pm25_p90": 333,
        "fire_share": 0.259,
        "fire_share_p10": 0.186,
        "fire_share_p90": 0.337,
        "top_sources": [
          {
            "district": "Sangrur",
            "share": 0.13
          },
          {
            "district": "Patiala",
            "share": 0.076
          },
          {
            "district": "Bathinda",
            "share": 0.054
          }
        ],
        "hpbl_m": 385
      }
    },
    {
      "type": "Feature",
      "geometry": {
        "type": "Polygon",
        "coordinates": [
          [
            [
              77.50838880893834,
              28.820080527915984
            ],
            [
              77.5142327862684,
              28.808531816230293
            ],
            [
              77.5291971746765,
              28.80722825595866
            ],
            [
              77.53832231999405,
              28.81747236002818
            ],
            [
              77.53248207546416,
              28.82902297423813
            ],
            [
              77.51751295161267,
              28.830327582159793
            ],
            [
              77.50838880893834,
              28.820080527915984
            ]
          ]
        ]
      },
      "properties": {
        "h3": "873da1ae5ffffff",
        "run_id": "2026-10-09T00Z",
        "valid_hour": "2026-10-10T02:00Z",
        "lead_h": 26,
        "pm25": 265,
        "pm25_p10": 212,
        "pm25_p90": 331,
        "fire_share": 0.249,
        "fire_share_p10": 0.179,
        "fire_share_p90": 0.324,
        "top_sources": [
          {
            "district": "Sangrur",
            "share": 0.125
          },
          {
            "district": "Patiala",
            "share": 0.073
          },
          {
            "district": "Bathinda",
            "share": 0.052
          }
        ],
        "hpbl_m": 316
      }
    },
    {
      "type": "Feature",
      "geometry": {
        "type": "Polygon",
        "coordinates": [
          [
            [
              77.51494866120363,
              28.863682989475652
            ],
            [
              77.52079524709434,
              28.852128290029167
            ],
            [
              77.53576910928679,
              28.850822633742357
            ],
            [
              77.54490112562372,
              28.86107062812754
            ],
            [
              77.53905827820107,
              28.87262722962251
            ],
            [
              77.52407967476746,
              28.873933934989683
            ],
            [
              77.51494866120363,
              28.863682989475652
            ]
          ]
        ]
      },
      "properties": {
        "h3": "873da1a54ffffff",
        "run_id": "2026-10-09T00Z",
        "valid_hour": "2026-10-10T02:00Z",
        "lead_h": 26,
        "pm25": 266,
        "pm25_p10": 213,
        "pm25_p90": 333,
        "fire_share": 0.231,
        "fire_share_p10": 0.166,
        "fire_share_p90": 0.3,
        "top_sources": [
          {
            "district": "Sangrur",
            "share": 0.116
          },
          {
            "district": "Patiala",
            "share": 0.067
          },
          {
            "district": "Bathinda",
            "share": 0.048
          }
        ],
        "hpbl_m": 308
      }
    },
    {
      "type": "Feature",
      "geometry": {
        "type": "Polygon",
        "coordinates": [
          [
            [
              77.52480443301116,
              28.929123682298023
            ],
            [
              77.53065493491741,
              28.917560016747704
            ],
            [
              77.5456430295441,
              28.916251211073725
            ],
            [
              77.55478537101237,
              28.926505020029925
            ],
            [
              77.5489386160992,
              28.93807058690565
            ],
            [
              77.53394577151546,
              28.93938044380627
            ],
            [
              77.52480443301116,
              28.929123682298023
            ]
          ]
        ]
      },
      "properties": {
        "h3": "873da1a62ffffff",
        "run_id": "2026-10-09T00Z",
        "valid_hour": "2026-10-10T02:00Z",
        "lead_h": 26,
        "pm25": 239,
        "pm25_p10": 191,
        "pm25_p90": 299,
        "fire_share": 0.255,
        "fire_share_p10": 0.184,
        "fire_share_p90": 0.332,
        "top_sources": [
          {
            "district": "Sangrur",
            "share": 0.128
          },
          {
            "district": "Patiala",
            "share": 0.074
          },
          {
            "district": "Bathinda",
            "share": 0.053
          }
        ],
        "hpbl_m": 320
      }
    },
    {
      "type": "Feature",
      "geometry": {
        "type": "Polygon",
        "coordinates": [
          [
            [
              77.58788588013883,
              28.295738100457783
            ],
            [
              77.59366912767739,
              28.28425770517894
            ],
            [
              77.6085115911614,
              28.282962365094036
            ],
            [
              77.61757546211888,
              28.29314637140624
            ],
            [
              77.61179589793947,
              28.304628659488042
            ],
            [
              77.59694877827053,
              28.30592504876031
            ],
            [
              77.58788588013883,
              28.295738100457783
            ]
          ]
        ]
      },
      "properties": {
        "h3": "873da1296ffffff",
        "run_id": "2026-10-09T00Z",
        "valid_hour": "2026-10-10T02:00Z",
        "lead_h": 26,
        "pm25": null,
        "pm25_p10": null,
        "pm25_p90": null,
        "fire_share": null,
        "fire_share_p10": null,
        "fire_share_p90": null,
        "top_sources": [],
        "hpbl_m": null
      }
    },
    {
      "type": "Feature",
      "geometry": {
        "type": "Polygon",
        "coordinates": [
          [
            [
              77.57379822525489,
              28.351867212798666
            ],
            [
              77.57958898191617,
              28.340379574766565
            ],
            [
              77.59444474664049,
              28.33908392697422
            ],
            [
              77.60351441848941,
              28.34927486913572
            ],
            [
              77.59772734981318,
              28.360764401560672
            ],
            [
              77.5828669201266,
              28.362061097736685
            ],
            [
              77.57379822525489,
              28.351867212798666
            ]
          ]
        ]
      },
      "properties": {
        "h3": "873da12b0ffffff",
        "run_id": "2026-10-09T00Z",
        "valid_hour": "2026-10-10T02:00Z",
        "lead_h": 26,
        "pm25": null,
        "pm25_p10": null,
        "pm25_p90": null,
        "fire_share": null,
        "fire_share_p10": null,
        "fire_share_p90": null,
        "top_sources": [],
        "hpbl_m": null
      }
    },
    {
      "type": "Feature",
      "geometry": {
        "type": "Polygon",
        "coordinates": [
          [
            [
              77.58035365982155,
              28.395241376144934
            ],
            [
              77.58614697148285,
              28.383747656095395
            ],
            [
              77.60101206896287,
              28.382449910812582
            ],
            [
              77.61008852423016,
              28.39264483605508
            ],
            [
              77.60429890611454,
              28.40414045005448
            ],
            [
              77.58942913800749,
              28.405439245167372
            ],
            [
              77.58035365982155,
              28.395241376144934
            ]
          ]
        ]
      },
      "properties": {
        "h3": "873da12a6ffffff",
        "run_id": "2026-10-09T00Z",
        "valid_hour": "2026-10-10T02:00Z",
        "lead_h": 26,
        "pm25": 233,
        "pm25_p10": 186,
        "pm25_p90": 291,
        "fire_share": 0.249,
        "fire_share_p10": 0.179,
        "fire_share_p90": 0.324,
        "top_sources": [
          {
            "district": "Sangrur",
            "share": 0.125
          },
          {
            "district": "Patiala",
            "share": 0.073
          },
          {
            "district": "Bathinda",
            "share": 0.052
          }
        ],
        "hpbl_m": 336
      }
    },
    {
      "type": "Feature",
      "geometry": {
        "type": "Polygon",
        "coordinates": [
          [
            [
              77.59020267746024,
              28.460340324927216
            ],
            [
              77.59599982466473,
              28.44883749670833
            ],
            [
              77.61087894253657,
              28.447536599765048
            ],
            [
              77.61996559116513,
              28.45773747934652
            ],
            [
              77.61417214586976,
              28.469242200841244
            ],
            [
              77.59928834885515,
              28.4705441497851
            ],
            [
              77.59020267746024,
              28.460340324927216
            ]
          ]
        ]
      },
      "properties": {
        "h3": "873da1389ffffff",
        "run_id": "2026-10-09T00Z",
        "valid_hour": "2026-10-10T02:00Z",
        "lead_h": 26,
        "pm25": 257,
        "pm25_p10": 206,
        "pm25_p90": 321,
        "fire_share": 0.222,
        "fire_share_p10": 0.16,
        "fire_share_p90": 0.289,
        "top_sources": [
          {
            "district": "Sangrur",
            "share": 0.111
          },
          {
            "district": "Patiala",
            "share": 0.065
          },
          {
            "district": "Bathinda",
            "share": 0.046
          }
        ],
        "hpbl_m": 415
      }
    },
    {
      "type": "Feature",
      "geometry": {
        "type": "Polygon",
        "coordinates": [
          [
            [
              77.57608211187474,
              28.51657591966568
            ],
            [
              77.5818868048438,
              28.50506589606184
            ],
            [
              77.59677929006797,
              28.503764705170145
            ],
            [
              77.60587176912341,
              28.513972487008385
            ],
            [
              77.60007078272481,
              28.52548440547004
            ],
            [
              77.58517360951522,
              28.526786647541897
            ],
            [
              77.57608211187474,
              28.51657591966568
            ]
          ]
        ]
      },
      "properties": {
        "h3": "873da1234ffffff",
        "run_id": "2026-10-09T00Z",
        "valid_hour": "2026-10-10T02:00Z",
        "lead_h": 26,
        "pm25": 258,
        "pm25_p10": 206,
        "pm25_p90": 323,
        "fire_share": 0.229,
        "fire_share_p10": 0.165,
        "fire_share_p90": 0.298,
        "top_sources": [
          {
            "district": "Sangrur",
            "share": 0.115
          },
          {
            "district": "Patiala",
            "share": 0.067
          },
          {
            "district": "Bathinda",
            "share": 0.048
          }
        ],
        "hpbl_m": 352
      }
    },
    {
      "type": "Feature",
      "geometry": {
        "type": "Polygon",
        "coordinates": [
          [
            [
              77.58265527822422,
              28.560028474437402
            ],
            [
              77.5884625382863,
              28.548512400226922
            ],
            [
              77.6033644023334,
              28.54720910625261
            ],
            [
              77.6124636988233,
              28.55742083417061
            ],
            [
              77.60666015093422,
              28.56893880278025
            ],
            [
              77.59175359319507,
              28.57024314937941
            ],
            [
              77.58265527822422,
              28.560028474437402
            ]
          ]
        ]
      },
      "properties": {
        "h3": "873da1319ffffff",
        "run_id": "2026-10-09T00Z",
        "valid_hour": "2026-10-10T02:00Z",
        "lead_h": 26,
        "pm25": 257,
        "pm25_p10": 206,
        "pm25_p90": 321,
        "fire_share": 0.24,
        "fire_share_p10": 0.173,
        "fire_share_p90": 0.312,
        "top_sources": [
          {
            "district": "Sangrur",
            "share": 0.12
          },
          {
            "district": "Patiala",
            "share": 0.07
          },
          {
            "district": "Bathinda",
            "share": 0.05
          }
        ],
        "hpbl_m": 386
      }
    },
    {
      "type": "Feature",
      "geometry": {
        "type": "Polygon",
        "coordinates": [
          [
            [
              77.56850684554477,
              28.616327822571254
            ],
            [
              77.57432167616231,
              28.604804583521652
            ],
            [
              77.58923694749309,
              28.603501007026505
            ],
            [
              77.59834208959069,
              28.6137196180954
            ],
            [
              77.59253097582551,
              28.625244753122665
            ],
            [
              77.5776110019197,
              28.626549381409845
            ],
            [
              77.56850684554477,
              28.616327822571254
            ]
          ]
        ]
      },
      "properties": {
        "h3": "873da130cffffff",
        "run_id": "2026-10-09T00Z",
        "valid_hour": "2026-10-10T02:00Z",
        "lead_h": 26,
        "pm25": 268,
        "pm25_p10": 214,
        "pm25_p90": 335,
        "fire_share": 0.265,
        "fire_share_p10": 0.191,
        "fire_share_p90": 0.345,
        "top_sources": [
          {
            "district": "Sangrur",
            "share": 0.133
          },
          {
            "district": "Patiala",
            "share": 0.077
          },
          {
            "district": "Bathinda",
            "share": 0.055
          }
        ],
        "hpbl_m": 380
      }
    },
    {
      "type": "Feature",
      "geometry": {
        "type": "Polygon",
        "coordinates": [
          [
            [
              77.57508504924901,
              28.659828430151766
            ],
            [
              77.58090245667036,
              28.64829916020093
            ],
            [
              77.59582713601681,
              28.64699347940066
            ],
            [
              77.60493911505787,
              28.657216015623867
            ],
            [
              77.5991254301154,
              28.66874718108571
            ],
            [
              77.58419604246016,
              28.670053915120235
            ],
            [
              77.57508504924901,
              28.659828430151766
            ]
          ]
        ]
      },
      "properties": {
        "h3": "873da1329ffffff",
        "run_id": "2026-10-09T00Z",
        "valid_hour": "2026-10-10T02:00Z",
        "lead_h": 26,
        "pm25": 271,
        "pm25_p10": 217,
        "pm25_p90": 339,
        "fire_share": 0.275,
        "fire_share_p10": 0.198,
        "fire_share_p90": 0.358,
        "top_sources": [
          {
            "district": "Sangrur",
            "share": 0.138
          },
          {
            "district": "Patiala",
            "share": 0.08
          },
          {
            "district": "Bathinda",
            "share": 0.057
          }
        ],
        "hpbl_m": 391
      }
    },
    {
      "type": "Feature",
      "geometry": {
        "type": "Polygon",
        "coordinates": [
          [
            [
              77.58496833964162,
              28.7251166352686
            ],
            [
              77.59078961535374,
              28.71357833420323
            ],
            [
              77.60572842824098,
              28.712269491536272
            ],
            [
              77.61485068114844,
              28.722497894843773
            ],
            [
              77.60903313637782,
              28.73403809071066
            ],
            [
              77.59408960656226,
              28.73534798877604
            ],
            [
              77.58496833964162,
              28.7251166352686
            ]
          ]
        ]
      },
      "properties": {
        "h3": "873da1addffffff",
        "run_id": "2026-10-09T00Z",
        "valid_hour": "2026-10-10T02:00Z",
        "lead_h": 26,
        "pm25": 258,
        "pm25_p10": 206,
        "pm25_p90": 323,
        "fire_share": 0.261,
        "fire_share_p10": 0.188,
        "fire_share_p90": 0.339,
        "top_sources": [
          {
            "district": "Sangrur",
            "share": 0.131
          },
          {
            "district": "Patiala",
            "share": 0.076
          },
          {
            "district": "Bathinda",
            "share": 0.054
          }
        ],
        "hpbl_m": 312
      }
    },
    {
      "type": "Feature",
      "geometry": {
        "type": "Polygon",
        "coordinates": [
          [
            [
              77.5915678803906,
              28.768666911897665
            ],
            [
              77.59739173701949,
              28.757122600295276
            ],
            [
              77.61233998664154,
              28.75581164610988
            ],
            [
              77.62146910112389,
              28.766043946993044
            ],
            [
              77.61564898109359,
              28.77759015291765
            ],
            [
              77.60069600878427,
              28.778902163944778
            ],
            [
              77.5915678803906,
              28.768666911897665
            ]
          ]
        ]
      },
      "properties": {
        "h3": "873da1accffffff",
        "run_id": "2026-10-09T00Z",
        "valid_hour": "2026-10-10T02:00Z",
        "lead_h": 26,
        "pm25": 258,
        "pm25_p10": 206,
        "pm25_p90": 323,
        "fire_share": 0.228,
        "fire_share_p10": 0.164,
        "fire_share_p90": 0.296,
        "top_sources": [
          {
            "district": "Sangrur",
            "share": 0.114
          },
          {
            "district": "Patiala",
            "share": 0.067
          },
          {
            "district": "Bathinda",
            "share": 0.048
          }
        ],
        "hpbl_m": 353
      }
    },
    {
      "type": "Feature",
      "geometry": {
        "type": "Polygon",
        "coordinates": [
          [
            [
              77.5773827705957,
              28.825099625916938
            ],
            [
              77.58321424300925,
              28.813548209790014
            ],
            [
              77.59817598472785,
              28.812236988836393
            ],
            [
              77.60731098448522,
              28.822476128328244
            ],
            [
              77.60148325339762,
              28.83402944034523
            ],
            [
              77.58651678002505,
              28.835341717288024
            ],
            [
              77.5773827705957,
              28.825099625916938
            ]
          ]
        ]
      },
      "properties": {
        "h3": "873da1aedffffff",
        "run_id": "2026-10-09T00Z",
        "valid_hour": "2026-10-10T02:00Z",
        "lead_h": 26,
        "pm25": 244,
        "pm25_p10": 195,
        "pm25_p90": 305,
        "fire_share": 0.268,
        "fire_share_p10": 0.193,
        "fire_share_p90": 0.348,
        "top_sources": [
          {
            "district": "Sangrur",
            "share": 0.134
          },
          {
            "district": "Patiala",
            "share": 0.078
          },
          {
            "district": "Bathinda",
            "share": 0.056
          }
        ],
        "hpbl_m": 361
      }
    },
    {
      "type": "Feature",
      "geometry": {
        "type": "Polygon",
        "coordinates": [
          [
            [
              77.58398739811514,
              28.868697567657453
            ],
            [
              77.58982146123782,
              28.857140161075236
            ],
            [
              77.60479266915628,
              28.855826827422923
            ],
            [
              77.61393455018869,
              28.866069843230974
            ],
            [
              77.6081042340733,
              28.877629145215998
            ],
            [
              77.59312828871444,
              28.8789435362983
            ],
            [
              77.58398739811514,
              28.868697567657453
            ]
          ]
        ]
      },
      "properties": {
        "h3": "873da1a5cffffff",
        "run_id": "2026-10-09T00Z",
        "valid_hour": "2026-10-10T02:00Z",
        "lead_h": 26,
        "pm25": 250,
        "pm25_p10": 200,
        "pm25_p90": 313,
        "fire_share": 0.254,
        "fire_share_p10": 0.183,
        "fire_share_p90": 0.33,
        "top_sources": [
          {
            "district": "Sangrur",
            "share": 0.127
          },
          {
            "district": "Patiala",
            "share": 0.074
          },
          {
            "district": "Bathinda",
            "share": 0.053
          }
        ],
        "hpbl_m": 355
      }
    },
    {
      "type": "Feature",
      "geometry": {
        "type": "Polygon",
        "coordinates": [
          [
            [
              77.56977416448444,
              28.925193295378197
            ],
            [
              77.57561586852906,
              28.913628815615308
            ],
            [
              77.59060060903641,
              28.91231522685321
            ],
            [
              77.59974839073988,
              28.922565061597062
            ],
            [
              77.59391043844822,
              28.934131438327263
            ],
            [
              77.57892095149278,
              28.93544608365425
            ],
            [
              77.56977416448444,
              28.925193295378197
            ]
          ]
        ]
      },
      "properties": {
        "h3": "873da1a45ffffff",
        "run_id": "2026-10-09T00Z",
        "valid_hour": "2026-10-10T02:00Z",
        "lead_h": 26,
        "pm25": null,
        "pm25_p10": null,
        "pm25_p90": null,
        "fire_share": null,
        "fire_share_p10": null,
        "fire_share_p90": null,
        "top_sources": [],
        "hpbl_m": null
      }
    }
  ]
}
